Step,Prediction
0.0,1.0
0.0002,1.000800371170044
0.0004,1.001600742340088
0.0006,1.0024020671844482
0.0008,1.0032038688659668
0.001,1.0040061473846436
0.0012,1.0048084259033203
0.0014,1.0056116580963135
0.0016,1.0064154863357544
0.0018,1.0072191953659058
0.002,1.008023977279663
0.0022,1.008829116821289
0.0024,1.0096347332000732
0.0026,1.0104405879974365
0.0028,1.011247158050537
0.003,1.0120540857315063
0.0032,1.0128618478775024
0.0034,1.0136693716049194
0.0036,1.0144779682159424
0.0038,1.0152870416641235
0.004,1.0160959959030151
0.0042,1.0169061422348022
0.0044,1.0177165269851685
0.0046,1.018527626991272
0.0048,1.0193384885787964
0.005,1.0201504230499268
0.0052,1.0209629535675049
0.0054,1.021775484085083
0.0056,1.022588849067688
0.0058,1.0234025716781616
0.006,1.0242170095443726
0.0062,1.025031328201294
0.0064,1.0258467197418213
0.0066,1.0266624689102173
0.0068,1.0274789333343506
0.007,1.0282952785491943
0.0072,1.0291125774383545
0.0074,1.0299302339553833
0.0076,1.0307482481002808
0.0078,1.031566858291626
0.008,1.0323861837387085
0.0082,1.0332058668136597
0.0084,1.0340256690979004
0.0086,1.0348461866378784
0.0088,1.0356675386428833
0.009,1.036488652229309
0.0092,1.0373109579086304
0.0094,1.0381335020065308
0.0096,1.0389567613601685
0.0098,1.0397799015045166
0.01,1.0406039953231812
0.0102,1.041428565979004
0.0104,1.0422536134719849
0.0106,1.043078899383545
0.0108,1.0439047813415527
0.011,1.0447314977645874
0.0112,1.045557975769043
0.0114,1.046385645866394
0.0116,1.0472137928009033
0.0118,1.0480422973632812
0.012,1.0488708019256592
0.0122,1.049700379371643
0.0124,1.0505304336547852
0.0126,1.0513603687286377
0.0128,1.0521912574768066
0.013,1.0530229806900024
0.0132,1.0538549423217773
0.0134,1.0546869039535522
0.0136,1.0555198192596436
0.0138,1.0563533306121826
0.014,1.0571871995925903
0.0142,1.0580211877822876
0.0144,1.0588561296463013
0.0146,1.0596915483474731
0.0148,1.060526967048645
0.015,1.0613634586334229
0.0152,1.0622004270553589
0.0154,1.0630378723144531
0.0156,1.0638751983642578
0.0158,1.0647135972976685
0.016,1.0655524730682373
0.0162,1.0663914680480957
0.0164,1.067231297492981
0.0166,1.0680718421936035
0.0168,1.0689127445220947
0.017,1.0697535276412964
0.0172,1.0705955028533936
0.0174,1.071437954902649
0.0176,1.0722806453704834
0.0178,1.073123574256897
0.018,1.073967456817627
0.0182,1.0748119354248047
0.0184,1.0756561756134033
0.0186,1.076501488685608
0.0188,1.0773473978042603
0.019,1.0781937837600708
0.0192,1.0790400505065918
0.0194,1.0798875093460083
0.0196,1.0807353258132935
0.0198,1.0815832614898682
0.02,1.0824320316314697
0.0202,1.0832815170288086
0.0204,1.0841312408447266
0.0206,1.0849812030792236
0.0208,1.0858319997787476
0.021,1.0866832733154297
0.0212,1.0875346660614014
0.0214,1.0883870124816895
0.0216,1.0892399549484253
0.0218,1.0900932550430298
0.022,1.0909465551376343
0.0222,1.0918009281158447
0.0224,1.0926557779312134
0.0226,1.0935112237930298
0.0228,1.0943666696548462
0.023,1.0952229499816895
0.0232,1.0960798263549805
0.0234,1.0969367027282715
0.0236,1.097794532775879
0.0238,1.098652958869934
0.024,1.0995118618011475
0.0242,1.1003707647323608
0.0244,1.101230502128601
0.0246,1.1020909547805786
0.0248,1.1029514074325562
0.025,1.10381281375885
0.0252,1.1046745777130127
0.0254,1.1055370569229126
0.0256,1.1063995361328125
0.0258,1.1072629690170288
0.026,1.1081268787384033
0.0262,1.1089911460876465
0.0264,1.1098557710647583
0.0266,1.1107211112976074
0.0268,1.1115871667861938
0.027,1.1124531030654907
0.0272,1.113319993019104
0.0274,1.114187479019165
0.0276,1.1150554418563843
0.0278,1.1159234046936035
0.028,1.1167924404144287
0.0282,1.117661952972412
0.0284,1.1185314655303955
0.0286,1.1194019317626953
0.0288,1.1202728748321533
0.029,1.121144413948059
0.0292,1.1220159530639648
0.0294,1.1228885650634766
0.0296,1.123761534690857
0.0298,1.124635100364685
0.03,1.1255086660385132
0.0302,1.1263833045959473
0.0304,1.12725830078125
0.0306,1.1281335353851318
0.0308,1.1290096044540405
0.031,1.1298861503601074
0.0312,1.130763292312622
0.0314,1.1316404342651367
0.0316,1.1325186491012573
0.0318,1.1333973407745361
0.032,1.1342759132385254
0.0322,1.1351555585861206
0.0324,1.136035680770874
0.0326,1.1369165182113647
0.0328,1.137797236442566
0.033,1.1386789083480835
0.0332,1.1395611763000488
0.0334,1.1404439210891724
0.0336,1.1413265466690063
0.0338,1.1422103643417358
0.034,1.1430946588516235
0.0342,1.1439790725708008
0.0344,1.1448643207550049
0.0346,1.1457502841949463
0.0348,1.1466364860534668
0.035,1.1475229263305664
0.0352,1.1484103202819824
0.0354,1.149298071861267
0.0356,1.1501859426498413
0.0358,1.1510748863220215
0.036,1.1519644260406494
0.0362,1.1528544425964355
0.0364,1.1537443399429321
0.0366,1.1546351909637451
0.0368,1.1555266380310059
0.037,1.1564182043075562
0.0372,1.1573107242584229
0.0374,1.1582038402557373
0.0376,1.15909743309021
0.0378,1.159990906715393
0.038,1.1608855724334717
0.0382,1.1617807149887085
0.0384,1.1626763343811035
0.0386,1.1635719537734985
0.0388,1.1644686460494995
0.039,1.1653658151626587
0.0392,1.1662628650665283
0.0394,1.1671611070632935
0.0396,1.1680598258972168
0.0398,1.168959140777588
0.04,1.1698583364486694
0.0402,1.1707587242126465
0.0404,1.1716594696044922
0.0406,1.172560691833496
0.0408,1.173462152481079
0.041,1.1743645668029785
0.0412,1.1752674579620361
0.0414,1.1761704683303833
0.0416,1.1770743131637573
0.0418,1.177978754043579
0.042,1.1788837909698486
0.0422,1.1797887086868286
0.0424,1.180694818496704
0.0426,1.1816011667251587
0.0428,1.182507872581482
0.043,1.183415412902832
0.0432,1.1843235492706299
0.0434,1.1852320432662964
0.0436,1.1861406564712524
0.0438,1.187050461769104
0.044,1.1879605054855347
0.0442,1.1888707876205444
0.0444,1.1897820234298706
0.0446,1.1906938552856445
0.0448,1.191606044769287
0.045,1.1925183534622192
0.0452,1.1934317350387573
0.0454,1.1943455934524536
0.0456,1.195259928703308
0.0458,1.1961742639541626
0.046,1.1970897912979126
0.0462,1.1980057954788208
0.0464,1.198921799659729
0.0466,1.1998387575149536
0.0468,1.200756311416626
0.047,1.2016743421554565
0.0472,1.202592372894287
0.0474,1.2035115957260132
0.0476,1.2044312953948975
0.0478,1.2053508758544922
0.048,1.2062715291976929
0.0482,1.2071928977966309
0.0484,1.2081146240234375
0.0486,1.2090363502502441
0.0488,1.2099591493606567
0.049,1.2108824253082275
0.0492,1.2118064165115356
0.0494,1.2127301692962646
0.0496,1.2136551141738892
0.0498,1.2145805358886719
0.05,1.2155060768127441
0.0502,1.2164325714111328
0.0504,1.2173595428466797
0.0506,1.2182872295379639
0.0508,1.2192147970199585
0.051,1.2201433181762695
0.0512,1.2210724353790283
0.0514,1.2220016717910767
0.0516,1.2229318618774414
0.0518,1.223862648010254
0.052,1.2247939109802246
0.0522,1.2257252931594849
0.0524,1.226657509803772
0.0526,1.2275903224945068
0.0528,1.2285233736038208
0.053,1.2294573783874512
0.0532,1.2303918600082397
0.0534,1.2313268184661865
0.0536,1.2322617769241333
0.0538,1.233197808265686
0.054,1.2341344356536865
0.0542,1.2350716590881348
0.0544,1.2360087633132935
0.0546,1.236946940422058
0.0548,1.237885594367981
0.055,1.2388243675231934
0.0552,1.2397642135620117
0.0554,1.2407045364379883
0.0556,1.241645336151123
0.0558,1.242586374282837
0.056,1.2435283660888672
0.0562,1.2444708347320557
0.0564,1.2454137802124023
0.0566,1.246356725692749
0.0568,1.2473009824752808
0.057,1.2482455968856812
0.0572,1.249190092086792
0.0574,1.2501357793807983
0.0576,1.2510820627212524
0.0578,1.2520288228988647
0.058,1.252975583076477
0.0582,1.2539234161376953
0.0584,1.2548719644546509
0.0586,1.2558201551437378
0.0588,1.2567697763442993
0.059,1.25771963596344
0.0592,1.2586703300476074
0.0594,1.2596207857131958
0.0596,1.2605724334716797
0.0598,1.2615245580673218
0.06,1.2624766826629639
0.0602,1.263429880142212
0.0604,1.2643836736679077
0.0606,1.2653380632400513
0.0608,1.2662924528121948
0.061,1.2672476768493652
0.0612,1.268203616142273
0.0614,1.2691601514816284
0.0616,1.2701165676116943
0.0618,1.2710741758346558
0.062,1.2720322608947754
0.0622,1.272990345954895
0.0624,1.2739495038986206
0.0626,1.274909257888794
0.0628,1.275869369506836
0.063,1.276829719543457
0.0632,1.277791142463684
0.0634,1.2787530422210693
0.0636,1.2797154188156128
0.0638,1.2806777954101562
0.064,1.2816414833068848
0.0642,1.2826054096221924
0.0644,1.283569574356079
0.0646,1.2845345735549927
0.0648,1.285500407218933
0.065,1.2864667177200317
0.0652,1.2874329090118408
0.0654,1.2884000539779663
0.0656,1.2893680334091187
0.0658,1.290336012840271
0.066,1.2913049459457397
0.0662,1.2922744750976562
0.0664,1.293244481086731
0.0666,1.2942144870758057
0.0668,1.2951855659484863
0.067,1.2961572408676147
0.0672,1.2971291542053223
0.0674,1.298101782798767
0.0676,1.2990751266479492
0.0678,1.300049066543579
0.068,1.3010228872299194
0.0682,1.3019979000091553
0.0684,1.3029735088348389
0.0686,1.3039488792419434
0.0688,1.304925560951233
0.069,1.3059027194976807
0.0692,1.3068804740905762
0.0694,1.3078582286834717
0.0696,1.3088370561599731
0.0698,1.3098163604736328
0.07,1.3107962608337402
0.0702,1.3117761611938477
0.0704,1.312757134437561
0.0706,1.3137388229370117
0.0708,1.3147202730178833
0.071,1.3157029151916504
0.0712,1.3166862726211548
0.0714,1.3176699876785278
0.0716,1.3186537027359009
0.0718,1.3196386098861694
0.072,1.3206239938735962
0.0722,1.3216099739074707
0.0724,1.3225959539413452
0.0726,1.3235830068588257
0.0728,1.3245705366134644
0.073,1.3255583047866821
0.0732,1.3265470266342163
0.0734,1.3275363445281982
0.0736,1.3285261392593384
0.0738,1.3295159339904785
0.074,1.3305068016052246
0.0742,1.331498384475708
0.0744,1.3324898481369019
0.0746,1.3334823846817017
0.0748,1.3344757556915283
0.075,1.335469365119934
0.0752,1.3364630937576294
0.0754,1.3374578952789307
0.0756,1.3384532928466797
0.0758,1.3394486904144287
0.076,1.3404452800750732
0.0762,1.3414421081542969
0.0764,1.3424397706985474
0.0766,1.3434375524520874
0.0768,1.3444361686706543
0.077,1.345435380935669
0.0772,1.3464351892471313
0.0774,1.3474349975585938
0.0776,1.348435878753662
0.0778,1.3494374752044678
0.078,1.3504389524459839
0.0782,1.351441502571106
0.0784,1.3524447679519653
0.0786,1.3534486293792725
0.0788,1.35445237159729
0.079,1.3554569482803345
0.0792,1.3564625978469849
0.0794,1.3574684858322144
0.0796,1.3584744930267334
0.0798,1.3594815731048584
0.08,1.3604891300201416
0.0802,1.3614968061447144
0.0804,1.3625054359436035
0.0806,1.36351478099823
0.0808,1.3645248413085938
0.081,1.3655346632003784
0.0812,1.3665457963943481
0.0814,1.367557406425476
0.0816,1.368568778038025
0.0818,1.3695814609527588
0.082,1.3705947399139404
0.0822,1.3716086149215698
0.0824,1.3726223707199097
0.0826,1.3736371994018555
0.0828,1.3746528625488281
0.083,1.3756684064865112
0.0832,1.3766849040985107
0.0834,1.3777021169662476
0.0836,1.3787200450897217
0.0838,1.3797374963760376
0.084,1.3807566165924072
0.0842,1.381775975227356
0.0844,1.3827954530715942
0.0846,1.3838160037994385
0.0848,1.3848371505737305
0.085,1.3858588933944702
0.0852,1.3868805170059204
0.0854,1.3879034519195557
0.0856,1.3889267444610596
0.0858,1.3899507522583008
0.086,1.390974760055542
0.0862,1.3919998407363892
0.0864,1.3930256366729736
0.0866,1.394051194190979
0.0868,1.3950779438018799
0.087,1.396105408668518
0.0872,1.397133469581604
0.0874,1.3981612920761108
0.0876,1.3991901874542236
0.0878,1.4002199172973633
0.088,1.4012501239776611
0.0882,1.4022804498672485
0.0884,1.4033116102218628
0.0886,1.404343605041504
0.0888,1.405375599861145
0.089,1.4064085483551025
0.0892,1.4074422121047974
0.0894,1.40847647190094
0.0896,1.4095104932785034
0.0898,1.4105459451675415
0.09,1.4115818738937378
0.0902,1.4126176834106445
0.0904,1.4136546850204468
0.0906,1.4146924018859863
0.0908,1.4157304763793945
0.091,1.4167685508728027
0.0912,1.4178080558776855
0.0914,1.4188477993011475
0.0916,1.419887661933899
0.0918,1.4209288358688354
0.092,1.4219703674316406
0.0922,1.4230124950408936
0.0924,1.424054741859436
0.0926,1.4250980615615845
0.0928,1.4261419773101807
0.093,1.4271864891052246
0.0932,1.428230881690979
0.0934,1.429276704788208
0.0936,1.4303226470947266
0.0938,1.4313689470291138
0.094,1.432416319847107
0.0942,1.4334642887115479
0.0944,1.434512734413147
0.0946,1.4355612993240356
0.0948,1.4366108179092407
0.095,1.4376611709594727
0.0952,1.4387117624282837
0.0954,1.4397625923156738
0.0956,1.4408146142959595
0.0958,1.4418672323226929
0.096,1.4429196119308472
0.0962,1.443973422050476
0.0964,1.4450275897979736
0.0966,1.4460824728012085
0.0968,1.4471372365951538
0.097,1.4481931924819946
0.0972,1.4492497444152832
0.0974,1.4503062963485718
0.0976,1.4513641595840454
0.0978,1.4524224996566772
0.098,1.4534811973571777
0.0982,1.4545400142669678
0.0984,1.4556001424789429
0.0986,1.4566608667373657
0.0988,1.4577213525772095
0.099,1.4587831497192383
0.0992,1.4598454236984253
0.0994,1.4609085321426392
0.0996,1.4619712829589844
0.0998,1.4630354642868042
0.1,1.4641001224517822
0.1002,1.4651647806167603
0.1004,1.4662306308746338
0.1006,1.467297077178955
0.1008,1.4683641195297241
0.101,1.4694310426712036
0.1012,1.4704991579055786
0.1014,1.471567988395691
0.1016,1.4726372957229614
0.1018,1.473706603050232
0.102,1.4747769832611084
0.1022,1.4758481979370117
0.1024,1.476919174194336
0.1026,1.4779914617538452
0.1028,1.4790642261505127
0.103,1.4801377058029175
0.1032,1.4812110662460327
0.1034,1.4822856187820435
0.1036,1.4833608865737915
0.1038,1.4844366312026978
0.104,1.4855122566223145
0.1042,1.4865891933441162
0.1044,1.4876667261123657
0.1046,1.4887441396713257
0.1048,1.4898227453231812
0.105,1.4909021854400635
0.1052,1.4919819831848145
0.1054,1.4930617809295654
0.1056,1.494142770767212
0.1058,1.4952244758605957
0.106,1.49630606174469
0.1062,1.4973887205123901
0.1064,1.4984722137451172
0.1066,1.499556303024292
0.1068,1.5006400346755981
0.107,1.501725196838379
0.1072,1.5028109550476074
0.1074,1.5038965940475464
0.1076,1.5049835443496704
0.1078,1.5060710906982422
0.108,1.5071591138839722
0.1082,1.5082471370697021
0.1084,1.5093364715576172
0.1086,1.5104262828826904
0.1088,1.5115166902542114
0.109,1.5126069784164429
0.1092,1.513698697090149
0.1094,1.5147908926010132
0.1096,1.5158830881118774
0.1098,1.5169764757156372
0.11,1.5180704593658447
0.1102,1.5191651582717896
0.1104,1.5202596187591553
0.1106,1.5213552713394165
0.1108,1.5224517583847046
0.111,1.5235487222671509
0.1112,1.5246455669403076
0.1114,1.5257437229156494
0.1116,1.5268423557281494
0.1118,1.527941107749939
0.112,1.529041051864624
0.1122,1.5301414728164673
0.1124,1.5312427282333374
0.1126,1.5323436260223389
0.1128,1.5334458351135254
0.113,1.5345487594604492
0.1132,1.535651683807373
0.1134,1.5367556810379028
0.1136,1.53786039352417
0.1138,1.5389655828475952
0.114,1.54007089138031
0.1142,1.5411772727966309
0.1144,1.542284369468689
0.1146,1.5433913469314575
0.1148,1.5444996356964111
0.115,1.545608401298523
0.1152,1.5467180013656616
0.1154,1.547827124595642
0.1156,1.5489379167556763
0.1158,1.5500491857528687
0.116,1.5511603355407715
0.1162,1.5522727966308594
0.1164,1.553385853767395
0.1166,1.5544993877410889
0.1168,1.5556129217147827
0.117,1.5567278861999512
0.1172,1.5578433275222778
0.1174,1.5589591264724731
0.1176,1.5600751638412476
0.1178,1.561192274093628
0.118,1.5623102188110352
0.1182,1.5634279251098633
0.1184,1.5645469427108765
0.1186,1.5656665563583374
0.1188,1.5667866468429565
0.119,1.5679069757461548
0.1192,1.569028377532959
0.1194,1.570150375366211
0.1196,1.5712729692459106
0.1198,1.5723955631256104
0.12,1.5735193490982056
0.1202,1.574643850326538
0.1204,1.575768232345581
0.1206,1.5768938064575195
0.1208,1.5780199766159058
0.121,1.5791468620300293
0.1212,1.5802737474441528
0.1214,1.5814017057418823
0.1216,1.5825304985046387
0.1218,1.5836589336395264
0.122,1.5847887992858887
0.1222,1.5859192609786987
0.1224,1.5870503187179565
0.1226,1.5881812572479248
0.1228,1.5893136262893677
0.123,1.5904464721679688
0.1232,1.5915793180465698
0.1234,1.592713475227356
0.1236,1.5938479900360107
0.1238,1.594983458518982
0.124,1.5961185693740845
0.1242,1.5972552299499512
0.1244,1.598392367362976
0.1246,1.5995299816131592
0.1248,1.6006677150726318
0.125,1.601806640625
0.1252,1.602946162223816
0.1254,1.6040862798690796
0.1256,1.6052265167236328
0.1258,1.606367826461792
0.126,1.607509970664978
0.1262,1.608651876449585
0.1264,1.6097949743270874
0.1266,1.6109387874603271
0.1268,1.612083077430725
0.127,1.6132276058197021
0.1272,1.6143730878829956
0.1274,1.6155195236206055
0.1276,1.6166656017303467
0.1278,1.6178131103515625
0.128,1.6189610958099365
0.1282,1.6201099157333374
0.1284,1.6212584972381592
0.1286,1.622408390045166
0.1288,1.6235588788986206
0.129,1.6247093677520752
0.1292,1.6258611679077148
0.1294,1.6270135641098022
0.1296,1.6281665563583374
0.1298,1.629319429397583
0.13,1.6304736137390137
0.1302,1.631628394126892
0.1304,1.6327831745147705
0.1306,1.6339391469955444
0.1308,1.6350959539413452
0.131,1.6362531185150146
0.1312,1.637410283088684
0.1314,1.6385687589645386
0.1316,1.6397279500961304
0.1318,1.640886902809143
0.132,1.6420472860336304
0.1322,1.6432081460952759
0.1324,1.6443697214126587
0.1326,1.6455312967300415
0.1328,1.6466941833496094
0.133,1.6478575468063354
0.1332,1.6490216255187988
0.1334,1.6501855850219727
0.1336,1.6513508558273315
0.1338,1.6525167226791382
0.134,1.6536831855773926
0.1342,1.654849648475647
0.1344,1.6560173034667969
0.1346,1.6571857929229736
0.1348,1.6583540439605713
0.135,1.659523606300354
0.1352,1.660693883895874
0.1354,1.6618646383285522
0.1356,1.6630353927612305
0.1358,1.6642075777053833
0.136,1.6653802394866943
0.1362,1.6665527820587158
0.1364,1.6677266359329224
0.1366,1.6689012050628662
0.1368,1.6700764894485474
0.137,1.6712515354156494
0.1372,1.6724278926849365
0.1374,1.673604965209961
0.1376,1.6747819185256958
0.1378,1.6759601831436157
0.138,1.6771390438079834
0.1382,1.6783185005187988
0.1384,1.6794979572296143
0.1386,1.6806787252426147
0.1388,1.681860089302063
0.139,1.6830414533615112
0.1392,1.684224009513855
0.1394,1.685407280921936
0.1396,1.6865912675857544
0.1398,1.687774896621704
0.14,1.6889601945877075
0.1402,1.6901458501815796
0.1404,1.691332221031189
0.1406,1.6925184726715088
0.1408,1.6937060356140137
0.141,1.6948943138122559
0.1412,1.6960831880569458
0.1414,1.6972719430923462
0.1416,1.6984620094299316
0.1418,1.6996527910232544
0.142,1.7008435726165771
0.1422,1.7020355463027954
0.1424,1.7032281160354614
0.1426,1.7044212818145752
0.1428,1.705614447593689
0.143,1.7068090438842773
0.1432,1.7080042362213135
0.1434,1.70919930934906
0.1436,1.7103955745697021
0.1438,1.7115925550460815
0.144,1.7127902507781982
0.1442,1.7139878273010254
0.1444,1.7151867151260376
0.1446,1.7163861989974976
0.1448,1.717585563659668
0.145,1.7187864780426025
0.1452,1.7199877500534058
0.1454,1.7211898565292358
0.1456,1.722391963005066
0.1458,1.723595142364502
0.146,1.7247991561889648
0.1462,1.7260029315948486
0.1464,1.727208137512207
0.1466,1.7284138202667236
0.1468,1.7296204566955566
0.147,1.730826735496521
0.1472,1.73203444480896
0.1474,1.7332427501678467
0.1476,1.7344510555267334
0.1478,1.7356606721878052
0.148,1.7368708848953247
0.1482,1.7380818128585815
0.1484,1.7392925024032593
0.1486,1.7405048608779907
0.1488,1.7417175769805908
0.149,1.7429310083389282
0.1492,1.744144320487976
0.1494,1.7453590631484985
0.1496,1.7465742826461792
0.1498,1.7477902173995972
0.15,1.7490061521530151
0.1502,1.7502232789993286
0.1504,1.751441240310669
0.1506,1.7526590824127197
0.1508,1.7538779973983765
0.151,1.7550978660583496
0.1512,1.756318211555481
0.1514,1.7575384378433228
0.1516,1.7587603330612183
0.1518,1.7599825859069824
0.152,1.761204719543457
0.1522,1.7624282836914062
0.1524,1.7636525630950928
0.1526,1.764877438545227
0.1528,1.7661020755767822
0.153,1.7673282623291016
0.1532,1.7685550451278687
0.1534,1.7697817087173462
0.1536,1.7710096836090088
0.1538,1.7722384929656982
0.154,1.7734676599502563
0.1542,1.774696946144104
0.1544,1.7759276628494263
0.1546,1.7771589756011963
0.1548,1.7783899307250977
0.155,1.7796225547790527
0.1552,1.7808557748794556
0.1554,1.7820894718170166
0.1556,1.783323049545288
0.1558,1.7845582962036133
0.156,1.7857940196990967
0.1562,1.7870303392410278
0.1564,1.788266658782959
0.1566,1.7895044088363647
0.1568,1.7907425165176392
0.157,1.79198157787323
0.1572,1.7932204008102417
0.1574,1.794460654258728
0.1576,1.7957013845443726
0.1578,1.796942114830017
0.158,1.7981843948364258
0.1582,1.7994272708892822
0.1584,1.8006706237792969
0.1586,1.801914095878601
0.1588,1.8031586408615112
0.159,1.8044042587280273
0.1592,1.8056492805480957
0.1594,1.8068960905075073
0.1596,1.8081433773040771
0.1598,1.8093912601470947
0.16,1.8106390237808228
0.1602,1.8118884563446045
0.1604,1.8131383657455444
0.1606,1.8143880367279053
0.1608,1.8156392574310303
0.161,1.816891074180603
0.1612,1.818143606185913
0.1614,1.8193960189819336
0.1616,1.8206497430801392
0.1618,1.8219040632247925
0.162,1.8231583833694458
0.1622,1.8244142532348633
0.1624,1.825670599937439
0.1626,1.826927661895752
0.1628,1.8281844854354858
0.163,1.8294428586959839
0.1632,1.8307017087936401
0.1634,1.831960678100586
0.1636,1.8332209587097168
0.1638,1.8344818353652954
0.164,1.8357434272766113
0.1642,1.8370047807693481
0.1644,1.8382678031921387
0.1646,1.8395311832427979
0.1648,1.8407953977584839
0.165,1.8420594930648804
0.1652,1.8433250188827515
0.1654,1.8445911407470703
0.1656,1.8458577394485474
0.1658,1.8471245765686035
0.166,1.8483926057815552
0.1662,1.8496613502502441
0.1664,1.850929856300354
0.1666,1.8521997928619385
0.1668,1.8534706830978394
0.167,1.8547420501708984
0.1672,1.8560131788253784
0.1674,1.8572858572006226
0.1676,1.8585591316223145
0.1678,1.859832525253296
0.168,1.8611069917678833
0.1682,1.862382173538208
0.1684,1.8636581897735596
0.1686,1.8649340867996216
0.1688,1.866211175918579
0.169,1.8674890995025635
0.1692,1.8687669038772583
0.1694,1.8700460195541382
0.1696,1.871325969696045
0.1698,1.872606635093689
0.17,1.873887062072754
0.1702,1.875168800354004
0.1704,1.8764512538909912
0.1706,1.8777337074279785
0.1708,1.8790174722671509
0.171,1.880301833152771
0.1712,1.881587028503418
0.1714,1.8828719854354858
0.1716,1.8841584920883179
0.1718,1.8854455947875977
0.172,1.8867334127426147
0.1722,1.8880209922790527
0.1724,1.8893100023269653
0.1726,1.8905997276306152
0.1728,1.891890287399292
0.173,1.8931804895401
0.1732,1.894472360610962
0.1734,1.8957645893096924
0.1736,1.8970568180084229
0.1738,1.898350477218628
0.174,1.8996449708938599
0.1742,1.90093994140625
0.1744,1.9022347927093506
0.1746,1.9035310745239258
0.1748,1.9048280715942383
0.175,1.9061251878738403
0.1752,1.907423496246338
0.1754,1.9087225198745728
0.1756,1.9100221395492554
0.1758,1.9113215208053589
0.176,1.9126226902008057
0.1762,1.9139243364334106
0.1764,1.915225863456726
0.1766,1.9165287017822266
0.1768,1.9178324937820435
0.177,1.919136881828308
0.1772,1.920440912246704
0.1774,1.9217466115951538
0.1776,1.9230530261993408
0.1778,1.9243590831756592
0.178,1.9256668090820312
0.1782,1.9269750118255615
0.1784,1.9282840490341187
0.1786,1.9295927286148071
0.1788,1.9309031963348389
0.179,1.9322140216827393
0.1792,1.9335249662399292
0.1794,1.9348373413085938
0.1796,1.9361501932144165
0.1798,1.9374637603759766
0.18,1.938778281211853
0.1802,1.9400923252105713
0.1804,1.9414080381393433
0.1806,1.942724347114563
0.1808,1.9440405368804932
0.181,1.9453582763671875
0.1812,1.94667649269104
0.1814,1.9479955434799194
0.1816,1.9493143558502197
0.1818,1.9506348371505737
0.182,1.9519556760787964
0.1822,1.953276515007019
0.1824,1.9545989036560059
0.1826,1.9559218883514404
0.1828,1.9572457075119019
0.183,1.9585691690444946
0.1832,1.9598941802978516
0.1834,1.961220145225525
0.1836,1.9625455141067505
0.1838,1.9638726711273193
0.184,1.9652003049850464
0.1842,1.9665288925170898
0.1844,1.9678571224212646
0.1846,1.969186782836914
0.1848,1.9705171585083008
0.185,1.971847414970398
0.1852,1.9731792211532593
0.1854,1.974511742591858
0.1856,1.9758448600769043
0.1858,1.9771777391433716
0.186,1.978512167930603
0.1862,1.9798473119735718
0.1864,1.9811824560165405
0.1866,1.9825190305709839
0.1868,1.983855962753296
0.187,1.9851937294006348
0.1872,1.9865316152572632
0.1874,1.987870693206787
0.1876,1.9892107248306274
0.1878,1.990551233291626
0.188,1.991891622543335
0.1882,1.993233561515808
0.1884,1.994576096534729
0.1886,1.9959193468093872
0.1888,1.9972625970840454
0.189,1.9986071586608887
0.1892,1.9999524354934692
0.1894,2.0012974739074707
0.1896,2.0026443004608154
0.1898,2.0039916038513184
0.19,2.0053396224975586
0.1902,2.0066874027252197
0.1904,2.0080368518829346
0.1906,2.0093867778778076
0.1908,2.0107367038726807
0.191,2.0120882987976074
0.1912,2.0134403705596924
0.1914,2.0147931575775146
0.1916,2.016145706176758
0.1918,2.0174999237060547
0.192,2.0188546180725098
0.1922,2.020209312438965
0.1924,2.0215654373168945
0.1926,2.0229225158691406
0.1928,2.024280071258545
0.193,2.02563738822937
0.1932,2.026996374130249
0.1934,2.0283560752868652
0.1936,2.0297155380249023
0.1938,2.031076431274414
0.194,2.032438039779663
0.1942,2.0338003635406494
0.1944,2.0351626873016357
0.1946,2.0365262031555176
0.1948,2.037890672683716
0.195,2.039255142211914
0.1952,2.040620803833008
0.1954,2.041987180709839
0.1956,2.0433542728424072
0.1958,2.044722318649292
0.196,2.0460898876190186
0.1962,2.047459125518799
0.1964,2.0488288402557373
0.1966,2.050198793411255
0.1968,2.051569938659668
0.197,2.0529417991638184
0.1972,2.054314374923706
0.1974,2.0556869506835938
0.1976,2.057060956954956
0.1978,2.0584356784820557
0.198,2.059810161590576
0.1982,2.0611863136291504
0.1984,2.062562942504883
0.1986,2.0639405250549316
0.1988,2.0653178691864014
0.199,2.0666966438293457
0.1992,2.0680761337280273
0.1994,2.06945538520813
0.1996,2.070836305618286
0.1998,2.072218179702759
0.2,2.0736002922058105
0.2002,2.0749826431274414
0.2004,2.0763661861419678
0.2006,2.0777504444122314
0.2008,2.079134702682495
0.201,2.0805206298828125
0.2012,2.081906795501709
0.2014,2.083294153213501
0.2016,2.0846810340881348
0.2018,2.0860695838928223
0.202,2.087458848953247
0.2022,2.0888478755950928
0.2024,2.090238571166992
0.2026,2.09162974357605
0.2028,2.0930216312408447
0.203,2.0944135189056396
0.2032,2.0958070755004883
0.2034,2.097201108932495
0.2036,2.0985958576202393
0.2038,2.0999903678894043
0.204,2.101386547088623
0.2042,2.102783441543579
0.2044,2.1041808128356934
0.2046,2.1055784225463867
0.2048,2.1069772243499756
0.205,2.108376979827881
0.2052,2.109776258468628
0.2054,2.111177444458008
0.2056,2.112579107284546
0.2058,2.1139814853668213
0.206,2.1153838634490967
0.2062,2.116787910461426
0.2064,2.118192195892334
0.2066,2.119596481323242
0.2068,2.121002435684204
0.207,2.1224091053009033
0.2072,2.12381649017334
0.2074,2.1252236366271973
0.2076,2.1266322135925293
0.2078,2.1280417442321777
0.208,2.129451036453247
0.2082,2.130861759185791
0.2084,2.1322734355926514
0.2086,2.13368558883667
0.2088,2.1350977420806885
0.209,2.1365113258361816
0.2092,2.137925386428833
0.2094,2.1393396854400635
0.2096,2.1407556533813477
0.2098,2.142171859741211
0.21,2.1435890197753906
0.2102,2.145005941390991
0.2104,2.1464245319366455
0.2106,2.147843837738037
0.2108,2.149263858795166
0.211,2.150683641433716
0.2112,2.1521048545837402
0.2114,2.153527021408081
0.2116,2.15494966506958
0.2118,2.156372547149658
0.212,2.157796621322632
0.2122,2.1592214107513428
0.2124,2.1606462001800537
0.2126,2.1620726585388184
0.2128,2.163499355316162
0.213,2.1649272441864014
0.2132,2.1663546562194824
0.2134,2.1677839756011963
0.2136,2.1692135334014893
0.2138,2.1706433296203613
0.214,2.172074556350708
0.2142,2.173506498336792
0.2144,2.1749391555786133
0.2146,2.1763715744018555
0.2148,2.1778056621551514
0.215,2.1792404651641846
0.2152,2.1806750297546387
0.2154,2.1821112632751465
0.2156,2.1835482120513916
0.2158,2.184985876083374
0.216,2.1864233016967773
0.2162,2.1878623962402344
0.2164,2.1893019676208496
0.2166,2.190741539001465
0.2168,2.192182779312134
0.217,2.19362473487854
0.2172,2.1950671672821045
0.2174,2.196509838104248
0.2176,2.197953939437866
0.2178,2.1993982791900635
0.218,2.200843095779419
0.2182,2.20228910446167
0.2184,2.2037360668182373
0.2186,2.205183506011963
0.2188,2.2066309452056885
0.219,2.2080798149108887
0.2192,2.2095296382904053
0.2194,2.210980176925659
0.2196,2.212430238723755
0.2198,2.2138822078704834
0.22,2.21533465385437
0.2202,2.216787815093994
0.2204,2.218240976333618
0.2206,2.219695806503296
0.2208,2.221151351928711
0.221,2.222606658935547
0.2212,2.2240633964538574
0.2214,2.2255210876464844
0.2216,2.2269792556762695
0.2218,2.2284371852874756
0.222,2.2298970222473145
0.2222,2.2313575744628906
0.2224,2.2328178882598877
0.2226,2.2342796325683594
0.2228,2.2357420921325684
0.223,2.2372055053710938
0.2232,2.238668918609619
0.2234,2.24013352394104
0.2236,2.2415988445281982
0.2238,2.2430641651153564
0.224,2.2445311546325684
0.2242,2.2459988594055176
0.2244,2.247467041015625
0.2246,2.2489354610443115
0.2248,2.2504050731658936
0.225,2.251875400543213
0.2252,2.2533457279205322
0.2254,2.2548177242279053
0.2256,2.2562904357910156
0.2258,2.2577638626098633
0.226,2.259237051010132
0.2262,2.260711908340454
0.2264,2.2621877193450928
0.2266,2.2636637687683105
0.2268,2.2651398181915283
0.227,2.2666175365448
0.2272,2.2680959701538086
0.2274,2.2695751190185547
0.2276,2.271054267883301
0.2278,2.2725348472595215
0.228,2.2740161418914795
0.2282,2.2754974365234375
0.2284,2.27698016166687
0.2286,2.27846360206604
0.2288,2.2799477577209473
0.229,2.2814316749572754
0.2292,2.2829174995422363
0.2294,2.2844038009643555
0.2296,2.2858901023864746
0.2298,2.2873780727386475
0.23,2.2888665199279785
0.2302,2.290355920791626
0.2304,2.2918450832366943
0.2306,2.2933356761932373
0.2308,2.2948272228240967
0.231,2.296318531036377
0.2312,2.297811508178711
0.2314,2.2993052005767822
0.2316,2.300799608230591
0.2318,2.3022937774658203
0.232,2.3037896156311035
0.2322,2.305286169052124
0.2324,2.3067824840545654
0.2326,2.3082807064056396
0.2328,2.309779644012451
0.233,2.311278820037842
0.2332,2.3127782344818115
0.2334,2.314279317855835
0.2336,2.3157811164855957
0.2338,2.3172824382781982
0.234,2.3187854290008545
0.2342,2.320289373397827
0.2344,2.321794033050537
0.2346,2.323298454284668
0.2348,2.3248047828674316
0.235,2.3263113498687744
0.2352,2.3278188705444336
0.2354,2.3293261528015137
0.2356,2.3308351039886475
0.2358,2.3323450088500977
0.236,2.333855390548706
0.2362,2.3353657722473145
0.2364,2.3368778228759766
0.2366,2.338390588760376
0.2368,2.339902877807617
0.237,2.341417074203491
0.2372,2.3429317474365234
0.2374,2.344447612762451
0.2376,2.3459627628326416
0.2378,2.347480058670044
0.238,2.3489978313446045
0.2382,2.350515365600586
0.2384,2.3520348072052
0.2386,2.3535547256469727
0.2388,2.3550755977630615
0.239,2.3565962314605713
0.2392,2.3581182956695557
0.2394,2.3596415519714355
0.2396,2.361164093017578
0.2398,2.3626887798309326
0.24,2.3642139434814453
0.2402,2.3657398223876953
0.2404,2.367265462875366
0.2406,2.36879301071167
0.2408,2.370321273803711
0.241,2.3718488216400146
0.2412,2.3733787536621094
0.2414,2.374908924102783
0.2416,2.3764400482177734
0.2418,2.3779711723327637
0.242,2.3795034885406494
0.2422,2.3810367584228516
0.2424,2.38257098197937
0.2426,2.3841047286987305
0.2428,2.3856403827667236
0.243,2.387176513671875
0.2432,2.388713836669922
0.2434,2.3902506828308105
0.2436,2.391788959503174
0.2438,2.3933281898498535
0.244,2.394867181777954
0.2442,2.3964080810546875
0.2444,2.397949457168579
0.2446,2.399491786956787
0.2448,2.401033878326416
0.245,2.4025774002075195
0.2452,2.4041221141815186
0.2454,2.4056663513183594
0.2456,2.407212018966675
0.2458,2.4087588787078857
0.246,2.410306215286255
0.2462,2.411853790283203
0.2464,2.4134023189544678
0.2466,2.414952039718628
0.2468,2.416501760482788
0.247,2.4180526733398438
0.2472,2.419604778289795
0.2474,2.4211573600769043
0.2476,2.4227099418640137
0.2478,2.4242639541625977
0.248,2.425818920135498
0.2482,2.4273736476898193
0.2484,2.4289298057556152
0.2486,2.4304871559143066
0.2488,2.4320449829101562
0.249,2.433602809906006
0.2492,2.43516206741333
0.2494,2.43672251701355
0.2496,2.438282012939453
0.2498,2.4398436546325684
0.25,2.44140625
0.2502,2.44296932220459
0.2504,2.444533109664917
0.2506,2.4460971355438232
0.2508,2.447662353515625
0.251,2.4492275714874268
0.2512,2.4507944583892822
0.2514,2.452362060546875
0.2516,2.453930377960205
0.2518,2.4554996490478516
0.252,2.457068681716919
0.2522,2.458639144897461
0.2524,2.4602105617523193
0.2526,2.4617819786071777
0.2528,2.4633548259735107
0.253,2.464928388595581
0.2532,2.4665029048919678
0.2534,2.4680769443511963
0.2536,2.4696528911590576
0.2538,2.4712297916412354
0.254,2.472806215286255
0.2542,2.474384307861328
0.2544,2.4759633541107178
0.2546,2.4775431156158447
0.2548,2.4791226387023926
0.255,2.480703592300415
0.2552,2.482285737991333
0.2554,2.4838674068450928
0.2556,2.4854509830474854
0.2558,2.487035036087036
0.256,2.4886202812194824
0.2562,2.4902048110961914
0.2564,2.4917914867401123
0.2566,2.4933786392211914
0.2568,2.4949657917022705
0.257,2.4965546131134033
0.2572,2.4981441497802734
0.2574,2.499734401702881
0.2576,2.5013256072998047
0.2578,2.5029163360595703
0.258,2.5045089721679688
0.2582,2.506101369857788
0.2584,2.507695436477661
0.2586,2.5092902183532715
0.2588,2.5108859539031982
0.259,2.512482166290283
0.2592,2.514078378677368
0.2594,2.515676259994507
0.2596,2.517275094985962
0.2598,2.518873453140259
0.26,2.5204737186431885
0.2602,2.5220746994018555
0.2604,2.5236761569976807
0.2606,2.525277853012085
0.2608,2.526881217956543
0.261,2.5284852981567383
0.2612,2.5300889015197754
0.2614,2.5316944122314453
0.2616,2.5333008766174316
0.2618,2.534907579421997
0.262,2.5365145206451416
0.2622,2.53812313079834
0.2624,2.5397324562072754
0.2626,2.541341781616211
0.2628,2.542952299118042
0.263,2.5445642471313477
0.2632,2.5461766719818115
0.2634,2.5477888584136963
0.2636,2.5494027137756348
0.2638,2.5510175228118896
0.264,2.5526318550109863
0.2642,2.554248094558716
0.2644,2.5558650493621826
0.2646,2.557482957839966
0.2648,2.5591015815734863
0.265,2.5607199668884277
0.2652,2.562340021133423
0.2654,2.563959836959839
0.2656,2.5655813217163086
0.2658,2.567203998565674
0.266,2.568826913833618
0.2662,2.570451021194458
0.2664,2.5720748901367188
0.2666,2.573700189590454
0.2668,2.5753254890441895
0.267,2.5769524574279785
0.2672,2.578580141067505
0.2674,2.5802090167999268
0.2676,2.5818381309509277
0.2678,2.5834672451019287
0.268,2.5850980281829834
0.2682,2.5867297649383545
0.2684,2.5883610248565674
0.2686,2.589994192123413
0.2688,2.591628313064575
0.269,2.5932629108428955
0.2692,2.594897747039795
0.2694,2.59653377532959
0.2696,2.598170757293701
0.2698,2.5998077392578125
0.27,2.6014461517333984
0.2702,2.60308575630188
0.2704,2.6047258377075195
0.2706,2.60636568069458
0.2708,2.6080074310302734
0.271,2.609649896621704
0.2712,2.6112921237945557
0.2714,2.61293625831604
0.2716,2.6145808696746826
0.2718,2.6162266731262207
0.272,2.617872714996338
0.2722,2.619518995285034
0.2724,2.621166944503784
0.2726,2.622814655303955
0.2728,2.6244640350341797
0.273,2.6261143684387207
0.2732,2.62776517868042
0.2734,2.6294169425964355
0.2736,2.631068706512451
0.2738,2.6327219009399414
0.274,2.6343753337860107
0.2742,2.6360301971435547
0.2744,2.637685537338257
0.2746,2.6393420696258545
0.2748,2.6409995555877686
0.275,2.6426563262939453
0.2752,2.644315242767334
0.2754,2.645975112915039
0.2756,2.647634267807007
0.2758,2.6492953300476074
0.276,2.6509573459625244
0.2762,2.6526198387145996
0.2764,2.654282569885254
0.2766,2.655946731567383
0.2768,2.657611846923828
0.277,2.6592764854431152
0.2772,2.660943031311035
0.2774,2.6626107692718506
0.2776,2.664278984069824
0.2778,2.6659469604492188
0.278,2.667616605758667
0.2782,2.6692869663238525
0.2784,2.670957565307617
0.2786,2.6726295948028564
0.2788,2.674302577972412
0.279,2.675976037979126
0.2792,2.677649736404419
0.2794,2.6793248653411865
0.2796,2.6810009479522705
0.2798,2.6826765537261963
0.28,2.684354543685913
0.2802,2.686032772064209
0.2804,2.687711715698242
0.2806,2.689391851425171
0.2808,2.6910717487335205
0.281,2.6927530765533447
0.2812,2.694434642791748
0.2814,2.696117639541626
0.2816,2.6978015899658203
0.2818,2.699486017227173
0.282,2.701171875
0.2822,2.7028567790985107
0.2824,2.7045440673828125
0.2826,2.706230878829956
0.2828,2.7079195976257324
0.283,2.709608793258667
0.2832,2.711298942565918
0.2834,2.7129900455474854
0.2836,2.7146809101104736
0.2838,2.7163734436035156
0.284,2.718066930770874
0.2842,2.7197601795196533
0.2844,2.7214550971984863
0.2846,2.7231509685516357
0.2848,2.7248475551605225
0.285,2.72654390335083
0.2852,2.7282416820526123
0.2854,2.729940891265869
0.2856,2.7316393852233887
0.2858,2.73334002494812
0.286,2.735041379928589
0.2862,2.736743211746216
0.2864,2.738445281982422
0.2866,2.7401492595672607
0.2868,2.741853713989258
0.287,2.7435576915740967
0.2872,2.7452638149261475
0.2874,2.7469706535339355
0.2876,2.74867844581604
0.2878,2.750386953353882
0.288,2.7520952224731445
0.2882,2.753805160522461
0.2884,2.7555148601531982
0.2886,2.7572267055511475
0.2888,2.758939266204834
0.289,2.7606523036956787
0.2892,2.7623660564422607
0.2894,2.764080047607422
0.2896,2.7657957077026367
0.2898,2.7675113677978516
0.29,2.76922869682312
0.2902,2.7709462642669678
0.2904,2.77266526222229
0.2906,2.7743849754333496
0.2908,2.776104211807251
0.291,2.7778255939483643
0.2912,2.779547691345215
0.2914,2.7812695503234863
0.2916,2.7829930782318115
0.2918,2.784717559814453
0.292,2.786442756652832
0.2922,2.788167715072632
0.2924,2.7898945808410645
0.2926,2.7916224002838135
0.2928,2.7933499813079834
0.293,2.795078992843628
0.2932,2.7968087196350098
0.2934,2.798539638519287
0.2936,2.8002703189849854
0.2938,2.8020029067993164
0.294,2.8037362098693848
0.2942,2.805469036102295
0.2944,2.807204008102417
0.2946,2.8089399337768555
0.2948,2.810676336288452
0.295,2.8124125003814697
0.2952,2.814150810241699
0.2954,2.815889596939087
0.2956,2.8176279067993164
0.2958,2.819368600845337
0.296,2.8211100101470947
0.2962,2.8228518962860107
0.2964,2.824594736099243
0.2966,2.8263375759124756
0.2968,2.82808256149292
0.297,2.8298263549804688
0.2972,2.8315727710723877
0.2974,2.833319664001465
0.2976,2.8350675106048584
0.2978,2.83681583404541
0.298,2.838564395904541
0.2982,2.8403146266937256
0.2984,2.8420653343200684
0.2986,2.8438162803649902
0.2988,2.845568895339966
0.299,2.847322463989258
0.2992,2.849076747894287
0.2994,2.850830554962158
0.2996,2.852586507797241
0.2998,2.8543434143066406
0.3,2.8560996055603027
0.3002,2.857858180999756
0.3004,2.859616994857788
0.3006,2.861377000808716
0.3008,2.8631362915039062
0.301,2.8648979663848877
0.3012,2.8666603565216064
0.3014,2.868422508239746
0.3016,2.8701863288879395
0.3018,2.8719515800476074
0.302,2.8737170696258545
0.3022,2.8754823207855225
0.3024,2.8772497177124023
0.3026,2.8790178298950195
0.3028,2.8807854652404785
0.303,2.8825552463531494
0.3032,2.8843257427215576
0.3034,2.8860971927642822
0.3036,2.887869119644165
0.3038,2.889641046524048
0.304,2.8914148807525635
0.3042,2.893188238143921
0.3044,2.8949637413024902
0.3046,2.896739959716797
0.3048,2.8985166549682617
0.305,2.9002950191497803
0.3052,2.9020724296569824
0.3054,2.9038517475128174
0.3056,2.9056310653686523
0.3058,2.90741229057312
0.306,2.909193992614746
0.3062,2.9109768867492676
0.3064,2.9127604961395264
0.3066,2.914543867111206
0.3068,2.9163289070129395
0.307,2.9181151390075684
0.3072,2.91990065574646
0.3074,2.9216885566711426
0.3076,2.9234769344329834
0.3078,2.9252662658691406
0.308,2.9270553588867188
0.3082,2.9288463592529297
0.3084,2.930638074874878
0.3086,2.932429552078247
0.3088,2.934222936630249
0.309,2.9360175132751465
0.3092,2.937812328338623
0.3094,2.9396071434020996
0.3096,2.941403865814209
0.3098,2.9432015419006348
0.31,2.9449987411499023
0.3102,2.9467978477478027
0.3104,2.9485976696014404
0.3106,2.9503986835479736
0.3108,2.9521992206573486
0.311,2.9540019035339355
0.3112,2.9558053016662598
0.3114,2.957608222961426
0.3116,2.9594130516052246
0.3118,2.96121883392334
0.312,2.9630255699157715
0.3122,2.9648327827453613
0.3124,2.966639995574951
0.3126,2.968449115753174
0.3128,2.9702579975128174
0.313,2.9720687866210938
0.3132,2.9738802909851074
0.3134,2.9756929874420166
0.3136,2.977505922317505
0.3138,2.979318857192993
0.314,2.9811336994171143
0.3142,2.9829494953155518
0.3144,2.98476505279541
0.3146,2.9865822792053223
0.3148,2.98840069770813
0.315,2.990219831466675
0.3152,2.9920382499694824
0.3154,2.99385929107666
0.3156,2.995680809020996
0.3158,2.997501850128174
0.316,2.9993250370025635
0.3162,3.0011491775512695
0.3164,3.002973794937134
0.3166,3.004798650741577
0.3168,3.006624937057495
0.317,3.0084524154663086
0.3172,3.010279655456543
0.3174,3.012108325958252
0.3176,3.0139381885528564
0.3178,3.0157687664031982
0.318,3.01759934425354
0.3182,3.0194318294525146
0.3184,3.0212650299072266
0.3186,3.0230979919433594
0.3188,3.024932622909546
0.319,3.026768207550049
0.3192,3.0286049842834473
0.3194,3.030442237854004
0.3196,3.0322792530059814
0.3198,3.034118413925171
0.32,3.035957098007202
0.3202,3.0377979278564453
0.3204,3.0396392345428467
0.3206,3.0414817333221436
0.3208,3.043325185775757
0.321,3.0451676845550537
0.3212,3.0470130443573
0.3214,3.0488574504852295
0.3216,3.050704002380371
0.3218,3.052551507949829
0.322,3.0543997287750244
0.3222,3.056248903274536
0.3224,3.0580976009368896
0.3226,3.059948205947876
0.3228,3.061800003051758
0.323,3.0636510848999023
0.3232,3.065504312515259
0.3234,3.0673587322235107
0.3236,3.069213628768921
0.3238,3.071068525314331
0.324,3.072924852371216
0.3242,3.074782371520996
0.3244,3.076639413833618
0.3246,3.0784988403320312
0.3248,3.0803587436676025
0.325,3.0822196006774902
0.3252,3.084080219268799
0.3254,3.0859427452087402
0.3256,3.087805986404419
0.3258,3.0896692276000977
0.326,3.09153413772583
0.3262,3.093400001525879
0.3264,3.0952670574188232
0.3266,3.0971333980560303
0.3268,3.0990021228790283
0.327,3.1008710861206055
0.3272,3.1027402877807617
0.3274,3.104611396789551
0.3276,3.106482982635498
0.3278,3.1083555221557617
0.328,3.110229015350342
0.3282,3.1121022701263428
0.3284,3.1139779090881348
0.3286,3.1158525943756104
0.3288,3.117729663848877
0.329,3.1196069717407227
0.3292,3.121485948562622
0.3294,3.1233654022216797
0.3296,3.125244617462158
0.3298,3.1271255016326904
0.33,3.1290078163146973
0.3302,3.130889415740967
0.3304,3.132772922515869
0.3306,3.134657621383667
0.3308,3.136543035507202
0.331,3.138428211212158
0.3312,3.140315055847168
0.3314,3.1422030925750732
0.3316,3.1440906524658203
0.3318,3.1459805965423584
0.332,3.1478710174560547
0.3322,3.1497626304626465
0.3324,3.151653289794922
0.3326,3.1535465717315674
0.3328,3.155440330505371
0.333,3.157334089279175
0.3332,3.1592295169830322
0.3334,3.161125898361206
0.3336,3.1630237102508545
0.3338,3.1649205684661865
0.334,3.1668198108673096
0.3342,3.1687192916870117
0.3344,3.170619010925293
0.3346,3.172520637512207
0.3348,3.1744229793548584
0.335,3.176326274871826
0.3352,3.1782302856445312
0.3354,3.1801342964172363
0.3356,3.182040214538574
0.3358,3.183945894241333
0.336,3.1858534812927246
0.3362,3.1877617835998535
0.3364,3.189671277999878
0.3366,3.1915814876556396
0.3368,3.193490982055664
0.337,3.1954030990600586
0.3372,3.197314977645874
0.3374,3.199228286743164
0.3376,3.2011425495147705
0.3378,3.2030580043792725
0.338,3.2049739360809326
0.3382,3.2068898677825928
0.3384,3.208807945251465
0.3386,3.210726499557495
0.3388,3.2126450538635254
0.339,3.2145655155181885
0.3392,3.216486930847168
0.3394,3.218409299850464
0.3396,3.2203309535980225
0.3398,3.222254991531372
0.34,3.22417950630188
0.3402,3.226104259490967
0.3404,3.2280304431915283
0.3406,3.2299582958221436
0.3408,3.231886386871338
0.341,3.233814239501953
0.3412,3.235743999481201
0.3414,3.2376749515533447
0.3416,3.239605665206909
0.3418,3.2415380477905273
0.342,3.243471384048462
0.3422,3.245405673980713
0.3424,3.2473409175872803
0.3426,3.2492759227752686
0.3428,3.2512123584747314
0.343,3.2531492710113525
0.3432,3.2550876140594482
0.3434,3.2570271492004395
0.3436,3.258967399597168
0.3438,3.260908842086792
0.344,3.2628495693206787
0.3442,3.2647924423217773
0.3444,3.266735076904297
0.3446,3.2686798572540283
0.3448,3.270625352859497
0.345,3.2725718021392822
0.3452,3.2745187282562256
0.3454,3.276466131210327
0.3456,3.2784149646759033
0.3458,3.280364751815796
0.346,3.2823145389556885
0.3462,3.284266233444214
0.3464,3.2862186431884766
0.3466,3.2881717681884766
0.3468,3.2901248931884766
0.347,3.2920801639556885
0.3472,3.2940359115600586
0.3474,3.2959916591644287
0.3476,3.2979495525360107
0.3478,3.299907922744751
0.348,3.3018674850463867
0.3482,3.3038268089294434
0.3484,3.305788040161133
0.3486,3.3077497482299805
0.3488,3.3097116947174072
0.349,3.311675548553467
0.3492,3.3136401176452637
0.3494,3.315605878829956
0.3496,3.3175711631774902
0.3498,3.319538116455078
0.35,3.3215067386627197
0.3502,3.323474645614624
0.3504,3.325443983078003
0.3506,3.3274152278900146
0.3508,3.3293869495391846
0.351,3.3313591480255127
0.3512,3.333331823348999
0.3514,3.335306167602539
0.3516,3.3372802734375
0.3518,3.3392560482025146
0.352,3.341233015060425
0.3522,3.3432109355926514
0.3524,3.3451895713806152
0.3526,3.34716796875
0.3528,3.3491485118865967
0.353,3.351128578186035
0.3532,3.3531110286712646
0.3534,3.3550939559936523
0.3536,3.3570778369903564
0.3538,3.359062910079956
0.354,3.3610475063323975
0.3542,3.3630340099334717
0.3544,3.365021228790283
0.3546,3.3670084476470947
0.3548,3.368997573852539
0.355,3.370987892150879
0.3552,3.372978925704956
0.3554,3.374969959259033
0.3556,3.376962423324585
0.3558,3.3789563179016113
0.356,3.3809494972229004
0.3562,3.3829450607299805
0.3564,3.384941339492798
0.3566,3.3869385719299316
0.3568,3.3889355659484863
0.357,3.390934467315674
0.3572,3.3929340839385986
0.3574,3.3949334621429443
0.3576,3.39693546295166
0.3578,3.398937940597534
0.358,3.4009413719177246
0.3582,3.4029457569122314
0.3584,3.404949426651001
0.3586,3.4069554805755615
0.3588,3.408961534500122
0.359,3.4109690189361572
0.3592,3.412977695465088
0.3594,3.414987325668335
0.3596,3.4169979095458984
0.3598,3.4190080165863037
0.36,3.4210205078125
0.3602,3.423032283782959
0.3604,3.425046443939209
0.3606,3.427061080932617
0.3608,3.429076910018921
0.361,3.431093692779541
0.3612,3.433109998703003
0.3614,3.435128688812256
0.3616,3.437147855758667
0.3618,3.439167022705078
0.362,3.441188097000122
0.3622,3.4432101249694824
0.3624,3.445233106613159
0.3626,3.447255849838257
0.3628,3.4492805004119873
0.363,3.451305866241455
0.3632,3.453331232070923
0.3634,3.4553587436676025
0.3636,3.4573872089385986
0.3638,3.459415912628174
0.364,3.4614450931549072
0.3642,3.4634761810302734
0.3644,3.465507745742798
0.3646,3.4675393104553223
0.3648,3.4695732593536377
0.365,3.4716074466705322
0.3652,3.4736430644989014
0.3654,3.475677967071533
0.3656,3.477715253829956
0.3658,3.4797534942626953
0.366,3.4817912578582764
0.3662,3.4838309288024902
0.3664,3.4858720302581787
0.3666,3.4879136085510254
0.3668,3.4899563789367676
0.367,3.4919984340667725
0.3672,3.4940426349639893
0.3674,3.496086835861206
0.3676,3.4981329441070557
0.3678,3.5001800060272217
0.368,3.502228021621704
0.3682,3.504276990890503
0.3684,3.5063257217407227
0.3686,3.508376121520996
0.3688,3.510427951812744
0.369,3.512479066848755
0.3692,3.5145325660705566
0.3694,3.5165867805480957
0.3696,3.518641710281372
0.3698,3.5206966400146484
0.37,3.5227534770965576
0.3702,3.5248115062713623
0.3704,3.526869297027588
0.3706,3.528928756713867
0.3708,3.530989408493042
0.371,3.533051013946533
0.3712,3.535111904144287
0.3714,3.537175178527832
0.3716,3.5392394065856934
0.3718,3.5413031578063965
0.372,3.5433692932128906
0.3722,3.545436143875122
0.3724,3.54750394821167
0.3726,3.5495715141296387
0.3728,3.5516409873962402
0.373,3.5537116527557373
0.3732,3.555781602859497
0.3734,3.557853937149048
0.3736,3.559927225112915
0.3738,3.5620017051696777
0.374,3.5640764236450195
0.3742,3.5661511421203613
0.3744,3.568228244781494
0.3746,3.5703046321868896
0.3748,3.572383403778076
0.375,3.574462890625
0.3752,3.5765435695648193
0.3754,3.578624725341797
0.3756,3.5807058811187744
0.3758,3.5827889442443848
0.376,3.584871768951416
0.3762,3.5869572162628174
0.3764,3.589042901992798
0.3766,3.5911295413970947
0.3768,3.593217611312866
0.377,3.5953049659729004
0.3772,3.5973944664001465
0.3774,3.599485158920288
0.3776,3.6015751361846924
0.3778,3.6036672592163086
0.378,3.6057605743408203
0.3782,3.6078548431396484
0.3784,3.6099486351013184
0.3786,3.6120445728302
0.3788,3.6141412258148193
0.379,3.6162378787994385
0.3792,3.6183366775512695
0.3794,3.620436429977417
0.3796,3.6225368976593018
0.3798,3.6246368885040283
0.38,3.626739263534546
0.3802,3.62884259223938
0.3804,3.6309454441070557
0.3806,3.6330504417419434
0.3808,3.6351566314697266
0.381,3.637263536453247
0.3812,3.6393699645996094
0.3814,3.641479015350342
0.3816,3.6435883045196533
0.3818,3.645697832107544
0.382,3.6478092670440674
0.3822,3.6499216556549072
0.3824,3.6520352363586426
0.3826,3.6541495323181152
0.3828,3.6562633514404297
0.383,3.658379554748535
0.3832,3.6604952812194824
0.3834,3.6626131534576416
0.3836,3.664731979370117
0.3838,3.666851758956909
0.384,3.6689722537994385
0.3842,3.6710927486419678
0.3844,3.67321515083313
0.3846,3.6753387451171875
0.3848,3.677462100982666
0.385,3.6795871257781982
0.3852,3.681713342666626
0.3854,3.68384051322937
0.3856,3.685967206954956
0.3858,3.688096284866333
0.386,3.690225839614868
0.3862,3.6923556327819824
0.3864,3.6944875717163086
0.3866,3.696619987487793
0.3868,3.698753595352173
0.387,3.7008864879608154
0.3872,3.703022003173828
0.3874,3.7051587104797363
0.3876,3.7072947025299072
0.3878,3.709432601928711
0.388,3.7115719318389893
0.3882,3.713711977005005
0.3884,3.7158517837524414
0.3886,3.7179932594299316
0.3888,3.7201366424560547
0.389,3.7222788333892822
0.3892,3.72442364692688
0.3894,3.726569175720215
0.3896,3.7287158966064453
0.3898,3.730862855911255
0.39,3.7330102920532227
0.3902,3.7351596355438232
0.3904,3.7373085021972656
0.3906,3.739459753036499
0.3908,3.741611957550049
0.391,3.743764638900757
0.3912,3.7459187507629395
0.3914,3.748072385787964
0.3916,3.7502281665802
0.3918,3.7523837089538574
0.392,3.7545416355133057
0.3922,3.756699800491333
0.3924,3.758859395980835
0.3926,3.7610199451446533
0.3928,3.7631800174713135
0.393,3.7653422355651855
0.3932,3.767505645751953
0.3934,3.7696685791015625
0.3936,3.771833658218384
0.3938,3.7739996910095215
0.394,3.7761664390563965
0.3942,3.7783334255218506
0.3944,3.7805023193359375
0.3946,3.7826719284057617
0.3948,3.784841537475586
0.395,3.787013053894043
0.3952,3.7891857624053955
0.3954,3.7913591861724854
0.3956,3.793532371520996
0.3958,3.7957077026367188
0.396,3.797883987426758
0.3962,3.800060272216797
0.3964,3.8022384643554688
0.3966,3.804417371749878
0.3968,3.8065977096557617
0.397,3.8087785243988037
0.3972,3.8109591007232666
0.3974,3.8131420612335205
0.3976,3.815324544906616
0.3978,3.817509174346924
0.398,3.819695234298706
0.3982,3.8218817710876465
0.3984,3.8240692615509033
0.3986,3.826256275177002
0.3988,3.8284459114074707
0.399,3.830634832382202
0.3992,3.8328263759613037
0.3994,3.8350186347961426
0.3996,3.8372116088867188
0.3998,3.8394060134887695
0.4,3.841599941253662
0.4002,3.8437960147857666
0.4004,3.8459928035736084
0.4006,3.848189353942871
0.4008,3.8503880500793457
0.401,3.852588176727295
0.4012,3.8547887802124023
0.4014,3.8569893836975098
0.4016,3.859191656112671
0.4018,3.8613951206207275
0.402,3.863598346710205
0.4022,3.8658041954040527
0.4024,3.8680102825164795
0.4026,3.870217800140381
0.4028,3.872424602508545
0.403,3.8746337890625
0.4032,3.8768439292907715
0.4034,3.879053831100464
0.4036,3.881265878677368
0.4038,3.883479118347168
0.404,3.885692834854126
0.4042,3.887906789779663
0.4044,3.890122652053833
0.4046,3.892338991165161
0.4048,3.8945555686950684
0.405,3.8967742919921875
0.4052,3.898993968963623
0.4054,3.901214599609375
0.4056,3.9034361839294434
0.4058,3.9056572914123535
0.406,3.9078807830810547
0.4062,3.9101037979125977
0.4064,3.9123291969299316
0.4066,3.914555788040161
0.4068,3.9167826175689697
0.407,3.919010877609253
0.4072,3.921238422393799
0.4074,3.923468589782715
0.4076,3.9256985187530518
0.4078,3.9279303550720215
0.408,3.9301631450653076
0.4082,3.9323973655700684
0.4084,3.9346320629119873
0.4086,3.9368667602539062
0.4088,3.939103603363037
0.409,3.9413411617279053
0.4092,3.9435782432556152
0.4094,3.9458181858062744
0.4096,3.948058605194092
0.4098,3.9503002166748047
0.41,3.9525411128997803
0.4102,3.954784631729126
0.4104,3.957029104232788
0.4106,3.959273099899292
0.4108,3.961519479751587
0.411,3.963766574859619
0.4112,3.966014862060547
0.4114,3.9682624340057373
0.4116,3.970512628555298
0.4118,3.972763776779175
0.412,3.9750142097473145
0.4122,3.977267265319824
0.4124,3.9795212745666504
0.4126,3.981776237487793
0.4128,3.984032154083252
0.413,3.9862875938415527
0.4132,3.9885454177856445
0.4134,3.990802764892578
0.4136,3.993062734603882
0.4138,3.9953231811523438
0.414,3.997584581375122
0.4142,3.999847412109375
0.4144,4.002110004425049
0.4146,4.004374027252197
0.4148,4.006638050079346
0.415,4.008904457092285
0.4152,4.011171817779541
0.4154,4.013440132141113
0.4156,4.015709400177002
0.4158,4.017978668212891
0.416,4.020249843597412
0.4162,4.02252197265625
0.4164,4.02479362487793
0.4166,4.0270676612854
0.4168,4.029343128204346
0.417,4.031619071960449
0.4172,4.0338945388793945
0.4174,4.036172389984131
0.4176,4.038451671600342
0.4178,4.040729522705078
0.418,4.04301118850708
0.4182,4.045292854309082
0.4184,4.0475754737854
0.4186,4.049858093261719
0.4188,4.05214262008667
0.419,4.0544281005859375
0.4192,4.056713104248047
0.4194,4.059001445770264
0.4196,4.0612897872924805
0.4198,4.063579559326172
0.42,4.065868377685547
0.4202,4.068160057067871
0.4204,4.0704522132873535
0.4206,4.072744369506836
0.4208,4.075038433074951
0.421,4.077334403991699
0.4212,4.079630374908447
0.4214,4.08192777633667
0.4216,4.084224700927734
0.4218,4.08652400970459
0.422,4.088822841644287
0.4222,4.091124057769775
0.4224,4.09342622756958
0.4226,4.095729351043701
0.4228,4.098033428192139
0.423,4.100337505340576
0.4232,4.1026434898376465
0.4234,4.104950428009033
0.4236,4.107256889343262
0.4238,4.1095662117004395
0.424,4.111875534057617
0.4242,4.114186763763428
0.4244,4.116497039794922
0.4246,4.118810176849365
0.4248,4.121123790740967
0.425,4.123437404632568
0.4252,4.125752925872803
0.4254,4.128069877624512
0.4256,4.130387783050537
0.4258,4.132704734802246
0.426,4.1350250244140625
0.4262,4.137345314025879
0.4264,4.139665126800537
0.4266,4.141988277435303
0.4268,4.144311904907227
0.427,4.146636009216309
0.4272,4.148960590362549
0.4274,4.151287078857422
0.4276,4.153614521026611
0.4278,4.155941486358643
0.428,4.158270835876465
0.4282,4.160601615905762
0.4284,4.162932395935059
0.4286,4.165265083312988
0.4288,4.16759729385376
0.429,4.169931888580322
0.4292,4.172266006469727
0.4294,4.174602031707764
0.4296,4.176939487457275
0.4298,4.1792778968811035
0.43,4.18161678314209
0.4302,4.183955669403076
0.4304,4.186296463012695
0.4306,4.188637733459473
0.4308,4.190980911254883
0.431,4.193325042724609
0.4312,4.195670127868652
0.4314,4.198016166687012
0.4316,4.200362205505371
0.4318,4.202710151672363
0.432,4.20505952835083
0.4322,4.2074079513549805
0.4324,4.209758758544922
0.4326,4.212111473083496
0.4328,4.21446418762207
0.433,4.2168169021606445
0.4332,4.219171524047852
0.4334,4.221528053283691
0.4336,4.223883628845215
0.4338,4.226241111755371
0.434,4.228600025177002
0.4342,4.230960369110107
0.4344,4.233319282531738
0.4346,4.235681533813477
0.4348,4.238044738769531
0.435,4.2404069900512695
0.4352,4.242772102355957
0.4354,4.2451372146606445
0.4356,4.247504234313965
0.4358,4.249871253967285
0.436,4.25223970413208
0.4362,4.25460958480835
0.4364,4.256978988647461
0.4366,4.259350776672363
0.4368,4.261723518371582
0.437,4.264097690582275
0.4372,4.266472339630127
0.4374,4.26884651184082
0.4376,4.271223545074463
0.4378,4.273599624633789
0.438,4.275978088378906
0.4382,4.278357982635498
0.4384,4.280738830566406
0.4386,4.283120632171631
0.4388,4.285501956939697
0.439,4.2878851890563965
0.4392,4.29026985168457
0.4394,4.292654514312744
0.4396,4.295041084289551
0.4398,4.297428607940674
0.44,4.299817085266113
0.4402,4.302206039428711
0.4404,4.304596424102783
0.4406,4.30698823928833
0.4408,4.309379577636719
0.441,4.311773300170898
0.4412,4.3141679763793945
0.4414,4.316563606262207
0.4416,4.318958759307861
0.4418,4.321356296539307
0.442,4.323755264282227
0.4422,4.326153755187988
0.4424,4.328554153442383
0.4426,4.330955505371094
0.4428,4.333358287811279
0.443,4.335760593414307
0.4432,4.338164806365967
0.4434,4.340570449829102
0.4436,4.342976093292236
0.4438,4.345383167266846
0.444,4.347792148590088
0.4442,4.3502020835876465
0.4444,4.352612495422363
0.4446,4.355022430419922
0.4448,4.357435703277588
0.445,4.359847545623779
0.4452,4.362262725830078
0.4454,4.364677906036377
0.4456,4.36709451675415
0.4458,4.36951208114624
0.446,4.37192964553833
0.4462,4.374349117279053
0.4464,4.376768112182617
0.4466,4.379189968109131
0.4468,4.381612777709961
0.447,4.384036540985107
0.4472,4.38646125793457
0.4474,4.388885498046875
0.4476,4.391312122344971
0.4478,4.393739700317383
0.448,4.396166801452637
0.4482,4.39859676361084
0.4484,4.401027679443359
0.4486,4.403459072113037
0.4488,4.405890464782715
0.449,4.408324241638184
0.4492,4.410758972167969
0.4494,4.413193702697754
0.4496,4.415630340576172
0.4498,4.418067932128906
0.45,4.420506954193115
0.4502,4.422945499420166
0.4504,4.42538595199585
0.4506,4.427827835083008
0.4508,4.430269241333008
0.451,4.432713508605957
0.4512,4.435157775878906
0.4514,4.437603950500488
0.4516,4.440049171447754
0.4518,4.442497253417969
0.452,4.4449462890625
0.4522,4.447394371032715
0.4524,4.449845314025879
0.4526,4.452297687530518
0.4528,4.454750061035156
0.453,4.457204341888428
0.4532,4.459657669067383
0.4534,4.462113857269287
0.4536,4.464569568634033
0.4538,4.46702766418457
0.454,4.469486236572266
0.4542,4.4719462394714355
0.4544,4.474407196044922
0.4546,4.476868152618408
0.4548,4.4793314933776855
0.455,4.481795310974121
0.4552,4.484259128570557
0.4554,4.486724853515625
0.4556,4.489192008972168
0.4558,4.4916605949401855
0.456,4.494128704071045
0.4562,4.496598720550537
0.4564,4.499070167541504
0.4566,4.501540184020996
0.4568,4.504014015197754
0.457,4.50648832321167
0.4572,4.508963108062744
0.4574,4.511438369750977
0.4576,4.513915538787842
0.4578,4.516394138336182
0.458,4.518871784210205
0.4582,4.521352291107178
0.4584,4.523833274841309
0.4586,4.526316165924072
0.4588,4.5287981033325195
0.459,4.531282901763916
0.4592,4.533768177032471
0.4594,4.536253452301025
0.4596,4.538740634918213
0.4598,4.541229248046875
0.46,4.543719291687012
0.4602,4.546209812164307
0.4604,4.548699855804443
0.4606,4.551192760467529
0.4608,4.553684711456299
0.461,4.556179523468018
0.4612,4.558675289154053
0.4614,4.561171531677246
0.4616,4.563669681549072
0.4618,4.56616735458374
0.462,4.568666934967041
0.4622,4.571166515350342
0.4624,4.573668479919434
0.4626,4.576171398162842
0.4628,4.578675270080566
0.463,4.581180095672607
0.4632,4.583684921264648
0.4634,4.586191654205322
0.4636,4.588699817657471
0.4638,4.591207504272461
0.464,4.5937180519104
0.4642,4.596229076385498
0.4644,4.598741054534912
0.4646,4.601252555847168
0.4648,4.603766918182373
0.465,4.606282711029053
0.4652,4.6087965965271
0.4654,4.611314296722412
0.4656,4.613832473754883
0.4658,4.616352081298828
0.466,4.618871212005615
0.4662,4.621392250061035
0.4664,4.623915195465088
0.4666,4.626437187194824
0.4668,4.628961563110352
0.467,4.6314873695373535
0.4672,4.634013652801514
0.4674,4.636541843414307
0.4676,4.639069080352783
0.4678,4.641598224639893
0.468,4.64412784576416
0.4682,4.6466593742370605
0.4684,4.649191856384277
0.4686,4.651725769042969
0.4688,4.654261112213135
0.469,4.656795024871826
0.4692,4.659332275390625
0.4694,4.661868572235107
0.4696,4.664408206939697
0.4698,4.666947841644287
0.47,4.66948938369751
0.4702,4.672031402587891
0.4704,4.674572944641113
0.4706,4.677117347717285
0.4708,4.679662704467773
0.471,4.682207107543945
0.4712,4.684754848480225
0.4714,4.687303066253662
0.4716,4.689852714538574
0.4718,4.69240140914917
0.472,4.694952964782715
0.4722,4.697505474090576
0.4724,4.700057506561279
0.4726,4.702612400054932
0.4728,4.705167770385742
0.473,4.7077250480651855
0.4732,4.710280895233154
0.4734,4.712839603424072
0.4736,4.715399742126465
0.4738,4.717958450317383
0.474,4.720520496368408
0.4742,4.723083972930908
0.4744,4.725647926330566
0.4746,4.728211402893066
0.4748,4.730777263641357
0.475,4.733344554901123
0.4752,4.7359113693237305
0.4754,4.738480091094971
0.4756,4.7410502433776855
0.4758,4.743621826171875
0.476,4.746194362640381
0.4762,4.74876594543457
0.4764,4.751340866088867
0.4766,4.753914833068848
0.4768,4.756491184234619
0.477,4.759068965911865
0.4772,4.7616472244262695
0.4774,4.764226913452148
0.4776,4.766806125640869
0.4778,4.769388198852539
0.478,4.771969318389893
0.4782,4.774553298950195
0.4784,4.7771382331848145
0.4786,4.77972412109375
0.4788,4.78231143951416
0.479,4.784897804260254
0.4792,4.787487030029297
0.4794,4.790076732635498
0.4796,4.792666912078857
0.4798,4.79525899887085
0.48,4.797852516174316
0.4802,4.800446510314941
0.4804,4.803040981292725
0.4806,4.805637359619141
0.4808,4.808235168457031
0.481,4.8108320236206055
0.4812,4.813431262969971
0.4814,4.8160319328308105
0.4816,4.818634033203125
0.4818,4.821235179901123
0.482,4.823838710784912
0.4822,4.826443672180176
0.4824,4.829048156738281
0.4826,4.831655502319336
0.4828,4.834263324737549
0.483,4.836872577667236
0.4832,4.83948278427124
0.4834,4.842092037200928
0.4836,4.844705104827881
0.4838,4.847316741943359
0.484,4.849931240081787
0.4842,4.852546691894531
0.4844,4.855163097381592
0.4846,4.857780933380127
0.4848,4.860398292541504
0.485,4.8630170822143555
0.4852,4.865636825561523
0.4854,4.868258476257324
0.4856,4.8708815574646
0.4858,4.873505592346191
0.486,4.8761305809021
0.4862,4.878754615783691
0.4864,4.881381988525391
0.4866,4.884010314941406
0.4868,4.886638164520264
0.487,4.889268398284912
0.4872,4.891899585723877
0.4874,4.894532203674316
0.4876,4.897163391113281
0.4878,4.899798393249512
0.488,4.9024338722229
0.4882,4.905068874359131
0.4884,4.9077067375183105
0.4886,4.910345554351807
0.4888,4.912985324859619
0.489,4.915625095367432
0.4892,4.918267250061035
0.4894,4.920909881591797
0.4896,4.923552989959717
0.4898,4.926197528839111
0.49,4.928843975067139
0.4902,4.931491374969482
0.4904,4.934138298034668
0.4906,4.9367876052856445
0.4908,4.939438343048096
0.491,4.9420881271362305
0.4912,4.944741249084473
0.4914,4.947394847869873
0.4916,4.95004940032959
0.4918,4.952705383300781
0.492,4.9553608894348145
0.4922,4.958018779754639
0.4924,4.960676193237305
0.4926,4.96333646774292
0.4928,4.965997219085693
0.493,4.9686598777771
0.4932,4.971323490142822
0.4934,4.9739861488342285
0.4936,4.976651191711426
0.4938,4.979318618774414
0.494,4.9819841384887695
0.4942,4.984652996063232
0.4944,4.987322807312012
0.4946,4.989993572235107
0.4948,4.992663860321045
0.495,4.995336532592773
0.4952,4.998011112213135
0.4954,5.00068473815918
0.4956,5.003360748291016
0.4958,5.006038188934326
0.496,5.008716106414795
0.4962,5.011394023895264
0.4964,5.014074802398682
0.4966,5.016756534576416
0.4968,5.019437313079834
0.497,5.022121429443359
0.4972,5.024806022644043
0.4974,5.027491569519043
0.4976,5.030177116394043
0.4978,5.032865524291992
0.498,5.0355544090271
0.4982,5.038242816925049
0.4984,5.040934085845947
0.4986,5.043626308441162
0.4988,5.046319961547852
0.499,5.049014568328857
0.4992,5.051708221435547
0.4994,5.054405212402344
0.4996,5.057101249694824
0.4998,5.059800148010254
0.5,5.0625
0.5002,5.0652008056640625
0.5004,5.0679030418396
0.5006,5.07060432434082
0.5008,5.07330846786499
0.501,5.07601261138916
0.5012,5.078719139099121
0.5014,5.081426620483398
0.5016,5.084135055541992
0.5018,5.0868449211120605
0.502,5.089553356170654
0.5022,5.092265605926514
0.5024,5.094976902008057
0.5026,5.097690582275391
0.5028,5.100405693054199
0.503,5.103122234344482
0.5032,5.105839252471924
0.5034,5.108557224273682
0.5036,5.111275672912598
0.5038,5.113994598388672
0.504,5.116715908050537
0.5042,5.119438171386719
0.5044,5.122161865234375
0.5046,5.124886989593506
0.5048,5.127613067626953
0.505,5.130337715148926
0.5052,5.133066177368164
0.5054,5.135793685913086
0.5056,5.138524055480957
0.5058,5.1412553787231445
0.506,5.143988132476807
0.5062,5.146721363067627
0.5064,5.149454116821289
0.5066,5.152190208435059
0.5068,5.154925346374512
0.507,5.157663345336914
0.5072,5.160401821136475
0.5074,5.163142204284668
0.5076,5.1658830642700195
0.5078,5.168623924255371
0.508,5.171367168426514
0.5082,5.174109935760498
0.5084,5.176855564117432
0.5086,5.179602146148682
0.5088,5.182350158691406
0.509,5.185098648071289
0.5092,5.187847137451172
0.5094,5.190598011016846
0.5096,5.1933488845825195
0.5098,5.196101665496826
0.51,5.198855400085449
0.5102,5.201611042022705
0.5104,5.204367637634277
0.5106,5.207123756408691
0.5108,5.2098822593688965
0.511,5.212640762329102
0.5112,5.2154011726379395
0.5114,5.218163013458252
0.5116,5.220925807952881
0.5118,5.223690509796143
0.512,5.2264556884765625
0.5122,5.229220390319824
0.5124,5.231986045837402
0.5126,5.23475456237793
0.5128,5.237524032592773
0.513,5.240294933319092
0.5132,5.243066787719727
0.5134,5.245839595794678
0.5136,5.248611927032471
0.5138,5.251386642456055
0.514,5.254161834716797
0.5142,5.256938934326172
0.5144,5.2597174644470215
0.5146,5.2624969482421875
0.5148,5.26527738571167
0.515,5.268057346343994
0.5152,5.270840644836426
0.5154,5.273622989654541
0.5156,5.276407718658447
0.5158,5.279193878173828
0.516,5.281980991363525
0.5162,5.284769535064697
0.5164,5.287557125091553
0.5166,5.290347576141357
0.5168,5.293137550354004
0.517,5.2959303855896
0.5172,5.29872465133667
0.5174,5.301519393920898
0.5176,5.304315090179443
0.5178,5.307110786437988
0.518,5.309908866882324
0.5182,5.31270694732666
0.5184,5.315507411956787
0.5186,5.3183088302612305
0.5188,5.321111679077148
0.519,5.323915481567383
0.5192,5.326720714569092
0.5194,5.329524517059326
0.5196,5.332330226898193
0.5198,5.335138320922852
0.52,5.337947845458984
0.5202,5.340757846832275
0.5204,5.343570232391357
0.5206,5.3463826179504395
0.5208,5.349194526672363
0.521,5.3520097732543945
0.5212,5.354824066162109
0.5214,5.357641220092773
0.5216,5.360459327697754
0.5218,5.363278388977051
0.522,5.366098880767822
0.5222,5.368919372558594
0.5224,5.371741771697998
0.5226,5.374563694000244
0.5228,5.3773884773254395
0.523,5.380215167999268
0.5232,5.383042335510254
0.5234,5.385870456695557
0.5236,5.388698101043701
0.5238,5.391528129577637
0.524,5.394358158111572
0.5242,5.397190570831299
0.5244,5.400024890899658
0.5246,5.402859687805176
0.5248,5.405695915222168
0.525,5.408531188964844
0.5252,5.411369323730469
0.5254,5.414207458496094
0.5256,5.41704797744751
0.5258,5.419889450073242
0.526,5.422731876373291
0.5262,5.425576210021973
0.5264,5.4284210205078125
0.5266,5.431265354156494
0.5268,5.434110641479492
0.527,5.436959743499756
0.5272,5.4398088455200195
0.5274,5.442659854888916
0.5276,5.445511341094971
0.5278,5.4483642578125
0.528,5.451216220855713
0.5282,5.454069137573242
0.5284,5.456925868988037
0.5286,5.459783554077148
0.5288,5.46264123916626
0.529,5.465500831604004
0.5292,5.468361854553223
0.5294,5.471221923828125
0.5296,5.474084854125977
0.5298,5.47694730758667
0.53,5.4798126220703125
0.5302,5.482678413391113
0.5304,5.485546112060547
0.5306,5.488414287567139
0.5308,5.4912824630737305
0.531,5.4941534996032715
0.5312,5.497023582458496
0.5314,5.49989652633667
0.5316,5.502770900726318
0.5318,5.505645751953125
0.532,5.5085225105285645
0.5322,5.5113983154296875
0.5324,5.514277458190918
0.5326,5.517155170440674
0.5328,5.520035743713379
0.533,5.522918701171875
0.5332,5.525801658630371
0.5334,5.528685569763184
0.5336,5.531569480895996
0.5338,5.5344557762146
0.534,5.537342548370361
0.5342,5.540230751037598
0.5344,5.543120384216309
0.5346,5.546011447906494
0.5348,5.548903942108154
0.535,5.551797389984131
0.5352,5.554689884185791
0.5354,5.557584285736084
0.5356,5.560481071472168
0.5358,5.563378810882568
0.536,5.566277980804443
0.5362,5.569177627563477
0.5364,5.572078704833984
0.5366,5.57498025894165
0.5368,5.577883720397949
0.537,5.580786228179932
0.5372,5.5836920738220215
0.5374,5.586599349975586
0.5376,5.589507579803467
0.5378,5.592416763305664
0.538,5.595324993133545
0.5382,5.598236560821533
0.5384,5.601147651672363
0.5386,5.604061126708984
0.5388,5.60697603225708
0.539,5.60989236831665
0.5392,5.612809181213379
0.5394,5.615726470947266
0.5396,5.618645668029785
0.5398,5.6215643882751465
0.54,5.624486446380615
0.5402,5.627408504486084
0.5404,5.630332946777344
0.5406,5.63325834274292
0.5408,5.6361823081970215
0.541,5.639110088348389
0.5412,5.6420369148254395
0.5414,5.6449666023254395
0.5416,5.647897243499756
0.5418,5.650828838348389
0.542,5.653762340545654
0.5422,5.656696319580078
0.5424,5.659630298614502
0.5426,5.662565231323242
0.5428,5.665502548217773
0.543,5.6684417724609375
0.5432,5.671381950378418
0.5434,5.674322605133057
0.5436,5.677265167236328
0.5438,5.680206775665283
0.544,5.683151721954346
0.5442,5.686095237731934
0.5444,5.689042091369629
0.5446,5.691990375518799
0.5448,5.694939136505127
0.545,5.69788932800293
0.5452,5.700839519500732
0.5454,5.703791618347168
0.5456,5.7067437171936035
0.5458,5.709698677062988
0.546,5.7126545906066895
0.5462,5.715611934661865
0.5464,5.718570232391357
0.5466,5.721528053283691
0.5468,5.724488258361816
0.547,5.727448463439941
0.5472,5.730411052703857
0.5474,5.733375549316406
0.5476,5.736340045928955
0.5478,5.739306926727295
0.548,5.74227237701416
0.5482,5.745241165161133
0.5484,5.748208999633789
0.5486,5.751180648803711
0.5488,5.754151821136475
0.549,5.7571258544921875
0.5492,5.7600998878479
0.5494,5.763073921203613
0.5496,5.766050338745117
0.5498,5.769026279449463
0.55,5.772005558013916
0.5502,5.7749857902526855
0.5504,5.7779669761657715
0.5506,5.780949592590332
0.5508,5.783933162689209
0.551,5.786916255950928
0.5512,5.789900302886963
0.5514,5.792887210845947
0.5516,5.795875549316406
0.5518,5.798864841461182
0.552,5.801855087280273
0.5522,5.804847717285156
0.5524,5.807838439941406
0.5526,5.8108320236206055
0.5528,5.813825607299805
0.553,5.816822052001953
0.5532,5.819819450378418
0.5534,5.822818279266357
0.5536,5.825818061828613
0.5538,5.828817367553711
0.554,5.831819534301758
0.5542,5.8348212242126465
0.5544,5.837825298309326
0.5546,5.840831279754639
0.5548,5.843838214874268
0.555,5.846845626831055
0.5552,5.849853515625
0.5554,5.852863311767578
0.5556,5.855873107910156
0.5558,5.858886241912842
0.556,5.861899375915527
0.5562,5.8649139404296875
0.5564,5.8679304122924805
0.5566,5.870945453643799
0.5568,5.873964309692383
0.557,5.876981735229492
0.5572,5.880002498626709
0.5574,5.8830246925354
0.5576,5.886047840118408
0.5578,5.889071941375732
0.558,5.892097473144531
0.5582,5.895122528076172
0.5584,5.898148059844971
0.5586,5.901176929473877
0.5588,5.904207229614258
0.559,5.907238006591797
0.5592,5.910270690917969
0.5594,5.913303852081299
0.5596,5.916337013244629
0.5598,5.919373035430908
0.56,5.922407627105713
0.5602,5.925446033477783
0.5604,5.92848539352417
0.5606,5.931526184082031
0.5608,5.934567928314209
0.561,5.93760871887207
0.5612,5.940653324127197
0.5614,5.943696022033691
0.5616,5.946743488311768
0.5618,5.9497904777526855
0.562,5.952839374542236
0.5622,5.9558892250061035
0.5624,5.9589385986328125
0.5626,5.961990833282471
0.5628,5.965042591094971
0.563,5.96809720993042
0.5632,5.9711527824401855
0.5634,5.974209308624268
0.5636,5.977267742156982
0.5638,5.980325222015381
0.564,5.9833855628967285
0.5642,5.986445426940918
0.5644,5.989508152008057
0.5646,5.99257230758667
0.5648,5.995637893676758
0.565,5.998703956604004
0.5652,6.00177001953125
0.5654,6.004837989807129
0.5656,6.007906436920166
0.5658,6.010977745056152
0.566,6.014049530029297
0.5662,6.017122745513916
0.5664,6.020198345184326
0.5666,6.023273468017578
0.5668,6.026348114013672
0.567,6.029425144195557
0.5672,6.032504081726074
0.5674,6.035584926605225
0.5676,6.038666248321533
0.5678,6.041749477386475
0.568,6.044833660125732
0.5682,6.047916412353516
0.5684,6.0510029792785645
0.5686,6.054088592529297
0.5688,6.0571770668029785
0.569,6.060267448425293
0.5692,6.063358306884766
0.5694,6.066450595855713
0.5696,6.069542407989502
0.5698,6.072636604309082
0.57,6.07573127746582
0.5702,6.07882833480835
0.5704,6.081926345825195
0.5706,6.085025310516357
0.5708,6.0881266593933105
0.571,6.091226100921631
0.5712,6.094328880310059
0.5714,6.09743070602417
0.5716,6.100536346435547
0.5718,6.103643417358398
0.572,6.10675048828125
0.5722,6.109859466552734
0.5724,6.1129679679870605
0.5726,6.116079330444336
0.5728,6.119189739227295
0.573,6.122303009033203
0.5732,6.125418186187744
0.5734,6.128534317016602
0.5736,6.131650924682617
0.5738,6.134769439697266
0.574,6.137887477874756
0.5742,6.141005992889404
0.5744,6.144128322601318
0.5746,6.147251129150391
0.5748,6.1503753662109375
0.575,6.153501033782959
0.5752,6.156627655029297
0.5754,6.159753799438477
0.5756,6.1628828048706055
0.5758,6.166011333465576
0.576,6.169142723083496
0.5762,6.172275543212891
0.5764,6.175409317016602
0.5766,6.178544044494629
0.5768,6.181678771972656
0.577,6.184816360473633
0.5772,6.187952518463135
0.5774,6.1910929679870605
0.5776,6.194233417510986
0.5778,6.197375774383545
0.578,6.20051908493042
0.5782,6.203662395477295
0.5784,6.206808090209961
0.5786,6.2099528312683105
0.5788,6.213100910186768
0.579,6.216250896453857
0.5792,6.219400882720947
0.5794,6.22255277633667
0.5796,6.225704193115234
0.5798,6.22885799407959
0.58,6.232011318206787
0.5802,6.23516845703125
0.5804,6.238326549530029
0.5806,6.241485118865967
0.5808,6.244645118713379
0.581,6.247804641723633
0.5812,6.250967025756836
0.5814,6.254128932952881
0.5816,6.257294178009033
0.5818,6.260460376739502
0.582,6.263628005981445
0.5822,6.266796112060547
0.5824,6.269965648651123
0.5826,6.273135185241699
0.5828,6.276305198669434
0.583,6.279479026794434
0.5832,6.282653331756592
0.5834,6.285829067230225
0.5836,6.289006233215332
0.5838,6.292183876037598
0.584,6.2953619956970215
0.5842,6.298542499542236
0.5844,6.301722049713135
0.5846,6.304904937744141
0.5848,6.308089256286621
0.585,6.311275005340576
0.5852,6.314461708068848
0.5854,6.317647457122803
0.5856,6.320837020874023
0.5858,6.3240251541137695
0.586,6.327216625213623
0.5862,6.330409526824951
0.5864,6.3336029052734375
0.5866,6.336797714233398
0.5868,6.339992046356201
0.587,6.343189716339111
0.5872,6.346386909484863
0.5874,6.349586486816406
0.5876,6.352787494659424
0.5878,6.355990409851074
0.588,6.359193801879883
0.5882,6.362396717071533
0.5884,6.365602493286133
0.5886,6.368808269500732
0.5888,6.372016429901123
0.589,6.37522554397583
0.5892,6.378437042236328
0.5894,6.381648540496826
0.5896,6.384862422943115
0.5898,6.38807487487793
0.59,6.391288757324219
0.5902,6.394505500793457
0.5904,6.39772367477417
0.5906,6.400942802429199
0.5908,6.404163360595703
0.591,6.407384395599365
0.5912,6.410605430603027
0.5914,6.413830280303955
0.5916,6.417054176330566
0.5918,6.420279502868652
0.592,6.423508167266846
0.5922,6.426736831665039
0.5924,6.429967403411865
0.5926,6.433197021484375
0.5928,6.436429500579834
0.593,6.439661026000977
0.5932,6.442896366119385
0.5934,6.446132659912109
0.5936,6.449370861053467
0.5938,6.452609062194824
0.594,6.455846786499023
0.5942,6.459088325500488
0.5944,6.462329387664795
0.5946,6.465572834014893
0.5948,6.468817234039307
0.595,6.472064018249512
0.5952,6.475311279296875
0.5954,6.478557586669922
0.5956,6.481807708740234
0.5958,6.485056400299072
0.596,6.488309383392334
0.5962,6.4915618896484375
0.5964,6.49481725692749
0.5966,6.498072624206543
0.5968,6.501330375671387
0.597,6.504586219787598
0.5972,6.507843971252441
0.5974,6.511104583740234
0.5976,6.514366626739502
0.5978,6.517629623413086
0.598,6.5208940505981445
0.5982,6.524160385131836
0.5984,6.527424335479736
0.5986,6.530690670013428
0.5988,6.533960342407227
0.599,6.537230968475342
0.5992,6.54050350189209
0.5994,6.54377555847168
0.5996,6.5470499992370605
0.5998,6.550323963165283
0.6,6.553600311279297
0.6002,6.556876182556152
0.6004,6.560155391693115
0.6006,6.563436031341553
0.6008,6.566718101501465
0.601,6.570000648498535
0.6012,6.573282718658447
0.6014,6.576567649841309
0.6016,6.57985258102417
0.6018,6.583140850067139
0.602,6.586429595947266
0.6022,6.589719295501709
0.6024,6.593011856079102
0.6026,6.596301555633545
0.6028,6.59959602355957
0.603,6.602889060974121
0.6032,6.606184959411621
0.6034,6.609483242034912
0.6036,6.612781524658203
0.6038,6.616082191467285
0.604,6.619381904602051
0.6042,6.622684001922607
0.6044,6.625986099243164
0.6046,6.629292011260986
0.6048,6.63259744644165
0.605,6.635904788970947
0.6052,6.639214038848877
0.6054,6.642523765563965
0.6056,6.6458330154418945
0.6058,6.649143218994141
0.606,6.652457237243652
0.6062,6.655772686004639
0.6064,6.659088611602783
0.6066,6.662405967712402
0.6068,6.665724277496338
0.607,6.669042587280273
0.6072,6.672364234924316
0.6074,6.675684452056885
0.6076,6.6790080070495605
0.6078,6.682332992553711
0.608,6.6856584548950195
0.6082,6.688986301422119
0.6084,6.692312717437744
0.6086,6.695642471313477
0.6088,6.698972225189209
0.609,6.702304363250732
0.6092,6.7056379318237305
0.6094,6.708972930908203
0.6096,6.712308883666992
0.6098,6.715643882751465
0.61,6.718982696533203
0.6102,6.722321033477783
0.6104,6.725661754608154
0.6106,6.72900390625
0.6108,6.73234748840332
0.611,6.735692024230957
0.6112,6.739036560058594
0.6114,6.7423834800720215
0.6116,6.745729923248291
0.6118,6.749080181121826
0.612,6.752430438995361
0.6122,6.755782604217529
0.6124,6.759136199951172
0.6126,6.762491703033447
0.6128,6.76584529876709
0.613,6.769200801849365
0.6132,6.772559642791748
0.6134,6.775918960571289
0.6136,6.779279708862305
0.6138,6.782641887664795
0.614,6.786005020141602
0.6142,6.789368152618408
0.6144,6.792734146118164
0.6146,6.7960991859436035
0.6148,6.799468517303467
0.615,6.80283784866333
0.6152,6.806209087371826
0.6154,6.8095808029174805
0.6156,6.812952041625977
0.6158,6.8163275718688965
0.616,6.819701194763184
0.6162,6.823078632354736
0.6164,6.826456546783447
0.6166,6.829836845397949
0.6168,6.833218097686768
0.617,6.8365983963012695
0.6172,6.839982032775879
0.6174,6.843364715576172
0.6176,6.846750259399414
0.6178,6.850138187408447
0.618,6.853526592254639
0.6182,6.856916427612305
0.6184,6.860305309295654
0.6186,6.863697052001953
0.6188,6.86708927154541
0.619,6.870483875274658
0.6192,6.873880386352539
0.6194,6.877277851104736
0.6196,6.880675792694092
0.6198,6.8840742111206055
0.62,6.88747501373291
0.6202,6.890875339508057
0.6204,6.894279479980469
0.6206,6.897684097290039
0.6208,6.901090621948242
0.621,6.904498100280762
0.6212,6.907906532287598
0.6214,6.911314487457275
0.6216,6.914723873138428
0.6218,6.9181365966796875
0.622,6.9215497970581055
0.6222,6.9249653816223145
0.6224,6.928381443023682
0.6226,6.931798934936523
0.6228,6.935215950012207
0.623,6.93863582611084
0.6232,6.9420552253723145
0.6234,6.945477485656738
0.6236,6.948901653289795
0.6238,6.952326774597168
0.624,6.955753326416016
0.6242,6.959178447723389
0.6244,6.9626078605651855
0.6246,6.966035842895508
0.6248,6.969467639923096
0.625,6.972900390625
0.6252,6.976334571838379
0.6254,6.979769706726074
0.6256,6.983203887939453
0.6258,6.986641883850098
0.626,6.990079402923584
0.6262,6.993519306182861
0.6264,6.996960639953613
0.6266,7.000403881072998
0.6268,7.003848075866699
0.627,7.007291316986084
0.6272,7.010738372802734
0.6274,7.014184474945068
0.6276,7.017633438110352
0.6278,7.021084308624268
0.628,7.024535179138184
0.6282,7.027988433837891
0.6284,7.031443119049072
0.6286,7.0348968505859375
0.6288,7.038351535797119
0.629,7.041809558868408
0.6292,7.045269012451172
0.6294,7.048729419708252
0.6296,7.052191734313965
0.6298,7.055655002593994
0.63,7.059116840362549
0.6302,7.0625834465026855
0.6304,7.066048622131348
0.6306,7.069517135620117
0.6308,7.072986125946045
0.631,7.0764570236206055
0.6312,7.079928874969482
0.6314,7.083401203155518
0.6316,7.086875915527344
0.6318,7.090349197387695
0.632,7.093827247619629
0.6322,7.0973052978515625
0.6324,7.100785255432129
0.6326,7.104267120361328
0.6328,7.107746601104736
0.633,7.111230850219727
0.6332,7.114713191986084
0.6334,7.118199348449707
0.6336,7.121686935424805
0.6338,7.125175952911377
0.634,7.128665924072266
0.6342,7.132154941558838
0.6344,7.135648250579834
0.6346,7.139139652252197
0.6348,7.142634868621826
0.635,7.14613151550293
0.6352,7.149629592895508
0.6354,7.153128623962402
0.6356,7.156627178192139
0.6358,7.160128116607666
0.636,7.163629531860352
0.6362,7.167133331298828
0.6364,7.1706390380859375
0.6366,7.1741461753845215
0.6368,7.1776533126831055
0.637,7.181163787841797
0.6372,7.184671401977539
0.6374,7.188181400299072
0.6376,7.191695213317871
0.6378,7.195209503173828
0.638,7.198724746704102
0.6382,7.202241897583008
0.6384,7.205760478973389
0.6386,7.209278106689453
0.6388,7.212799549102783
0.639,7.216319561004639
0.6392,7.219842910766602
0.6394,7.223367691040039
0.6396,7.226893424987793
0.6398,7.230422019958496
0.64,7.233948230743408
0.6402,7.237477779388428
0.6404,7.241006851196289
0.6406,7.244539737701416
0.6408,7.248073577880859
0.641,7.251608371734619
0.6412,7.255145072937012
0.6414,7.258680820465088
0.6416,7.2622199058532715
0.6418,7.265758037567139
0.642,7.2692999839782715
0.6422,7.2728424072265625
0.6424,7.276386260986328
0.6426,7.279932498931885
0.6428,7.283477306365967
0.643,7.287025451660156
0.6432,7.290572166442871
0.6434,7.29412317276001
0.6436,7.297675132751465
0.6438,7.301228046417236
0.644,7.304782867431641
0.6442,7.308338642120361
0.6444,7.311893463134766
0.6446,7.315450191497803
0.6448,7.319009780883789
0.645,7.32257080078125
0.6452,7.326133728027344
0.6454,7.329697608947754
0.6456,7.333261966705322
0.6458,7.336825847625732
0.646,7.340393543243408
0.6462,7.343960762023926
0.6464,7.347530364990234
0.6466,7.351101875305176
0.6468,7.354674339294434
0.647,7.358248710632324
0.6472,7.361822128295898
0.6474,7.365398406982422
0.6476,7.368974685668945
0.6478,7.372553825378418
0.648,7.376134395599365
0.6482,7.379716396331787
0.6484,7.383299827575684
0.6486,7.3868818283081055
0.6488,7.390467643737793
0.649,7.394052982330322
0.6492,7.397641181945801
0.6494,7.401230335235596
0.6496,7.404821395874023
0.6498,7.408413887023926
0.65,7.412005424499512
0.6502,7.415600776672363
0.6504,7.419195175170898
0.6506,7.422792434692383
0.6508,7.426391124725342
0.651,7.429991245269775
0.6512,7.433592796325684
0.6514,7.437196254730225
0.6516,7.440797805786133
0.6518,7.444400787353516
0.652,7.448007106781006
0.6522,7.451615333557129
0.6524,7.455224990844727
0.6526,7.458835601806641
0.6528,7.4624481201171875
0.653,7.46605920791626
0.6532,7.469671249389648
0.6534,7.473287105560303
0.6536,7.47690486907959
0.6538,7.480522632598877
0.654,7.484142780303955
0.6542,7.48776388168335
0.6544,7.491384029388428
0.6546,7.4950079917907715
0.6548,7.498631000518799
0.655,7.502257823944092
0.6552,7.505885124206543
0.6554,7.509513854980469
0.6556,7.5131449699401855
0.6558,7.516774654388428
0.656,7.520406723022461
0.6562,7.524039268493652
0.6564,7.527675151824951
0.6566,7.531311988830566
0.6568,7.534950256347656
0.657,7.538589000701904
0.6572,7.542227745056152
0.6574,7.545870304107666
0.6576,7.5495123863220215
0.6578,7.553156852722168
0.658,7.556802749633789
0.6582,7.560450077056885
0.6584,7.564099311828613
0.6586,7.567747592926025
0.6588,7.571398735046387
0.659,7.575048923492432
0.6592,7.578702926635742
0.6594,7.582358360290527
0.6596,7.586015224456787
0.6598,7.5896735191345215
0.66,7.593332767486572
0.6602,7.596991539001465
0.6604,7.600651264190674
0.6606,7.604314804077148
0.6608,7.607979774475098
0.661,7.611645698547363
0.6612,7.615312576293945
0.6614,7.618981838226318
0.6616,7.622649669647217
0.6618,7.626319885253906
0.662,7.629990577697754
0.6622,7.633664608001709
0.6624,7.637340545654297
0.6626,7.641016960144043
0.6628,7.6446943283081055
0.663,7.648371696472168
0.6632,7.652052402496338
0.6634,7.655732154846191
0.6636,7.659415245056152
0.6638,7.663100242614746
0.664,7.666785717010498
0.6642,7.670473098754883
0.6644,7.674158573150635
0.6646,7.677848815917969
0.6648,7.681538105010986
0.665,7.685230255126953
0.6652,7.688924789428711
0.6654,7.692620277404785
0.6656,7.696316719055176
0.6658,7.700011730194092
0.666,7.703711032867432
0.6662,7.7074103355407715
0.6664,7.711111545562744
0.6666,7.71481466293335
0.6668,7.71851921081543
0.667,7.722225189208984
0.6672,7.7259321212768555
0.6674,7.72963809967041
0.6676,7.733346462249756
0.6678,7.737057685852051
0.668,7.740769863128662
0.6682,7.744483947753906
0.6684,7.748198509216309
0.6686,7.751915454864502
0.6688,7.755631923675537
0.669,7.759350776672363
0.6692,7.763068675994873
0.6694,7.766790390014648
0.6696,7.770514011383057
0.6698,7.774238109588623
0.67,7.7779645919799805
0.6702,7.781689167022705
0.6704,7.7854180335998535
0.6706,7.7891459465026855
0.6708,7.792877197265625
0.671,7.796610355377197
0.6712,7.8003435134887695
0.6714,7.804078578948975
0.6716,7.8078131675720215
0.6718,7.811551094055176
0.672,7.815288543701172
0.6722,7.819029331207275
0.6724,7.822771072387695
0.6726,7.826514720916748
0.6728,7.830259323120117
0.673,7.834003448486328
0.6732,7.83774995803833
0.6734,7.84149694442749
0.6736,7.845247268676758
0.6738,7.848998069763184
0.674,7.852751731872559
0.6742,7.856505870819092
0.6744,7.860259056091309
0.6746,7.864016056060791
0.6748,7.867771625518799
0.675,7.871530532836914
0.6752,7.875291347503662
0.6754,7.879053115844727
0.6756,7.88281774520874
0.6758,7.886582851409912
0.676,7.890346050262451
0.6762,7.894111156463623
0.6764,7.897880554199219
0.6766,7.901650905609131
0.6768,7.905422210693359
0.677,7.909195423126221
0.6772,7.912970066070557
0.6774,7.91674280166626
0.6776,7.920519828796387
0.6778,7.9242963790893555
0.678,7.928076267242432
0.6782,7.931857109069824
0.6784,7.935638904571533
0.6786,7.939423084259033
0.6788,7.943206310272217
0.679,7.94699239730835
0.6792,7.950778007507324
0.6794,7.9545674324035645
0.6796,7.958357810974121
0.6798,7.9621500968933105
0.68,7.965943813323975
0.6802,7.969735145568848
0.6804,7.973531723022461
0.6806,7.977326393127441
0.6808,7.981125354766846
0.681,7.984925746917725
0.6812,7.988726615905762
0.6814,7.992529392242432
0.6816,7.996331214904785
0.6818,8.000136375427246
0.682,8.003941535949707
0.6822,8.007749557495117
0.6824,8.011558532714844
0.6826,8.015369415283203
0.6828,8.019181251525879
0.683,8.022995948791504
0.6832,8.026808738708496
0.6834,8.030622482299805
0.6836,8.034440994262695
0.6838,8.038259506225586
0.684,8.042078971862793
0.6842,8.04590129852295
0.6844,8.049724578857422
0.6846,8.053546905517578
0.6848,8.057373046875
0.685,8.061198234558105
0.6852,8.06502628326416
0.6854,8.068855285644531
0.6856,8.072687149047852
0.6858,8.076519966125488
0.686,8.080351829528809
0.6862,8.084187507629395
0.6864,8.088021278381348
0.6866,8.091859817504883
0.6868,8.095699310302734
0.687,8.099540710449219
0.6872,8.10338306427002
0.6874,8.107223510742188
0.6876,8.111068725585938
0.6878,8.114912033081055
0.688,8.118760108947754
0.6882,8.12260913848877
0.6884,8.126460075378418
0.6886,8.130311012268066
0.6888,8.134162902832031
0.689,8.138017654418945
0.6892,8.141870498657227
0.6894,8.14572811126709
0.6896,8.14958667755127
0.6898,8.153447151184082
0.69,8.157308578491211
0.6902,8.161169052124023
0.6904,8.165032386779785
0.6906,8.168896675109863
0.6908,8.172762870788574
0.691,8.176630973815918
0.6912,8.180500984191895
0.6914,8.184371948242188
0.6916,8.188243865966797
0.6918,8.192115783691406
0.692,8.195988655090332
0.6922,8.199864387512207
0.6924,8.203742980957031
0.6926,8.207622528076172
0.6928,8.211503028869629
0.693,8.215385437011719
0.6932,8.219265937805176
0.6934,8.223150253295898
0.6936,8.227034568786621
0.6938,8.230921745300293
0.694,8.234810829162598
0.6942,8.238701820373535
0.6944,8.242593765258789
0.6946,8.246482849121094
0.6948,8.250377655029297
0.695,8.254271507263184
0.6952,8.258169174194336
0.6954,8.262066841125488
0.6956,8.265966415405273
0.6958,8.269868850708008
0.696,8.273768424987793
0.6962,8.27767276763916
0.6964,8.281576156616211
0.6966,8.285482406616211
0.6968,8.289390563964844
0.697,8.29330062866211
0.6972,8.297211647033691
0.6974,8.301121711730957
0.6976,8.305035591125488
0.6978,8.308947563171387
0.698,8.312864303588867
0.6982,8.316781997680664
0.6984,8.320701599121094
0.6986,8.324623107910156
0.6988,8.328544616699219
0.699,8.332465171813965
0.6992,8.33638858795166
0.6994,8.340313911437988
0.6996,8.34424114227295
0.6998,8.348170280456543
0.7,8.352100372314453
0.7002,8.356032371520996
0.7004,8.359963417053223
0.7006,8.363898277282715
0.7008,8.367831230163574
0.701,8.371768951416016
0.7012,8.375707626342773
0.7014,8.379648208618164
0.7016,8.383588790893555
0.7018,8.387529373168945
0.702,8.391473770141602
0.7022,8.395417213439941
0.7024,8.399364471435547
0.7026,8.403313636779785
0.7028,8.407262802124023
0.703,8.411212921142578
0.7032,8.415163040161133
0.7034,8.419116973876953
0.7036,8.423070907592773
0.7038,8.427027702331543
0.704,8.430985450744629
0.7042,8.434945106506348
0.7044,8.438905715942383
0.7046,8.442866325378418
0.7048,8.446829795837402
0.705,8.45079231262207
0.7052,8.45475959777832
0.7054,8.45872688293457
0.7056,8.46269702911377
0.7058,8.466667175292969
0.706,8.470637321472168
0.7062,8.474611282348633
0.7064,8.478582382202148
0.7066,8.482560157775879
0.7068,8.48653793334961
0.707,8.490516662597656
0.7072,8.49449634552002
0.7074,8.498478889465332
0.7076,8.502459526062012
0.7078,8.506442070007324
0.708,8.510428428649902
0.7082,8.51441478729248
0.7084,8.518404006958008
0.7086,8.522395133972168
0.7088,8.526386260986328
0.709,8.530377388000488
0.7092,8.534372329711914
0.7094,8.538365364074707
0.7096,8.542363166809082
0.7098,8.546361923217773
0.71,8.550361633300781
0.7102,8.554362297058105
0.7104,8.558363914489746
0.7106,8.562368392944336
0.7108,8.56637191772461
0.711,8.570379257202148
0.7112,8.574386596679688
0.7114,8.578396797180176
0.7116,8.58240795135498
0.7118,8.586419105529785
0.712,8.590432167053223
0.7122,8.594447135925293
0.7124,8.59846305847168
0.7126,8.602481842041016
0.7128,8.606500625610352
0.713,8.610522270202637
0.7132,8.614542961120605
0.7134,8.618566513061523
0.7136,8.622590065002441
0.7138,8.626616477966309
0.714,8.630644798278809
0.7142,8.634675025939941
0.7144,8.63870620727539
0.7146,8.642738342285156
0.7148,8.646770477294922
0.715,8.650803565979004
0.7152,8.654839515686035
0.7154,8.6588773727417
0.7156,8.662917137145996
0.7158,8.66695785522461
0.716,8.671000480651855
0.7162,8.675041198730469
0.7164,8.679086685180664
0.7166,8.683131217956543
0.7168,8.687179565429688
0.717,8.691229820251465
0.7172,8.695280075073242
0.7174,8.699332237243652
0.7176,8.703383445739746
0.7178,8.707438468933105
0.718,8.711492538452148
0.7182,8.715550422668457
0.7184,8.719609260559082
0.7186,8.723670959472656
0.7188,8.727733612060547
0.719,8.731793403625488
0.7192,8.735858917236328
0.7194,8.739923477172852
0.7196,8.743990898132324
0.7198,8.74806022644043
0.72,8.752130508422852
0.7202,8.756203651428223
0.7204,8.760274887084961
0.7206,8.764349937438965
0.7208,8.768423080444336
0.721,8.772501945495605
0.7212,8.776580810546875
0.7214,8.780660629272461
0.7216,8.784743309020996
0.7218,8.788825988769531
0.722,8.792909622192383
0.7222,8.796993255615234
0.7224,8.801081657409668
0.7226,8.805170059204102
0.7228,8.809261322021484
0.723,8.813353538513184
0.7232,8.8174467086792
0.7234,8.821538925170898
0.7236,8.82563304901123
0.7238,8.829730987548828
0.724,8.833829879760742
0.7242,8.837929725646973
0.7244,8.842032432556152
0.7246,8.846135139465332
0.7248,8.850238800048828
0.725,8.854344367980957
0.7252,8.858449935913086
0.7254,8.862558364868164
0.7256,8.866670608520508
0.7258,8.870781898498535
0.726,8.874895095825195
0.7262,8.879007339477539
0.7264,8.883124351501465
0.7266,8.887239456176758
0.7268,8.891359329223633
0.727,8.895479202270508
0.7272,8.899600982666016
0.7274,8.903724670410156
0.7276,8.90784740447998
0.7278,8.91197395324707
0.728,8.916099548339844
0.7282,8.920228004455566
0.7284,8.924358367919922
0.7286,8.92849063873291
0.7288,8.932624816894531
0.729,8.93675708770752
0.7292,8.940893173217773
0.7294,8.945028305053711
0.7296,8.94916820526123
0.7298,8.953309059143066
0.73,8.957450866699219
0.7302,8.961594581604004
0.7304,8.965739250183105
0.7306,8.96988296508789
0.7308,8.974029541015625
0.731,8.978178024291992
0.7312,8.982329368591309
0.7314,8.986481666564941
0.7316,8.99063491821289
0.7318,8.994790077209473
0.732,8.998944282531738
0.7322,9.003101348876953
0.7324,9.007258415222168
0.7326,9.011419296264648
0.7328,9.015582084655762
0.733,9.019745826721191
0.7332,9.023911476135254
0.7334,9.028075218200684
0.7336,9.032242774963379
0.7338,9.036410331726074
0.734,9.040580749511719
0.7342,9.044753074645996
0.7344,9.048927307128906
0.7346,9.053102493286133
0.7348,9.057276725769043
0.735,9.061454772949219
0.7352,9.065631866455078
0.7354,9.069812774658203
0.7356,9.073995590209961
0.7358,9.078179359436035
0.736,9.082365036010742
0.7362,9.086549758911133
0.7364,9.090737342834473
0.7366,9.094924926757812
0.7368,9.099115371704102
0.737,9.10330867767334
0.7372,9.107502937316895
0.7374,9.111698150634766
0.7376,9.115894317626953
0.7378,9.120091438293457
0.738,9.124288558959961
0.7382,9.128490447998047
0.7384,9.132692337036133
0.7386,9.136897087097168
0.7388,9.141101837158203
0.739,9.145309448242188
0.7392,9.149515151977539
0.7394,9.153725624084473
0.7396,9.157934188842773
0.7398,9.162147521972656
0.74,9.166361808776855
0.7402,9.170578002929688
0.7404,9.174795150756836
0.7406,9.179011344909668
0.7408,9.183231353759766
0.741,9.187450408935547
0.7412,9.19167423248291
0.7414,9.19589900970459
0.7416,9.200124740600586
0.7418,9.204352378845215
0.742,9.208579063415527
0.7422,9.212808609008789
0.7424,9.21703815460205
0.7426,9.221272468566895
0.7428,9.225505828857422
0.743,9.229743003845215
0.7432,9.233980178833008
0.7434,9.2382173538208
0.7436,9.242457389831543
0.7438,9.246697425842285
0.744,9.250940322875977
0.7442,9.2551851272583
0.7444,9.259431838989258
0.7446,9.263679504394531
0.7448,9.267927169799805
0.745,9.272177696228027
0.7452,9.276426315307617
0.7454,9.280680656433105
0.7456,9.284936904907227
0.7458,9.289193153381348
0.746,9.293451309204102
0.7462,9.297710418701172
0.7464,9.301968574523926
0.7466,9.306229591369629
0.7468,9.310492515563965
0.747,9.31475830078125
0.7472,9.319025039672852
0.7474,9.323294639587402
0.7476,9.327564239501953
0.7478,9.331831932067871
0.748,9.336105346679688
0.7482,9.340376853942871
0.7484,9.34465217590332
0.7486,9.348929405212402
0.7488,9.353208541870117
0.749,9.357488632202148
0.7492,9.361766815185547
0.7494,9.366050720214844
0.7496,9.370333671569824
0.7498,9.374619483947754
0.75,9.37890625
0.7502,9.383195877075195
0.7504,9.38748550415039
0.7506,9.391775131225586
0.7508,9.39606761932373
0.751,9.400360107421875
0.7512,9.404657363891602
0.7514,9.408954620361328
0.7516,9.413253784179688
0.7518,9.41755485534668
0.752,9.421854019165039
0.7522,9.426158905029297
0.7524,9.430459976196289
0.7526,9.43476676940918
0.7528,9.439074516296387
0.753,9.443384170532227
0.7532,9.4476957321167
0.7534,9.452008247375488
0.7536,9.456319808959961
0.7538,9.460633277893066
0.754,9.464949607849121
0.7542,9.469267845153809
0.7544,9.473587989807129
0.7546,9.477909088134766
0.7548,9.482232093811035
0.755,9.486553192138672
0.7552,9.490880012512207
0.7554,9.495203971862793
0.7556,9.499533653259277
0.7558,9.503863334655762
0.756,9.508194923400879
0.7562,9.512528419494629
0.7564,9.516860961914062
0.7566,9.521196365356445
0.7568,9.525531768798828
0.757,9.529870986938477
0.7572,9.534211158752441
0.7574,9.538554191589355
0.7576,9.54289722442627
0.7578,9.547239303588867
0.758,9.551586151123047
0.7582,9.55593204498291
0.7584,9.560280799865723
0.7586,9.564632415771484
0.7588,9.568984985351562
0.759,9.573338508605957
0.7592,9.577692031860352
0.7594,9.582048416137695
0.7596,9.586404800415039
0.7598,9.590764045715332
0.76,9.595126152038574
0.7602,9.599488258361816
0.7604,9.603852272033691
0.7606,9.608216285705566
0.7608,9.61258316040039
0.761,9.616950035095215
0.7612,9.621319770812988
0.7614,9.625691413879395
0.7616,9.630064964294434
0.7618,9.634439468383789
0.762,9.638816833496094
0.7622,9.64319133758545
0.7624,9.647567749023438
0.7626,9.651948928833008
0.7628,9.656331062316895
0.763,9.660715103149414
0.7632,9.66510009765625
0.7634,9.669486999511719
0.7636,9.673872947692871
0.7638,9.678261756896973
0.764,9.682650566101074
0.7642,9.687043190002441
0.7644,9.691437721252441
0.7646,9.695833206176758
0.7648,9.700230598449707
0.765,9.704626083374023
0.7652,9.709027290344238
0.7654,9.71342658996582
0.7656,9.717828750610352
0.7658,9.722233772277832
0.766,9.726639747619629
0.7662,9.731047630310059
0.7664,9.735454559326172
0.7666,9.739864349365234
0.7668,9.744274139404297
0.767,9.748688697814941
0.7672,9.75310230255127
0.7674,9.757519721984863
0.7676,9.761937141418457
0.7678,9.76635456085205
0.768,9.77077579498291
0.7682,9.775196075439453
0.7684,9.779620170593262
0.7686,9.784045219421387
0.7688,9.788472175598145
0.769,9.792901039123535
0.7692,9.797331809997559
0.7694,9.80176067352295
0.7696,9.806190490722656
0.7698,9.810626029968262
0.77,9.815061569213867
0.7702,9.819499015808105
0.7704,9.823939323425293
0.7706,9.82837963104248
0.7708,9.832818984985352
0.771,9.837262153625488
0.7712,9.841705322265625
0.7714,9.846152305603027
0.7716,9.850600242614746
0.7718,9.855050086975098
0.772,9.859501838684082
0.7722,9.863950729370117
0.7724,9.86840534210205
0.7726,9.872859001159668
0.7728,9.877315521240234
0.773,9.881773948669434
0.7732,9.886235237121582
0.7734,9.89069652557373
0.7736,9.895156860351562
0.7738,9.899622917175293
0.774,9.904085159301758
0.7742,9.908553123474121
0.7744,9.913022994995117
0.7746,9.91749382019043
0.7748,9.921966552734375
0.775,9.926437377929688
0.7752,9.930912017822266
0.7754,9.935386657714844
0.7756,9.939865112304688
0.7758,9.944345474243164
0.776,9.948826789855957
0.7762,9.953310012817383
0.7764,9.957794189453125
0.7766,9.96227741241455
0.7768,9.96676254272461
0.777,9.971251487731934
0.7772,9.97574234008789
0.7774,9.980234146118164
0.7776,9.98472785949707
0.7778,9.989222526550293
0.778,9.9937162399292
0.7782,9.998211860656738
0.7784,10.00271224975586
0.7786,10.00721263885498
0.7788,10.01171588897705
0.779,10.016219139099121
0.7792,10.02072525024414
0.7794,10.025230407714844
0.7796,10.029738426208496
0.7798,10.034246444702148
0.78,10.03875732421875
0.7802,10.0432710647583
0.7804,10.047786712646484
0.7806,10.052302360534668
0.7808,10.056817054748535
0.781,10.0613374710083
0.7812,10.065855979919434
0.7814,10.070377349853516
0.7816,10.074901580810547
0.7818,10.079426765441895
0.782,10.083953857421875
0.7822,10.088479995727539
0.7824,10.093009948730469
0.7826,10.097538948059082
0.7828,10.102071762084961
0.783,10.106607437133789
0.7832,10.111143112182617
0.7834,10.115680694580078
0.7836,10.120217323303223
0.7838,10.124757766723633
0.784,10.129298210144043
0.7842,10.133841514587402
0.7844,10.138386726379395
0.7846,10.14293384552002
0.7848,10.147481918334961
0.785,10.152031898498535
0.7852,10.156579971313477
0.7854,10.161130905151367
0.7856,10.165684700012207
0.7858,10.170242309570312
0.786,10.174798965454102
0.7862,10.179357528686523
0.7864,10.183918952941895
0.7866,10.188478469848633
0.7868,10.193041801452637
0.787,10.197604179382324
0.7872,10.202170372009277
0.7874,10.20673942565918
0.7876,10.211309432983398
0.7878,10.215880393981934
0.788,10.220451354980469
0.7882,10.225025177001953
0.7884,10.229598045349121
0.7886,10.234175682067871
0.7888,10.238755226135254
0.789,10.243335723876953
0.7892,10.247918128967285
0.7894,10.252498626708984
0.7896,10.25708293914795
0.7898,10.261667251586914
0.79,10.266256332397461
0.7902,10.270846366882324
0.7904,10.275437355041504
0.7906,10.280030250549316
0.7908,10.284621238708496
0.791,10.289216995239258
0.7912,10.293811798095703
0.7914,10.29841136932373
0.7916,10.303011894226074
0.7918,10.307613372802734
0.792,10.312217712402344
0.7922,10.316822052001953
0.7924,10.321427345275879
0.7926,10.326032638549805
0.7928,10.330641746520996
0.793,10.335253715515137
0.7932,10.339866638183594
0.7934,10.344481468200684
0.7936,10.34909725189209
0.7938,10.353711128234863
0.794,10.358330726623535
0.7942,10.36294937133789
0.7944,10.367571830749512
0.7946,10.372194290161133
0.7948,10.37682056427002
0.795,10.381446838378906
0.7952,10.386072158813477
0.7954,10.390702247619629
0.7956,10.395330429077148
0.7958,10.399964332580566
0.796,10.404598236083984
0.7962,10.409235000610352
0.7964,10.413872718811035
0.7966,10.418508529663086
0.7968,10.423150062561035
0.797,10.427788734436035
0.7972,10.432433128356934
0.7974,10.437078475952148
0.7976,10.441725730895996
0.7978,10.44637393951416
0.798,10.451020240783691
0.7982,10.455673217773438
0.7984,10.460323333740234
0.7986,10.464978218078613
0.7988,10.469634056091309
0.799,10.474291801452637
0.7992,10.478951454162598
0.7994,10.483609199523926
0.7996,10.488272666931152
0.7998,10.49293327331543
0.8,10.497598648071289
0.8002,10.502266883850098
0.8004,10.506935119628906
0.8006,10.511605262756348
0.8008,10.516277313232422
0.801,10.520947456359863
0.8012,10.525619506835938
0.8014,10.530296325683594
0.8016,10.534974098205566
0.8018,10.539653778076172
0.802,10.544334411621094
0.8022,10.549016952514648
0.8024,10.553699493408203
0.8026,10.55838394165039
0.8028,10.563070297241211
0.803,10.567758560180664
0.8032,10.57244873046875
0.8034,10.577140808105469
0.8036,10.581835746765137
0.8038,10.586526870727539
0.804,10.59122371673584
0.8042,10.595919609069824
0.8044,10.600619316101074
0.8046,10.605320930480957
0.8048,10.610023498535156
0.805,10.614728927612305
0.8052,10.619431495666504
0.8054,10.624139785766602
0.8056,10.628846168518066
0.8058,10.633556365966797
0.806,10.638269424438477
0.8062,10.642982482910156
0.8064,10.647698402404785
0.8066,10.652412414550781
0.8068,10.657132148742676
0.807,10.661849021911621
0.8072,10.666570663452148
0.8074,10.671294212341309
0.8076,10.676019668579102
0.8078,10.680746078491211
0.808,10.685474395751953
0.8082,10.690200805664062
0.8084,10.694929122924805
0.8086,10.699661254882812
0.8088,10.70439624786377
0.809,10.709132194519043
0.8092,10.713869094848633
0.8094,10.718608856201172
0.8096,10.723347663879395
0.8098,10.728089332580566
0.81,10.732830047607422
0.8102,10.73757553100586
0.8104,10.742321014404297
0.8106,10.7470703125
0.8108,10.75182056427002
0.811,10.756569862365723
0.8112,10.761322975158691
0.8114,10.766074180603027
0.8116,10.770831108093262
0.8118,10.775588989257812
0.812,10.780348777770996
0.8122,10.785109519958496
0.8124,10.78986930847168
0.8126,10.794634819030762
0.8128,10.799396514892578
0.813,10.80416488647461
0.8132,10.80893325805664
0.8134,10.813704490661621
0.8136,10.818476676940918
0.8138,10.823246002197266
0.814,10.828022003173828
0.8142,10.832796096801758
0.8144,10.83757495880127
0.8146,10.842353820800781
0.8148,10.847137451171875
0.815,10.851920127868652
0.8152,10.856701850891113
0.8154,10.86148738861084
0.8156,10.866272926330566
0.8158,10.871062278747559
0.816,10.875853538513184
0.8162,10.880646705627441
0.8164,10.885441780090332
0.8166,10.890236854553223
0.8168,10.895030975341797
0.817,10.899827003479004
0.8172,10.904627799987793
0.8174,10.909430503845215
0.8176,10.914234161376953
0.8178,10.91904067993164
0.818,10.923846244812012
0.8182,10.9286527633667
0.8184,10.933462142944336
0.8186,10.938271522521973
0.8188,10.943083763122559
0.819,10.94789981842041
0.8192,10.952715873718262
0.8194,10.957533836364746
0.8196,10.962350845336914
0.8198,10.967172622680664
0.82,10.971992492675781
0.8202,10.976816177368164
0.8204,10.981642723083496
0.8206,10.986470222473145
0.8208,10.991299629211426
0.821,10.99612808227539
0.8212,11.000959396362305
0.8214,11.005790710449219
0.8216,11.010625839233398
0.8218,11.015463829040527
0.822,11.020301818847656
0.8222,11.025142669677734
0.8224,11.029982566833496
0.8226,11.034826278686523
0.8228,11.039668083190918
0.823,11.044514656066895
0.8232,11.049363136291504
0.8234,11.054213523864746
0.8236,11.059063911437988
0.8238,11.06391716003418
0.824,11.068769454956055
0.8242,11.073622703552246
0.8244,11.07848072052002
0.8246,11.08333969116211
0.8248,11.088201522827148
0.825,11.093064308166504
0.8252,11.097928047180176
0.8254,11.102791786193848
0.8256,11.107658386230469
0.8258,11.11252498626709
0.826,11.117396354675293
0.8262,11.122267723083496
0.8264,11.127141952514648
0.8266,11.132017135620117
0.8268,11.13689136505127
0.827,11.141770362854004
0.8272,11.146647453308105
0.8274,11.151530265808105
0.8276,11.156413078308105
0.8278,11.161297798156738
0.828,11.16618537902832
0.8282,11.17107105255127
0.8284,11.1759614944458
0.8286,11.180849075317383
0.8288,11.185742378234863
0.829,11.190637588500977
0.8292,11.195533752441406
0.8294,11.200430870056152
0.8296,11.205328941345215
0.8298,11.210229873657227
0.83,11.215128898620605
0.8302,11.220033645629883
0.8304,11.224940299987793
0.8306,11.229846954345703
0.8308,11.234756469726562
0.831,11.239665031433105
0.8312,11.244577407836914
0.8314,11.24948787689209
0.8316,11.254403114318848
0.8318,11.259321212768555
0.832,11.264240264892578
0.8322,11.269160270690918
0.8324,11.274083137512207
0.8326,11.279003143310547
0.8328,11.28392505645752
0.833,11.28885269165039
0.8332,11.293781280517578
0.8334,11.298710823059082
0.8336,11.303643226623535
0.8338,11.308576583862305
0.834,11.313508987426758
0.8342,11.318445205688477
0.8344,11.323380470275879
0.8346,11.328320503234863
0.8348,11.33326244354248
0.835,11.338205337524414
0.8352,11.34315013885498
0.8354,11.34809398651123
0.8356,11.353041648864746
0.8358,11.357988357543945
0.836,11.36293888092041
0.8362,11.367891311645508
0.8364,11.372845649719238
0.8366,11.377802848815918
0.8368,11.382757186889648
0.837,11.387716293334961
0.8372,11.392674446105957
0.8374,11.397636413574219
0.8376,11.40260124206543
0.8378,11.40756607055664
0.838,11.4125337600708
0.8382,11.417499542236328
0.8384,11.422471046447754
0.8386,11.427440643310547
0.8388,11.432414054870605
0.839,11.437389373779297
0.8392,11.442366600036621
0.8394,11.447345733642578
0.8396,11.452325820922852
0.8398,11.457304000854492
0.84,11.462285041809082
0.8402,11.467269897460938
0.8404,11.472256660461426
0.8406,11.477245330810547
0.8408,11.4822359085083
0.841,11.487227439880371
0.8412,11.492218017578125
0.8414,11.497212409973145
0.8416,11.502206802368164
0.8418,11.50720500946045
0.842,11.512205123901367
0.8422,11.517207145690918
0.8424,11.522209167480469
0.8426,11.52721118927002
0.8428,11.532217979431152
0.843,11.537221908569336
0.8432,11.542232513427734
0.8434,11.54724407196045
0.8436,11.55225658416748
0.8438,11.557270050048828
0.844,11.562285423278809
0.8442,11.567302703857422
0.8444,11.572319030761719
0.8446,11.577340126037598
0.8448,11.582362174987793
0.845,11.587387084960938
0.8452,11.592412948608398
0.8454,11.597437858581543
0.8456,11.60246753692627
0.8458,11.607494354248047
0.846,11.612526893615723
0.8462,11.617561340332031
0.8464,11.622596740722656
0.8466,11.627634048461914
0.8468,11.632673263549805
0.847,11.637711524963379
0.8472,11.64275074005127
0.8474,11.647794723510742
0.8476,11.652840614318848
0.8478,11.65788745880127
0.848,11.662936210632324
0.8482,11.667986869812012
0.8484,11.673036575317383
0.8486,11.67808723449707
0.8488,11.68314266204834
0.849,11.688199043273926
0.8492,11.693258285522461
0.8494,11.698318481445312
0.8496,11.703381538391113
0.8498,11.708441734313965
0.85,11.713507652282715
0.8502,11.7185697555542
0.8504,11.723639488220215
0.8506,11.72870922088623
0.8508,11.733780860900879
0.851,11.738855361938477
0.8512,11.743927955627441
0.8514,11.749003410339355
0.8516,11.75407886505127
0.8518,11.759160041809082
0.852,11.764242172241211
0.8522,11.769325256347656
0.8524,11.774409294128418
0.8526,11.77949333190918
0.8528,11.784581184387207
0.853,11.789669036865234
0.8532,11.794759750366211
0.8534,11.799854278564453
0.8536,11.804947853088379
0.8538,11.81004524230957
0.854,11.815140724182129
0.8542,11.820240020751953
0.8544,11.825339317321777
0.8546,11.830442428588867
0.8548,11.835546493530273
0.855,11.840653419494629
0.8552,11.8457612991333
0.8554,11.850871086120605
0.8556,11.855979919433594
0.8558,11.861090660095215
0.856,11.866204261779785
0.8562,11.871320724487305
0.8564,11.876439094543457
0.8566,11.881558418273926
0.8568,11.886679649353027
0.857,11.891799926757812
0.8572,11.89692497253418
0.8574,11.902048110961914
0.8576,11.907176971435547
0.8578,11.91230583190918
0.858,11.917437553405762
0.8582,11.92257022857666
0.8584,11.927701950073242
0.8586,11.932838439941406
0.8588,11.937973976135254
0.859,11.94311237335205
0.8592,11.948253631591797
0.8594,11.953396797180176
0.8596,11.958540916442871
0.8598,11.963685035705566
0.86,11.968832015991211
0.8602,11.973978996276855
0.8604,11.979129791259766
0.8606,11.984283447265625
0.8608,11.9894380569458
0.861,11.994593620300293
0.8612,11.999748229980469
0.8614,12.004907608032227
0.8616,12.010066986083984
0.8618,12.015229225158691
0.862,12.020393371582031
0.8622,12.025559425354004
0.8624,12.030728340148926
0.8626,12.035897254943848
0.8628,12.04106616973877
0.863,12.046235084533691
0.8632,12.051409721374512
0.8634,12.056585311889648
0.8636,12.06176471710205
0.8638,12.066943168640137
0.864,12.072124481201172
0.8642,12.07730484008789
0.8644,12.082488059997559
0.8646,12.087672233581543
0.8648,12.092860221862793
0.865,12.09804916381836
0.8652,12.103240966796875
0.8654,12.108433723449707
0.8656,12.113624572753906
0.8658,12.118821144104004
0.866,12.124015808105469
0.8662,12.129215240478516
0.8664,12.134416580200195
0.8666,12.139618873596191
0.8668,12.144824028015137
0.867,12.15002727508545
0.8672,12.155235290527344
0.8674,12.160442352294922
0.8676,12.165653228759766
0.8678,12.170866012573242
0.868,12.176081657409668
0.8682,12.181297302246094
0.8684,12.186511993408203
0.8686,12.191731452941895
0.8688,12.196949005126953
0.869,12.20217227935791
0.8692,12.2073974609375
0.8694,12.212624549865723
0.8696,12.217852592468262
0.8698,12.223077774047852
0.87,12.228309631347656
0.8702,12.233540534973145
0.8704,12.238773345947266
0.8706,12.244010925292969
0.8708,12.249248504638672
0.871,12.254488945007324
0.8712,12.259730339050293
0.8714,12.264969825744629
0.8716,12.270212173461914
0.8718,12.275458335876465
0.872,12.280706405639648
0.8722,12.285956382751465
0.8724,12.291208267211914
0.8726,12.296462059020996
0.8728,12.301712989807129
0.873,12.30696964263916
0.8732,12.312225341796875
0.8734,12.317484855651855
0.8736,12.322746276855469
0.8738,12.328010559082031
0.874,12.333274841308594
0.8742,12.338539123535156
0.8744,12.343807220458984
0.8746,12.34907341003418
0.8748,12.354345321655273
0.875,12.359619140625
0.8752,12.364893913269043
0.8754,12.370171546936035
0.8756,12.375445365905762
0.8758,12.38072681427002
0.876,12.386006355285645
0.8762,12.391288757324219
0.8764,12.396574974060059
0.8766,12.401861190795898
0.8768,12.407150268554688
0.877,12.412437438964844
0.8772,12.417728424072266
0.8774,12.423020362854004
0.8776,12.428316116333008
0.8778,12.433612823486328
0.878,12.438911437988281
0.8782,12.444211959838867
0.8784,12.449514389038086
0.8786,12.454814910888672
0.8788,12.460116386413574
0.879,12.465424537658691
0.8792,12.470733642578125
0.8794,12.476043701171875
0.8796,12.481355667114258
0.8798,12.48667049407959
0.88,12.491983413696289
0.8802,12.49730110168457
0.8804,12.502615928649902
0.8806,12.50793743133545
0.8808,12.513259887695312
0.881,12.518584251403809
0.8812,12.523910522460938
0.8814,12.529234886169434
0.8816,12.534564018249512
0.8818,12.539892196655273
0.882,12.545225143432617
0.8822,12.550559043884277
0.8824,12.555895805358887
0.8826,12.561233520507812
0.8828,12.566569328308105
0.883,12.571910858154297
0.8832,12.577251434326172
0.8834,12.582594871520996
0.8836,12.587942123413086
0.8838,12.593289375305176
0.884,12.598639488220215
0.8842,12.603987693786621
0.8844,12.60934066772461
0.8846,12.614692687988281
0.8848,12.620049476623535
0.885,12.625408172607422
0.8852,12.630767822265625
0.8854,12.636129379272461
0.8856,12.641489028930664
0.8858,12.646855354309082
0.886,12.652217864990234
0.8862,12.657587051391602
0.8864,12.662956237792969
0.8866,12.668329238891602
0.8868,12.673702239990234
0.887,12.679078102111816
0.8872,12.684452056884766
0.8874,12.689827919006348
0.8876,12.695208549499512
0.8878,12.700590133666992
0.888,12.705973625183105
0.8882,12.711360931396484
0.8884,12.71674633026123
0.8886,12.722132682800293
0.8888,12.727523803710938
0.889,12.73291301727295
0.8892,12.738306999206543
0.8894,12.74370288848877
0.8896,12.749101638793945
0.8898,12.754500389099121
0.89,12.75989818572998
0.8902,12.765300750732422
0.8904,12.770702362060547
0.8906,12.776107788085938
0.8908,12.781516075134277
0.891,12.786925315856934
0.8912,12.792337417602539
0.8914,12.797746658325195
0.8916,12.80316162109375
0.8918,12.808575630187988
0.892,12.813992500305176
0.8922,12.819413185119629
0.8924,12.824835777282715
0.8926,12.830257415771484
0.8928,12.83568000793457
0.893,12.841107368469238
0.8932,12.846531867980957
0.8934,12.851962089538574
0.8936,12.85739517211914
0.8938,12.86282730102539
0.894,12.868264198303223
0.8942,12.873700141906738
0.8944,12.879136085510254
0.8946,12.884573936462402
0.8948,12.890016555786133
0.895,12.89546012878418
0.8952,12.90090560913086
0.8954,12.906353950500488
0.8956,12.911802291870117
0.8958,12.91724967956543
0.896,12.92270278930664
0.8962,12.928153038024902
0.8964,12.933609962463379
0.8966,12.939068794250488
0.8968,12.944527626037598
0.897,12.94998836517334
0.8972,12.955448150634766
0.8974,12.960912704467773
0.8976,12.966376304626465
0.8978,12.971844673156738
0.898,12.977315902709961
0.8982,12.982787132263184
0.8984,12.988259315490723
0.8986,12.993731498718262
0.8988,12.999208450317383
0.899,13.004683494567871
0.8992,13.010164260864258
0.8994,13.015646934509277
0.8996,13.021129608154297
0.8998,13.026615142822266
0.9,13.032099723815918
0.9002,13.037588119506836
0.9004,13.043075561523438
0.9006,13.048567771911621
0.9008,13.054062843322754
0.901,13.059557914733887
0.9012,13.065054893493652
0.9014,13.070555686950684
0.9016,13.076053619384766
0.9018,13.08155345916748
0.902,13.087057113647461
0.9022,13.09256362915039
0.9024,13.098072052001953
0.9026,13.103581428527832
0.9028,13.109092712402344
0.903,13.114602088928223
0.9032,13.120115280151367
0.9034,13.125630378723145
0.9036,13.131150245666504
0.9038,13.136670112609863
0.904,13.142192840576172
0.9042,13.147716522216797
0.9044,13.153237342834473
0.9046,13.158764839172363
0.9048,13.164290428161621
0.905,13.169821739196777
0.9052,13.17535400390625
0.9054,13.180888175964355
0.9056,13.186424255371094
0.9058,13.1919584274292
0.906,13.197498321533203
0.9062,13.203035354614258
0.9064,13.208579063415527
0.9066,13.214122772216797
0.9068,13.219670295715332
0.907,13.22521686553955
0.9072,13.230764389038086
0.9074,13.236315727233887
0.9076,13.241866111755371
0.9078,13.247421264648438
0.908,13.252978324890137
0.9082,13.258535385131836
0.9084,13.264097213745117
0.9086,13.26965618133545
0.9088,13.275219917297363
0.909,13.280781745910645
0.9092,13.286349296569824
0.9094,13.29191780090332
0.9096,13.297490119934082
0.9098,13.303061485290527
0.91,13.308636665344238
0.9102,13.314208030700684
0.9104,13.319784164428711
0.9106,13.325362205505371
0.9108,13.330945014953613
0.911,13.336527824401855
0.9112,13.342111587524414
0.9114,13.347699165344238
0.9116,13.35328483581543
0.9118,13.35887336730957
0.912,13.364462852478027
0.9122,13.37005615234375
0.9124,13.375651359558105
0.9126,13.381248474121094
0.9128,13.386847496032715
0.913,13.392444610595703
0.9132,13.39804744720459
0.9134,13.403647422790527
0.9136,13.40925407409668
0.9138,13.414862632751465
0.914,13.42047119140625
0.9142,13.426082611083984
0.9144,13.431692123413086
0.9146,13.43730640411377
0.9148,13.442919731140137
0.915,13.448538780212402
0.9152,13.454157829284668
0.9154,13.459779739379883
0.9156,13.465402603149414
0.9158,13.471024513244629
0.916,13.476652145385742
0.9162,13.482276916503906
0.9164,13.487908363342285
0.9166,13.49354076385498
0.9168,13.499175071716309
0.917,13.50481128692627
0.9172,13.51044750213623
0.9174,13.516084671020508
0.9176,13.521721839904785
0.9178,13.527364730834961
0.918,13.533010482788086
0.9182,13.538656234741211
0.9184,13.544304847717285
0.9186,13.54995346069336
0.9188,13.55560302734375
0.919,13.561256408691406
0.9192,13.56690788269043
0.9194,13.572565078735352
0.9196,13.578224182128906
0.9198,13.583885192871094
0.92,13.589546203613281
0.9202,13.595208168029785
0.9204,13.600873947143555
0.9206,13.606537818908691
0.9208,13.612207412719727
0.921,13.617878913879395
0.9212,13.623551368713379
0.9214,13.629226684570312
0.9216,13.634899139404297
0.9218,13.64057731628418
0.922,13.646254539489746
0.9222,13.651935577392578
0.9224,13.65761947631836
0.9226,13.66330623626709
0.9228,13.66899299621582
0.923,13.674678802490234
0.9232,13.68036937713623
0.9234,13.686058044433594
0.9236,13.691752433776855
0.9238,13.69744873046875
0.924,13.703145980834961
0.9242,13.708845138549805
0.9244,13.714544296264648
0.9246,13.720247268676758
0.9248,13.725948333740234
0.925,13.73165512084961
0.9252,13.737363815307617
0.9254,13.743073463439941
0.9256,13.748785972595215
0.9258,13.754499435424805
0.926,13.760211944580078
0.9262,13.765926361083984
0.9264,13.771645545959473
0.9266,13.777366638183594
0.9268,13.783089637756348
0.927,13.788813591003418
0.9272,13.794539451599121
0.9274,13.800264358520508
0.9276,13.805994987487793
0.9278,13.811721801757812
0.928,13.817456245422363
0.9282,13.82319164276123
0.9284,13.828927993774414
0.9286,13.83466625213623
0.9288,13.840404510498047
0.929,13.846145629882812
0.9292,13.851887702941895
0.9294,13.857633590698242
0.9296,13.863381385803223
0.9298,13.869131088256836
0.93,13.874881744384766
0.9302,13.880631446838379
0.9304,13.88638687133789
0.9306,13.892139434814453
0.9308,13.897897720336914
0.931,13.903657913208008
0.9312,13.909420013427734
0.9314,13.915184020996094
0.9316,13.920947074890137
0.9318,13.926713943481445
0.932,13.932480812072754
0.9322,13.938251495361328
0.9324,13.944023132324219
0.9326,13.949797630310059
0.9328,13.955574035644531
0.933,13.961352348327637
0.9332,13.967129707336426
0.9334,13.972907066345215
0.9336,13.978691101074219
0.9338,13.984476089477539
0.934,13.990262985229492
0.9342,13.996052742004395
0.9344,14.001843452453613
0.9346,14.0076322555542
0.9348,14.013426780700684
0.935,14.019219398498535
0.9352,14.025016784667969
0.9354,14.030817031860352
0.9356,14.036617279052734
0.9358,14.042421340942383
0.936,14.048223495483398
0.9362,14.054030418395996
0.9364,14.059835433959961
0.9366,14.065645217895508
0.9368,14.07145881652832
0.937,14.077272415161133
0.9372,14.083088874816895
0.9374,14.088902473449707
0.9376,14.094722747802734
0.9378,14.100540161132812
0.938,14.106363296508789
0.9382,14.112187385559082
0.9384,14.11801528930664
0.9386,14.1238431930542
0.9388,14.129670143127441
0.939,14.135501861572266
0.9392,14.141332626342773
0.9394,14.147168159484863
0.9396,14.153005599975586
0.9398,14.158844947814941
0.94,14.16468620300293
0.9402,14.170526504516602
0.9404,14.176371574401855
0.9406,14.182214736938477
0.9408,14.18806266784668
0.941,14.193912506103516
0.9412,14.1997652053833
0.9414,14.205617904663086
0.9416,14.211474418640137
0.9418,14.217328071594238
0.942,14.223183631896973
0.9422,14.229044914245605
0.9424,14.234908103942871
0.9426,14.240772247314453
0.9428,14.246639251708984
0.943,14.252507209777832
0.9432,14.258374214172363
0.9434,14.264245986938477
0.9436,14.270116806030273
0.9438,14.275991439819336
0.944,14.281867980957031
0.9442,14.287749290466309
0.9444,14.29362964630127
0.9446,14.299508094787598
0.9448,14.30539321899414
0.945,14.31127643585205
0.9452,14.317164421081543
0.9454,14.323054313659668
0.9456,14.328946113586426
0.9458,14.334839820861816
0.946,14.34073257446289
0.9462,14.346630096435547
0.9464,14.352524757385254
0.9466,14.358426094055176
0.9468,14.36432933807373
0.947,14.370233535766602
0.9472,14.376139640808105
0.9474,14.382044792175293
0.9476,14.387954711914062
0.9478,14.3938627243042
0.948,14.399776458740234
0.9482,14.405692100524902
0.9484,14.41161060333252
0.9486,14.417529106140137
0.9488,14.423450469970703
0.949,14.429369926452637
0.9492,14.435290336608887
0.9494,14.441217422485352
0.9496,14.447145462036133
0.9498,14.453075408935547
0.95,14.459007263183594
0.9502,14.464941024780273
0.9504,14.470873832702637
0.9506,14.476811408996582
0.9508,14.482747077941895
0.951,14.488687515258789
0.9512,14.494629859924316
0.9514,14.50057601928711
0.9516,14.506522178649902
0.9518,14.512466430664062
0.952,14.518417358398438
0.9522,14.524365425109863
0.9524,14.530319213867188
0.9526,14.536275863647461
0.9528,14.542232513427734
0.953,14.548192024230957
0.9532,14.554150581359863
0.9534,14.560112953186035
0.9536,14.56607437133789
0.9538,14.572041511535645
0.954,14.578009605407715
0.9542,14.583980560302734
0.9544,14.589951515197754
0.9546,14.595922470092773
0.9548,14.601899147033691
0.955,14.607872009277344
0.9552,14.613852500915527
0.9554,14.619832992553711
0.9556,14.625816345214844
0.9558,14.63180160522461
0.956,14.637785911560059
0.9562,14.64377498626709
0.9564,14.649761199951172
0.9566,14.655753135681152
0.9568,14.661747932434082
0.957,14.667743682861328
0.9572,14.673741340637207
0.9574,14.679741859436035
0.9576,14.685739517211914
0.9578,14.691739082336426
0.958,14.697744369506836
0.9582,14.703751564025879
0.9584,14.709760665893555
0.9586,14.715771675109863
0.9588,14.721784591674805
0.959,14.727795600891113
0.9592,14.73381233215332
0.9594,14.739826202392578
0.9596,14.745845794677734
0.9598,14.75186824798584
0.96,14.757892608642578
0.9602,14.763917922973633
0.9604,14.769940376281738
0.9606,14.775970458984375
0.9608,14.781997680664062
0.961,14.788031578063965
0.9612,14.794065475463867
0.9614,14.800102233886719
0.9616,14.806140899658203
0.9618,14.812177658081055
0.962,14.818220138549805
0.9622,14.824259757995605
0.9624,14.830306053161621
0.9626,14.836353302001953
0.9628,14.842403411865234
0.963,14.848454475402832
0.9632,14.854504585266113
0.9634,14.860559463500977
0.9636,14.86661148071289
0.9638,14.872671127319336
0.964,14.878732681274414
0.9642,14.884795188903809
0.9644,14.890859603881836
0.9646,14.89692497253418
0.9648,14.902989387512207
0.965,14.909055709838867
0.9652,14.915127754211426
0.9654,14.921201705932617
0.9656,14.927275657653809
0.9658,14.933354377746582
0.966,14.939434051513672
0.9662,14.945510864257812
0.9664,14.951593399047852
0.9666,14.957674980163574
0.9668,14.963761329650879
0.967,14.969850540161133
0.9672,14.975939750671387
0.9674,14.982032775878906
0.9676,14.988122940063477
0.9678,14.994219779968262
0.968,15.000312805175781
0.9682,15.0064115524292
0.9684,15.012513160705566
0.9686,15.018616676330566
0.9688,15.024723052978516
0.969,15.030826568603516
0.9692,15.036934852600098
0.9694,15.043042182922363
0.9696,15.049155235290527
0.9698,15.055269241333008
0.97,15.061386108398438
0.9702,15.067503929138184
0.9704,15.073619842529297
0.9706,15.079741477966309
0.9708,15.085862159729004
0.971,15.091988563537598
0.9712,15.098115921020508
0.9714,15.10424518585205
0.9716,15.110376358032227
0.9718,15.116509437561035
0.972,15.122641563415527
0.9722,15.128774642944336
0.9724,15.134913444519043
0.9726,15.141054153442383
0.9728,15.147195816040039
0.973,15.153341293334961
0.9732,15.159486770629883
0.9734,15.165631294250488
0.9736,15.171777725219727
0.9738,15.177929878234863
0.974,15.184082984924316
0.9742,15.190238952636719
0.9744,15.196395874023438
0.9746,15.202555656433105
0.9748,15.20871353149414
0.975,15.214875221252441
0.9752,15.221036911010742
0.9754,15.227203369140625
0.9756,15.233372688293457
0.9758,15.239542961120605
0.976,15.245716094970703
0.9762,15.251886367797852
0.9764,15.258063316345215
0.9766,15.264237403869629
0.9768,15.270417213439941
0.977,15.276598930358887
0.9772,15.282782554626465
0.9774,15.28896713256836
0.9776,15.29515266418457
0.9778,15.30134105682373
0.978,15.307528495788574
0.9782,15.313721656799316
0.9784,15.319917678833008
0.9786,15.3261137008667
0.9788,15.33231258392334
0.979,15.338509559631348
0.9792,15.344711303710938
0.9794,15.350912094116211
0.9796,15.357118606567383
0.9798,15.363327026367188
0.98,15.369537353515625
0.9802,15.375747680664062
0.9804,15.381962776184082
0.9806,15.388175010681152
0.9808,15.394388198852539
0.981,15.400607109069824
0.9812,15.406828880310059
0.9814,15.413052558898926
0.9816,15.41927719116211
0.9818,15.425503730773926
0.982,15.431729316711426
0.9822,15.437959671020508
0.9824,15.444189071655273
0.9826,15.450424194335938
0.9828,15.456660270690918
0.983,15.462898254394531
0.9832,15.469139099121094
0.9834,15.475377082824707
0.9836,15.481620788574219
0.9838,15.487863540649414
0.984,15.494111061096191
0.9842,15.500359535217285
0.9844,15.506610870361328
0.9846,15.51286506652832
0.9848,15.519116401672363
0.985,15.525373458862305
0.9852,15.53162956237793
0.9854,15.537890434265137
0.9856,15.54415225982666
0.9858,15.550416946411133
0.986,15.556683540344238
0.9862,15.562949180603027
0.9864,15.569219589233398
0.9866,15.57548713684082
0.9868,15.581762313842773
0.987,15.588038444519043
0.9872,15.594315528869629
0.9874,15.60059642791748
0.9876,15.606878280639648
0.9878,15.613157272338867
0.988,15.619439125061035
0.9882,15.625727653503418
0.9884,15.6320161819458
0.9886,15.638307571411133
0.9888,15.644600868225098
0.989,15.650896072387695
0.9892,15.65718936920166
0.9894,15.663487434387207
0.9896,15.669785499572754
0.9898,15.676087379455566
0.99,15.682392120361328
0.9902,15.688699722290039
0.9904,15.69500732421875
0.9906,15.701313972473145
0.9908,15.707625389099121
0.991,15.713936805725098
0.9912,15.72025203704834
0.9914,15.726570129394531
0.9916,15.732890129089355
0.9918,15.739212036132812
0.992,15.74553108215332
0.9922,15.751856803894043
0.9924,15.758180618286133
0.9926,15.764510154724121
0.9928,15.770840644836426
0.993,15.77717399597168
0.9932,15.783509254455566
0.9934,15.78984260559082
0.9936,15.796181678771973
0.9938,15.802517890930176
0.994,15.80886173248291
0.9942,15.815205574035645
0.9944,15.821552276611328
0.9946,15.827899932861328
0.9948,15.834246635437012
0.995,15.840599060058594
0.9952,15.846949577331543
0.9954,15.85330581665039
0.9956,15.859663009643555
0.9958,15.866023063659668
0.996,15.872385025024414
0.9962,15.878748893737793
0.9964,15.885110855102539
0.9966,15.891473770141602
0.9968,15.897844314575195
0.997,15.904214859008789
0.9972,15.910589218139648
0.9974,15.916963577270508
0.9976,15.92333984375
0.9978,15.929716110229492
0.998,15.936097145080566
0.9982,15.942476272583008
0.9984,15.948860168457031
0.9986,15.955246925354004
0.9988,15.96163558959961
0.999,15.968026161193848
0.9992,15.974414825439453
0.9994,15.980810165405273
0.9996,15.987201690673828
0.9998,15.993599891662598
