SMILES,GNN Explainer_iqr_success
O=CCOc1c(Cl)cc(OCC=C(Cl)Cl)cc1Cl,False
COc1ccc2c(c1)NC(C(=O)O)CC2,False
CCN(CC)C(=O)c1ccc(S(=O)(=O)N(C)CCc2ccccn2)cc1,False
NCC1(Nc2ccc(Cl)cc2)CCC1,False
CCC1C(=O)OCc2c1cc1n(c2=O)Cc2c-1nc1cc3c(cc1c2CCCNC(=O)OCc1ccc(NC(=O)C(C)NC(=O)CC(C)C)cc1CCC1CC(O)C(O)C(C(=O)O)O1)OCO3,False
CC.CC.CNC(C)(C(C)=O)C(C)C,False
CN1CC(=O)C([Si](C)(C)C)=C(c2ccccc2)C1,False
O=C(NC1CCc2ccccc21)c1ccc(O)c(Cl)c1,False
CCOc1ccc(S(=O)(=O)N2Cc3[nH]c4ccccc4c3CC2C(=O)O)cc1,False
CC(C)(C)[O-].FC(F)(F)C(=CC(=Nc1c(Cl)cccc1Cl)C(F)(F)F)[N-]c1c(Cl)cccc1Cl.[Cu+2],False
COc1ccc(-n2cc(CN(C)Cc3ccn[nH]3)c(-c3cccc(F)c3)n2)cc1,False
CC(NC(=O)c1cccc(N(C)S(=O)(=O)c2ccccc2)c1)c1ccc2c(c1)CCCC2,False
C=CC(=O)OCCCCOC(=O)C(C#N)=Cc1c(C)n(C)c2ccccc12,False
Nc1ccc(B(O)O)cc1Sc1ccccc1,True
COCCOCCOCCC(CO)Cc1cccc(C)c1,True
COc1ccc2sc(N(CC[NH+]3CCOCC3)C(=O)c3ccc(C)cc3)nc2c1,False
NS.O=Cc1cc2cc(N3CCC(OCc4c(-c5c(Cl)cccc5Cl)noc4C4CC4)CC3)ccc2o1,False
CC(C#N)CNCc1cn[nH]c1-c1cccnc1,False
CCOc1ccc(NC(=O)C(=Cc2cccs2)n2nnnc2-c2ccccc2)cc1,False
CB(P)I.CB(P)I.CN1C(=O)CCC1=O.C[I-][B]P.O=C1CCC(=O)C1CCN1C(=O)CCC1=O,False
Cc1cc(O)c(CNCC(O)COCC2CC2)cc1C,True
Cc1ccc(CC(NC(=O)Nc2c(O)c(C)cn(Cc3ccccc3Cl)c2=O)C(=O)O)cc1,False
CCCC(C)CN1CCC(C(=O)NC(C=O)Cc2ccc(C)cc2)CC1,False
NC(=O)c1ccc(COc2ccc(C=O)cc2)cc1,False
CCC=CCC=CCC=CCC=CCC=CCCCCCCCC(=O)OC(C=CCCCCCCCCCCCCC)C(COP(=O)([O-])OCC[N+](C)(C)C)NC(=O)CCCCCCCCCCCCCCC,False
COc1ccc(S(=O)(=O)N2CCC(C(=O)NC(c3ccccc3)c3ccccc3)CC2)cc1OC,False
COC(=O)c1cccc2[nH]c(-c3ccc(OS(C)(=O)=O)cc3OC)nc12,False
COc1ccc(-c2cc(CCCN(C)C)c(C=O)[nH]2)cc1,False
C=CCCCCCCCC(CCC)c1ccccc1,False
CCOC(=O)C(C)(C)Oc1cccc(CC(=O)NC(C)c2ccccc2N2CCCCC2)c1,False
CCC1CCCC(O)(CC#N)CC1,True
C=NC(=NCc1ccccc1)c1cccc(-c2cccc(-n3c4ccccc4c4cc5c(cc43)-c3ccccc3N(c3ccccc3N=C)C5)c2)c1,False
C=CCNC(=O)NC1CCC1,False
NC1(c2csc(CCOCC(F)(F)F)n2)CCCC1,False
FC(F)(F)c1cc(Cl)cc(CN2CCC3(CCNCC3)C2)c1,False
COCCN(C)CCNCc1cc(C(N)=O)cs1,False
CNCC(C)C(C)O.CNCC(C)C(C)O,True
NCC1CN(C(=O)c2ccnc(-n3cccn3)c2)CC1c1ccccc1,False
COc1ccc(Br)c(C(=O)NCCC2SC(=NC3CCCCCC3)NC2=O)c1,False
COCCNCc1ccc(OC2CCOC2=O)cc1,False
C=CCCC(=O)C(=O)C(CCCC)CC(=O)C1C2C(CN1C(=O)C(CC(=O)CC1(CS(=O)(=O)C(C)(C)C)CCCCC1)C(C)(C)C)C2(C)C,False
Cc1nnc(-c2nnn(Cc3cc(C(F)(F)F)cc(C(F)(F)F)c3)c2-c2ccccc2)n1C(C)c1ccccc1Cl,False
CCc1nccn1CCC(=O)NC(CC)c1ccc(S(C)(=O)=O)cc1.O=CO,False
COc1ccc(COCCC2CC(OC(C)=O)CC(CC(CC3OC(OC(C)=O)CCC3C)OC)O2)cc1,False
CCOc1ccc(OCCNC(=O)N2CCOCC2)cc1,False
[O-][NH+]1C(I)=CN=C1I,True
CCc1nc(OC)c(C=O)c(OC(C)C)n1,False
C#CCCCC(=O)NCCCCC(NC(=O)CNC(=O)C(CC(C)C)NC(=O)c1ccc(C=CC=O)cc1)C(N)=O,False
CCc1cc(CC2CCN(C)C2)ccc1C.Cc1c[nH]c2ccc(SN3CCCCC3)cc12.NC=O,False
C=CCNC(C#N)c1cccc(OCC)c1O,True
Br.c1ccc(NCc2ccc(CN(Cc3nc4ccccc4[nH]3)C3CCCc4cccnc43)cc2)nc1,False
CCN(CC)C(=O)CC1CC=CC(=O)OC(C(C)C(OC)C(C)=CC=CC(C)=Cc2coc(C)n2)CC(O)C2(C)OC2C=CC(C)C(O)C1,False
CC=C(C(O)C(C)O)N1CCN(c2ccccc2)CC1.Cc1ccc(Oc2ccc(CNC=O)cc2)cc1,False
CC=CCCNC1CC(=O)N(CCC)C1=O,False
C=C(C)N1CC(NN)CC1CN.CC.CC(C)CCCCC1CCC2C3CC=C4CC(C)CCC4(C)C3CCC12C,False
COC1CN(CC2CCOCC2)CC12CC(c1ccccc1)CO2,True
COCOc1ccc(C2(C)CSc3cc(OCOC)ccc3C2(O)c2ccc(O[Si](C)(C)C(C)(C)C)cc2)cc1,True
C#CCCCC(=O)NC(=CC(=CC)c1ccc2c(c1)C(Nc1ccc(C(=O)OC)cc1)CC(C)N2C(C)=O)CC,False
C=CC(C=O)=CC=C(C)C(CCNCC(=O)N(CC#N)CCCC)(C(=N)N)c1ccc(C(=O)NC)cc1.CN.CNC,False
OCCn1nnc2c1CCCC2,True
c1ccc2[nH]c(-c3ccncc3C3CCCN3)nc2c1,False
Cc1cc(N)sc1-c1nc(C(C)C)nn1C,False
O=Cc1cc(Cl)ncc1-c1cc(Cl)cc(Cl)c1Cl,False
CCNCC(=O)NC1CCCC1C,False
CC(C)(C)CC1CN(CC2CCNCC2)C1,False
C#CC(=O)OCC.CCOC(=O)C=Cn1c(=O)n(Cc2csc3cccc(C)c23)c2ccccc21.CO.Cc1cccc2scc(Cn3c(=O)[nH]c4ccccc43)c12.Cc1cccc2scc(Cn3c(=O)n(C=CC(=O)O)c4ccccc43)c12.O=CO[O-].[K+].[K+].[NH-]N.[Na+].[OH-],False
CCOC(=O)CC1CC(=O)N(C(=O)OCC)C1,False
CCN(CC1COc2ccccc2O1)C(=O)CSc1nnc2cc(C)c3ccccc3n12,False
CC=CC(=O)OC(C)C(=O)NCCc1ccccc1,False
OC1CCCc2c1ccn2-c1c(Cl)cccc1Cl,True
O=Cc1ccc(-c2ccc(-c3nc4ccc(-c5ccc(C=O)cc5)cn4c3Cc3ccccc3)cc2)cc1,False
CC(C)CC(C=NOCc1ccccc1)NC(=O)C1CCCCC1(C(N)=O)c1c(C(=O)O)n(C)c2ccccc12,False
CCC[CH2][Sn]([CH]=C1CC2(O)CCCCC2(C)C1CC(=O)OCC)([CH2]CCC)[CH2]CCC,False
COc1cccc(OC2CCc3cc(-c4c(C)noc4C)ccc3N(C=O)C2)c1,False
CC(c1ccc(-c2cccc(O)c2)cc1)N1CCN(c2ccc(C(=O)NS(=O)(=O)C(C)(C)C)cc2)CC1,False
Cc1cccc(C)c1OCc1c(C=O)nnn1-c1ccccc1,False
CNCCOCCOCCOCCNC(=O)COc1cccc2c1C(=O)N(C1CCC(=O)NC1=O)C2=O,False
CC(C)c1ccccc1NC(=O)CCNC(=O)c1c[nH]c2ccccc12,False
COc1ccccc1C(CO)OC,True
COc1cccc(C(=O)NC(CN2CCCC2)c2ccccc2)c1,False
CCC(C(=O)c1ccccc1)N(C)CC(=O)N(C)C,False
CCC(C)c1ccc(N(c2ccc(Br)cc2)c2ccc(Br)cc2)cc1.CCCCCCCCC(CCCCCCCC)(c1cccc(B2OC(C)(C)C(C)(C)O2)c1)c1ccc2c(c1)-c1ccc(B3OC(C)(C)C(C)(C)O3)cc1C2(CCCCCCCC)CCCCCCCC.O=Cc1ccc(N(c2ccc(Br)cc2)c2ccc(Br)cc2)cc1,False
O=CN1CC(=O)c2c([nH]c3ccccc23)C1,False
CC(C)(C)c1ccc(S(=O)(=O)NC2=CCC(C#N)c3cc(C4=CCC=CC(F)=C4)cn32)cc1,False
C=CCOCC(OCc1ccccc1)C(OCc1ccccc1)C(C=O)OCc1ccccc1,False
CCCN1CCN(C(=O)C2(COC)CCNCC2)CC1,False
COCCn1ccc2ccc(OC(=O)N(CC3CNCC3Cc3ccccc3)C(C)C)cc21,False
COC(=O)C1C2c3ccccc3OC1(C)N=c1sc(=Cc3ccc(OC)c(COc4cccc(Cl)c4)c3)c(=O)n12,False
CCn1c(=O)n(C2CCN(CC3CC4CCC3C4)CC2CO)c2ccccc21,False
COCCN1CCN(c2ccc([N+](=O)[O-])c(Nc3ccccc3)c2)CC1,True
C=C1C(=O)OC2C1C(OC(=O)C(C)=CC)C1(O)OC(CC1C)CC(C)(O)C2OC(=O)C(C)C.C=C1C(=O)OC2C1C(OC(=O)C(C)=CC)C1(O)OC(CC1C)CC(C)(O)C2OC(=O)C=CC.C=C1C(=O)OC2C1C(OC(=O)C(C)=CC)C1(O)OC(CC1C)CC(C)(O)C2OC(=O)CC(C)C,False
CC=CCOC12CCCCC1c1c(OC)cccc1C2=O,False
O=Cc1nc2cc3c(cc2o1)OCO3,False
CCCCP(=O)(O)C(=O)OCc1ccccc1N.O=[PH+]O,False
CC(=O)Sc1nc(N)cs1,False
CCNC(CC)CNc1cnc(-c2cccnc2)nc1Oc1ccc(C=O)cc1.CN1CCCCC1,False
Cc1ccc2[nH]nc(C(=O)N3CCC(C(C)O)C3)c2c1,False
NC(=O)c1c(-c2ccc(Oc3ccccc3)nc2)nn(C2CCNCC2)c1N,False
CCC(Nc1ccc(C#N)cc1OC)C1CC1,True
CC=C(C)C(=O)OC1C2C(CC=C3CC(OC4CC(OC)C(OC5CC(OC)C(OC6CC(OC)C(OC7OC(C)C(O)C(OC)C7O)C(C)O6)C(C)O5)C(C)O4)CCC32COC(C)=O)C2(O)CCC(C(C)=O)C2(C)C1OC(C)=O,False
O=CCCc1ccc(Sc2cccc(OCc3ccccc3)c2)cc1Cl,False
Brc1ccc(C=NC2c3ccccc3-c3ccccc32)cc1,False
CC12COP(=O)(O1)O2,True
COc1cccc(C2OC2(C)C)c1,True
O=Cc1cn(S(=O)(=O)c2ccccc2Cl)c2ccc(N3CCN(C(=O)C(Cl)(Cl)Cl)CC3)cc12,False
COC(=O)c1ccc(C)c(C#CC2=CC(N3CCC(N(C)C)C3)CN=C2)c1,False
CCC(c1nnnn1CCc1cccs1)N1CCN(c2nc3cc(N)cc(F)c3s2)C(N)C1,False
CCCN1CCCC(Nn2c(C)ccc2C)CC1,False
C#Cc1ncccc1C(=O)N1CCC(c2cccc(C#N)c2)CC1,False
CNCc1cc(Br)cc(SC)c1,False
CCN1CCN(c2ccc(CNC(=NC)NCC3CCCO3)cn2)CC1,True
O=C(O)c1ccsc1NC(=O)C1COc2ccccc21,False
CC=C(C)C(=O)OC1CC(C)(O)C23OC2CC(C)(O)C3(O)C2OC(=O)C(C)C12,False
COc1ccc([N+](=O)[O-])c(C(=O)c2cc(OC)c(OC)c(OC)c2)c1,False
C1CCC2CNCCC2C1.NC=O,False
CCc1c(Nc2ccc3cc(C(=O)O)ccc3c2)nc(-c2ccsc2)nc1C(C)C,False
Cc1ccccc1NC(=O)c1cccc(C(=O)N2CCN(C=O)CC2)n1,False
CC(=O)c1nnn(-c2c(Cl)cccc2Cl)c1C,False
COc1ccc(S(=O)(=O)N(CC(=O)N(Cc2ccccc2)C(Cc2ccccc2)C(=O)NCC(C)C)c2ccc(Cl)cc2)cc1OC,False
CN(C(=O)C(=O)OC(C)(C)C)c1ccc(Cl)cc1,False
COC(=O)C1CCCN1C(=O)CCC(C)C1CCC2C3C(O)CC4CC(NCCCNCCNCCCN)CCC4(C)C3CCC12C,False
NCC(O)C(O)c1cc(C(F)(F)F)ccc1Cl,False
[Cl-].[Mg+2].[c-]1ccc(C2N(Cc3ccccc3)CCN2Cc2ccccc2)cc1,False
COC(=O)NC(=Nc1ccc(Sc2ccc(Cl)cc2)cc1NC(C)=O)SC,False
O=Cc1ccc(N2CCC(N3CCCCC3)CC2)o1,False
CCC(=O)Nc1nc(CN(CC=O)C(=O)OC(C)(C)C)ccc1C,False
CC(=O)NCC1CCN(C(=O)C(N)CCS(C)(=O)=O)CC1,False
CC=CC=CC1CCC(N=NC2C(O)C(C(=O)NC3CCCC([N+](=O)[O-])C3)CC3CCC4C5CCCCC5NC4C32)CC1,False
Oc1ccc(-c2nc3c(nc2-c2ccc(O)cc2)C(c2ccccc2)=[N+]=N3)cc1,True
CCCCCCCCc1cccc(OCCOC(=O)C(C)[N+](C)(C)Cc2ccccc2)c1,False
Cc1nc2cc(-c3ccncn3)c(OC3CCN4C(=O)OCC4C3)cc2c(=O)n1Cc1ccc(Cl)cc1,False
C1=CC=IC=C1,True
CC(Cl)(Cl)Cl.O=CC(Cl)(Cl)Cl,False
COc1ccc([N+](=O)[O-])cc1COc1cc2oc(=O)cc(-c3ccccc3)c2cc1Cl,False
CCOC(=O)C1=C(C)N=c2sc(=Cc3ccc(OCc4ccccc4Cl)c(OC)c3)c(=O)n2C1c1ccc(Br)cc1,False
OCCC1CCCC1Nc1ccc2ccc(Cl)c(Cl)c2n1,True
CC(C)c1cc(C(C)C)c(S(=O)(=O)NN=C(CCN2CCCC2)c2ccccc2)c(C(C)C)c1,True
CS(=O)(=O)N1CCOc2ccc(CCC(N)=O)cc2C1,False
COc1ccc(-c2nc(C=O)[nH]c2Br)c(C)c1,False
CCCCn1c(SCC(=O)Nc2cc(Cl)ccc2-n2cncn2)nc2ccccc2c1=O,False
O=CCC(C[N+](=O)[O-])c1ccc2c(c1)OCO2,False
Cc1ccc(C23OCC(C)(CC(OCc4ccccc4)C2OCc2ccccc2)O3)cc1Cc1ccc(CCCC(=O)NC2(C(=O)NCCN(C)C)CCC2)cc1,False
COCCSc1ccc(Br)cc1C=O,False
CCCCCCCCCCCCCCCCCCCCCCCCC(=O)OC(COC(=O)CCCCCCCCCCCCCCCCC(C)CC)COP(=O)(O)OCC(O)COP(=O)(O)OCC(COC(=O)CCCCCCC)OC(=O)CCCCCCCCCCC(C)CC,False
CC(C)Cc1nc(Cl)c2n1CC(=O)CC2,False
C=C1C=CC=C(C)C12c1c(C)cc(C)cc1N(C)C2C(=O)OCC,False
C=CC(=O)N1CCC(N(C)c2cnc(C(N)=O)c(Nc3ccc(C)c(C)c3)n2)C1.C=CC(=O)N1CCC(N(C)c2nnc(C(N)=O)c(Nc3ccc(C)c(C)c3)n2)C1.C=CC(=O)N1CCC(Nc2cnc(C(N)=O)c(Nc3ccc(C)c(C)c3)n2)C1.C=CC(=O)N1CCC(Nc2cnc(C(N)=O)c(Nc3ccc(C)c(C)c3)n2)C1C.C=CC(=O)N1CCC(Nc2nnc(C(N)=O)c(Nc3ccc(C)c(C)c3)n2)C1,False
CCN(CC)c1ccc2cc(-c3csnn3)c(=O)oc2c1,False
CC1(Nc2ccc(N)nn2)CCCOC1,True
NC(=O)CC1CC(c2ccc(Br)cc2)=NO1,False
CC(CN1CCCNC(C2CCCCC2)C1)C1CC1,False
CSc1cccc(N(CC(=O)O)C2CC2)c1C#N,False
CC(C)C1(CO[Si](C)(C)C(C)(C)C)OC(n2ccc(=O)[nH]c2=O)CC1O[Si](C)(C)C(C)(C)C,False
CC1=Nc2ccccc2C2=CC(C=O)NN21.CCOC,False
COCCOC(=O)C1=C(C)N=c2sc(=Cc3ccccc3OCc3ccc(Cl)cc3)c(=O)n2C1c1ccccc1OC,False
C=NN(C=C(N)C(N)=O)c1ccc(C(=O)NCC)cc1C,False
COc1cccc(C(O)c2cnc3ccsc3c2)c1,True
CSCCC(C=O)C(=O)[O-].[Na+],False
O=C([O-])O.O=CC(O)C(O)C(O)C(O)CO.[Cl-].[Na+].[Na+],False
COc1ccc(-c2noc(CF)c2-c2ccc(S(C)(=O)=O)c(F)c2)cc1Cl,False
O=CNC=Cc1cc2cc(O)ccc2[nH]1,False
CC1OC(n2cnc(C=O)n2)C(O)C1O,False
CN(C)Cc1cccc(C2(O)CCCNC2)c1,True
NCCNS(=O)(=O)CCCC(F)(F)F,False
[O]=[Mo](=[O])([O-])[O-].[O]=[Sb]([O-])([O-])[O-].[O]=[Sb]([O-])([O-])[O-].[Pb+2].[Pb+2].[Pb+2].[Pb+2],True
COCOc1c(Pc2ccccc2C=O)cc(C(C)(C)C)cc1C(C)(C)C,False
COc1ccc(COc2cccc(OCC3CC3)c2-c2cc(C3CCN(C(=O)OC(C)(C)C)CC3)c(C=O)c(N)n2)cc1,False
CCCCN=C(N)NCCc1ccc(F)cc1,False
O=C(NC1CCc2n[nH]c(=O)n2CC1)c1ccsc1,False
CC(=O)c1cccc(S(=O)(=O)NCC2CCCN2c2nc3ccccc3o2)c1,False
C=CC(CC=CC1CCC(=O)C1CC=CCCC(O)(O)C(=O)OCC)CCCC,False
Cn1ccc(NC(=O)C2(N)CCOCC2)n1,False
CCC(C)(C)C(=O)C(=O)N1CCCCC1C(=O)OC(CCc1ccc(C=O)c(OC)c1)c1cccc(NC(=O)CN2CCOCC2)c1,False
C.C.C=CCOc1ccccc1NC(=O)C(CC(=O)OC)OCC=C.COC(=O)CC1OCC=CCOc2ccccc2NC1=O,False
O=[N+]([O-])Nc1cccc(S(=O)(=O)O)c1O,True
Cc1ccc(C2(N=C=O)CC2)c(S(C)(=O)=O)c1,False
N#CC1(c2cc(Br)ccc2C(=O)O)CC1,False
CC=CC(CC(=O)OC(C)COc1ccc(C(C)(C)c2ccc(CC)cc2)cc1)C(=O)OCCOc1ccc(C(C)(C)c2ccc(OCCO)cc2)cc1,False
CNCCN1CC2CC(C1)c1ccc(C(=O)NCCCc3cccnc3)c(=O)n1C2.Cl.Cl,False
O=C(C1CCCO1)N1CCC(c2cc3ccccc3[nH]2)CC1,False
CC1C=C(c2nn[nH]n2)C=C(CNc2cccc(OCc3ccc4ccccc4n3)c2)C1,True
CC(C)(C)C1CCCN(CC2(C=O)CCCOC2)CC1,False
CC1(C)CCC23CCC4(C)C5(C)CCC6C(C)(C)C(OC7OC(CO)C(OC8OC(CO)C(O)C(O)C8O)C(O)C7O)CCC6(C)C5CC(O)C4(OC2=O)C3C1,False
C=C.CC.O=CNc1ccncc1,False
CC=CCC(CC=CC)=C(CC=CC)C(CC=CC)OC(CCC(=O)OCC)=C(C)O,False
C=C(C(=O)OC)C(C1=C(C)C(=O)N(c2ccc(Br)cc2)C1=O)c1ccccc1,False
[C-]#[N+]c1c(N)nc(SCc2coc(-c3ccc(Cl)cc3)n2)c(C#N)c1C1=CCN=C1,True
N#Cc1cc(Oc2c(F)cccc2F)cc(Nc2ccc3cc[nH]c3c2)n1,False
Cc1ccc2nc(-c3ccc(NC(=O)CN4CCN(Cc5ccccc5Cl)CC4)cc3)sc2c1,False
CC=C(C=C(NC(=O)C(=CN)c1ncc(C(C=CCC)=C2CCCN2C)s1)C(C)=C(C)CC)C(=O)NCCN1CCOCC12CCC2,False
CC(CC=O)c1ccc(O)cc1Br,False
CC(C=O)CCC1CO1,False
C=COC(O)CC,True
Cc1ccccc1N1C(=O)c2ccc(C(=O)NCc3ccc(OC(C)C)cc3)cc2C1=O,False
CC(C)C1CN2CCCCC2CN1C1CCSCC1,False
CCC(N)C1(CC)CCC(Oc2cc3ccncc3cc2C)CC1,True
CNC(=O)c1cnc(N2CCC(C)CC2)nc1C,False
NC(C(=O)O)C1CC(=O)C2C(=O)c3ccccc3CC2C1,False
CC(c1ccc(S(C)(=O)=O)cc1)N(C)C(=O)C1CC1(C)C,False
COc1cc(OC)c(OC)cc1NCCC(C)N,True
C=C(C)C(=CC=C(C)c1ccccc1)C(=C)NCCC1=C(C)C=CCC=C1.CCc1ccccc1,False
COc1ccc(NC(=O)C2=C(C3CC3)N(OC)NS2)cc1,False
Cc1cn(CC=C(CCNC(=O)CC(=CCn2cc(C)c(=O)[nH]c2=O)CCNC(=O)CC(=CCn2cc(C)c(=O)[nH]c2=O)CCNC(=O)CC(=CCn2cc(C)c(=O)[nH]c2=O)CCNC(=O)CC(=CCn2cc(C)c(=O)[nH]c2=O)CCNC(=O)CC(=CCn2cc(C)c(=O)[nH]c2=O)CCNC(=O)CC(=CCn2cc(C)c(=O)[nH]c2=O)CCNC(=O)CC(=CCn2cc(C)c(=O)[nH]c2=O)CCNC(=O)CC(=CCn2cc(C)c(=O)[nH]c2=O)CCNC(=O)CC(=CCn2cc(C)c(=O)[nH]c2=O)CCNCC(N)=O)CC(N)=O)c(=O)[nH]c1=O,False
COc1ccc(OCC(=O)NNC(=O)CNC(=O)C2CCCCC2)cc1,False
CC1CNCCC1NC(=O)C1CCC(NC(=O)CC2CCCCC2)CC1.Cl,False
CNc1ncc2c(n1)C(C)(C)C1CCC3(C)C(CC=C4C5CC(C)(C)CCC5(C(=O)O)CCC43C)C1(C)C2,False
C1=CCc2c(cccc2C2Nc3ccccc3N=C2n2c3cc(-n4c5ccccc5c5c6ccccc6ccc54)ccc3c3c4ccccc4ccc32)C=C1,False
Cc1ncc(OC2(C3C=CC=CC3)CC2C(=O)Nc2nc(C)c(C)s2)c(C)n1,False
CCOC(=O)C1=C(C)N=c2sc(=Cc3ccc(-c4ccc(Br)cc4[N+](=O)[O-])o3)c(=O)n2C1c1ccc(OC)c(OC)c1,False
Cc1ccsc1C=NN=C1NC(=O)C(CC(=O)O)S1,False
CC1CN(C)CCN1c1cc(Cl)ccc1C=O,False
CCOC(=O)c1c(C)[nH]c(C=CCSC(C)=O)c1C,False
COC(=O)C1=COC(O)C2C(C=O)CCC12,False
CCCCCCCCCCCCNS(=O)(=O)c1ccc(CN(OC(=O)C=O)C2CCCC2)s1,False
CC(NC(=O)c1ccncc1)c1nc2ccccc2n1CC(=O)N(C(C)C)C(C)C,False
CSCCC(NC(=O)C(Cc1c[nH]c2ccccc12)NC(=O)C(CS)NC(=O)C(N)CCCCN)C(=O)O,False
NC(=S)c1cc2c(nc1Oc1ccc(Cl)cc1)CCC2,True
CCCC1(C(=O)O)CCN(C(=O)NCC(C)N(C)C)CC1,False
C.C.CC(=O)c1ccccc1N.CC(=O)c1ccccc1NC(=O)OC(C)(C)C.CC(Cl)c1ccccc1NC(=O)OC(C)(C)C.CC(O)c1ccccc1NC(=O)OC(C)(C)C.CO.O=BC#CO.O=S(Cl)Cl.[B].[Na+],False
COc1c(NN)ncnc1N1CCC(C(C)C)CC1,True
CC12CCCCC1(C)[Si](c1ccccc1)(c1ccccc1)c1ccc(-c3ccc4c(c3)Cc3c-4c4ccccc4c4cc(-c5ccc6c(c5)C5(C)CCCCC5(C)[Si]6(c5ccccc5)c5ccccc5)ccc34)cc12,False
CCCOc1ccc(C=C(C#N)C(N)=O)cc1OCC,False
Cc1c(Cl)cc(C(=O)OCCC2CCCCC2)cc1Cl,False
C=CCOC(=O)CN(Cc1ccc(OCCCCC(=O)O)cc1)C(=O)C(NC(=O)OC(C)(C)C)C(C)C,False
CCCN1CCN(S(=O)(=O)CCCCNCC)CC1,True
CC(NC(=O)C1CC=CC1CO)c1ccccc1,False
C=CC=C(C)c1cc(C(=C)C(=CC)C(C)C)cc(C(=O)NC(C)(C)CC)c1,False
Cc1ccnc(-c2cc(C(C)(C)C)ccc2C2c3ccc(C)cc3B3c4cc(C)ccc4N(c4ccc(C(C)(C)C)cc4-c4cc(C)ccn4)c4cc(C(C)(C)C)cc2c43)c1,False
CNC(=O)CCC(C=O)n1ncc2cc(N3CC4CC3CN4CC3CCN(c4ccc(C(=O)NC5C(C)(C)CC5(C)C)cc4)CC3)ccc2c1=O,False
COC(=O)C1CCN(C(=O)C(C)Oc2ccc(C(C)C)c(C)c2)CC1,False
COC(=O)C1(CC2(CBr)CC2)CCCN1,False
CC(C)(OCCCCCCN)OCCCCCCN,True
O=C(Nc1ccc(-c2cnco2)cc1)C1(n2cccn2)CCNCC1,False
CCCCC(C)NC(=O)OC[N+]1(CC2CCCCC2CN2C(=O)C3C4CCC(C4)C3C2=O)CCN(c2nsc3ccccc23)CC1,False
[B]N1CCN(c2ccc3nc(-c4cc(F)c5nc(C)cn5c4)ncc3c2)CC1C,False
Cc1cc(-c2ccc3c4ccccc4c4ccccc4c3c2)ccc1-c1ccc(-c2cccc(-c3nc(-c4ccccc4)nc(-c4ccc5ccccc5c4)n3)c2)cc1,False
COc1cc(C=CCC(C=O)=Cc2ccc(O)c(OC)c2)ccc1O,False
Nc1ccc(N(CCO)CCO)c(-c2cccc(C=O)c2)c1,False
CC=CCNC(=O)NC(C)(C(=O)O)c1ccco1,False
CCC(OCC=CC(C)N)C(C)C,True
CCC(C)c1nccc(=O)[nH]1,False
Cc1ccc(O)c(C#CCCBr)n1,True
CCNC(Cc1cccs1)c1ncccc1C,False
COc1ccc(CNc2nc(C)c(CC=O)s2)cc1,False
CCOC(=O)c1cn(-c2ccccc2)c2nc(Nc3ccc(CCS(=O)(=O)NC(C)C)cc3)ncc2c1=O,False
CC(C)C(N)C(=O)N1CCCCC1CN(C(=O)OC(C)(C)C)C1CC1,False
CCC(CC)n1ncc(C)c1NC(=O)Cc1ccncc1.Cl,False
CC.CC.CC.O=CC1CCCN1.O=CC1Cc2ccccc2CN1,False
O=CCc1cnc(Cl)c2cc(-c3ccccc3)sc12,False
C=CCOC(=O)Nc1ccc(Cc2nc(C(=O)O)cs2)cc1,False
CCCC1c2ccc(OCC=O)cc2CCN1C(=O)OC(C)(C)C,False
COc1cc2occ(C)c2cc1C(C)=CC(=O)NC(C(=O)O)c1ccccc1,False
COC(=O)c1ccc(Br)c(CNC(=O)C(C)(C)C)c1,False
CC(=CC=CC(NC(=O)c1cc2c(cn1)CCN(C1CC1)C2)=C(C)C)c1nnc2n1CCCC2,False
O=[N+]([O-])c1cc2ccc3ccccc3c2[nH]1,True
CN1CCC(N2CCN(C3(CC=O)CC(N4Cc5cscc5NC4=O)CCN3C(=O)OCc3ccc(Cl)c(Cl)c3)CC2)CC1,False
CN(C)C(=C(C=O)c1ccccc1)N(C)C,False
CC1CCCC(NCc2ccc(F)cc2Cl)CC1,False
CN1C(=O)N(c2cc(Cl)cc(Cl)c2)C(=O)C12CN(C(=O)c1cccc(O)c1C(=O)O)CC2c1ccc(C#N)cc1,False
CCCOc1ccc(Cc2nn3c(=O)c(=CC=Cc4ccccc4OC)sc3nc2=O)cc1,False
Cc1nc(S(C)(=O)=O)c2sc(C3=C(C(=O)OC4OC(=O)c5ccccc54)N4C(=O)C(C(C)O)C4C3C)cn12,False
CCCCCCN(CC(=O)Nc1nccs1)C(=O)c1cccc([N+](=O)[O-])c1,False
O=S(=O)(O)c1ccc(Nc2ccc(C(=C3C=CC(Nc4ccc(S(=O)(=O)O)cc4)C=C3)c3ccc(Nc4ccc(S(=O)(=O)O)cc4)cc3)cc2)cc1.[Na].[Na],True
COc1cccc(F)c1CN1CCc2nc(SC)ncc2C1,False
CC(=O)NC1COC2(CCN(Cc3nnc(-c4cccnc4)o3)CC2)CC1(C)O.O=CO,False
Cc1ccc2c(c1)C(=O)C(Br)C(C)N2C(=O)c1ccccc1,False
C#C.CC.CN1CCN(c2ccccn2)CC1.Cc1ccc(CN=C2NSNN2Nc2cccc(C=O)c2O)o1,False
Cc1cnc(NC(=O)c2ccc(Oc3ccnc4[nH]nc(NC5CCN(C(=O)CCCN(C)C)C5)c34)cc2)s1,False
CCC=C(C=O)C(C)CC(C)(C)C,False
CC(C(=O)N1CCNCC1)C1CCC1,False
CCN(C(=O)CCn1c(C)csc1=O)c1cc(C)ccc1C,False
C=CC=C(C=CC)N(C)Cc1ccc2c(-c3ccc(Cl)cc3)c(C(OC(C)(C)C)C(=O)O)c(C)cc2n1,False
O=C(CCC1CCCCO1)NCCCCI,False
COc1cc(-c2ccc(C(=O)N3CCCC3C(N)=O)cc2)nc(OC)n1,False
O=c1oc2cc(OCc3cccnc3)ccc2c(=O)n1Cc1cccnc1,False
CC(C)(C)c1nnsc1-c1nnc(S(N)(=O)=O)n1C1CC1,True
CN.O=Cc1ccc([N+](=O)[O-])o1,False
CC(NC(=O)COC(=O)CNC(=O)c1ccc(Cl)c([N+](=O)[O-])c1)c1ccco1,False
Cc1onc(-c2ccccc2)c1-c1nnc(CSc2n[nH]c(-c3ccc(Cl)cc3)n2)o1,True
CCCC1=C(C(=O)OCC)C(c2cc(Br)ccc2OC)n2c(sc(=Cc3cc(I)cc(I)c3O)c2=O)=N1,False
Cc1cc(CNC=O)cs1,False
CCCNc1cc(N(C)Cc2ccc(Br)cc2)nc(C)n1,False
CCCCCCCCCCCCN.O=C[O-].O=C[O-].[Ni+2],False
CC=CCS(=O)(=O)c1ccc(O[Si](C)(C)C(C)(C)C)c(C23CC4CC(CC(C4)C2)C3)c1-c1ccccc1,True
O=CC1=NCC(C2=CCNO2)CC1c1cccnc1,False
CCOC(=O)C1=C(c2ccccc2)N=c2sc(=Cc3ccc(N4CCCC4)cc3C)c(=O)n2C1c1ccc(SC)cc1,False
CN(CC(F)(F)F)c1ncc(CO)cc1Cl,False
CC(C)(C)Oc1ccc(-c2c3ccccc3c(-c3ccc4c(c3)C(C)(C)c3cc(-c5ccc6c(c5)C(C)(C)c5cc(-c7c8ccccc8c(-c8ccc9c(c8)C(C)(C)c8ccccc8-9)c8ccccc78)ccc5-6)ccc3-4)c3ccccc23)cc1,True
CCCCCCCCOCC(=O)N(C)c1cc(NC(C)=O)ccc1[As](=O)(O)OO.COC(=O)c1ccccc1,False
CC(C=O)=CC(C)C(=O)CC(OC(=O)C1CCCCN1C(=O)C(=O)C1(O)OC=CCC1C)C(C)CC1CCC(O)CC1,False
CCC(CC)(CNC(C)c1ccccc1C(F)(F)F)SC,False
C1=NCCN=C1.C1CNCCN1.CC.CC.CC.CC.CC.CC.CC.CC.O=CC=O.c1ccc(CN2CCNCC2)cc1,False
C.C.CC(NC(=O)OCC1c2ccccc2-c2ccccc21)C(=O)O.CCC(NC)C(=O)O.CCCCCCCCCCC(=O)N(C)C(COCc1ccccc1)C(=O)NC(C)C(=O)CCC(=O)N(C)C1C(=O)CC(C)C(=O)NC(C(=O)OC)Cc2ccc(C)c(c2)-c2cc1ccc2C.CCCCCCCCCCC(=O)N(C)C(COCc1ccccc1)C(=O)NC(C)C(=O)CCC(=O)O.CCCCCCCCCCCCC(=O)O.CCl.CNC1C(=O)CC(C)C(=O)NC(C(=O)OC)Cc2ccc(C)c(c2)-c2cc1ccc2C.O=C(O)CCC(=O)OCC1c2ccccc2-c2ccccc21.O=COCC1c2ccccc2-c2ccccc21,False
C=CC(=CN=C(C)c1ccc(-n2c3ccccc3c3ccccc32)cc1)n1c2ccccc2c2cc(-c3ccccc3)ncc21.CCC,False
CC(=O)OCCC1CCC2C(=O)CCCC12C,False
CC(=O)N1CCC(C(=O)N2CC3CC(O)C(Oc4cccc(Cl)c4)CC3C2)CC1,False
CC.CC.CC.CCOC(c1nc(-c2ccc3c(c2)c(CC(C)(C)COC=O)c(-c2cc(C(CC)CCN)cnc2C(C)OC)n3CC)cs1)C(NC(=O)OC(C)(C)C)C(=O)N1CCCCN1.COC.C[S-].[Na+],False
[B]C(=O)NC1CCCCCCCC1,False
O=CC1=C2Oc3cc(Cl)cc(Cl)c3C=C2CCC1,False
NCC1CC1c1cc(F)ccc1[N+](=O)[O-],False
CCN(C)Cc1nnc(Cl)s1,False
N#Cc1ccc(Oc2cc(C=O)ccc2[N+](=O)[O-])nc1,False
CCNC(=NCc1ccccc1OC)NCCc1ccc(Cl)nc1.I,True
C=O.CC1CCCCC1.c1ccccc1,False
O=c1c(O)c(CC2CCCNCC2)ccn1Cc1ccccc1,False
[C-]#[N+]CCN(C1CC1)S(=O)(=O)c1ccc(Nc2ncc3c(n2)-c2ccc(Cl)cc2NC(=O)C3)cc1,False
CCC(CC)c1nc2ccc(C=O)cc2[nH]1,False
O=Cc1oc2ccccc2c1S,False
CC(C)n1cc(CNc2ccc3c(c2)OC(C)(C)O3)cn1,True
C=CC1=C(C=C)N(CCOC(=O)C(=C)C)C(=C2C(=O)N(CC)C(=S)N(CC)C2=O)S1.C=CC1=C(C=CC(C)C)C(=O)C2C=CC=CC2S1.CCCCCCCNC(=O)C(OC=S)=C1Sc2ccc(C(C)(C)C)cc2S1.CCN1C(=C2C(=O)c3ccccc3C2C(=O)O)Sc2ccccc21.CCN1C(=O)C(=C2SC3C=CC(C(C)(C)C)=CC3S2)C(=O)N(CC)C1=O.CCN1C(=O)C(=C2Sc3ccc(C(C)(C)C)cc3S2)C(=O)N(CC)C1=S.COc1ccc2c(c1)Oc1cc(OC)ccc1C2S.Cc1ccc2sc3cc(C(=O)OCO)ccc3c(=O)c2c1,False
CCNC(=NCCc1nc(C)no1)NC1CCN(C(=O)OCC)CC1,False
CC=CC(=O)NNC(=O)c1cc(Oc2ccc(NC(=O)Nc3cccc(C)c3)cc2)ccn1,False
O=CCC=Cc1ccnc(Cl)c1,False
NC=O.OCCN1CCn2c(-c3ccccc3)cc(CC3CCOCC3)c2C1,False
CC=C(NC(C)=O)C(Cl)=NNc1cccnc1,False
CC1(O)C[N+](C)(C)CC(CC(=O)[O-])O1,False
CCCC1CCN(CCCC(C)(N)C(=O)O)C1,False
CCn1ncc(-c2cc(C(=O)NC3(CN4CCC(C)CC4)CCCCC3)on2)c1C,False
Cc1ccc(N2B3c4cc5oc(-c6ccccc6)c(-c6ccccc6)c5cc4-n4c5cc6c(cc5c5c7ccccc7c(c3c54)-c3ccccc32)C(C)(C)CCC6(C)C)cc1,True
COCc1ccccc1NC(=O)C1C=CC(N)C1,False
CCCCCC(C=O)c1cccc2ccccc12,False
Cc1ccc(S(=O)(=O)n2cc3c4c(cccc42)C(=O)C(NC=O)C3)cc1,False
C=CC(C=CCC(=C)Oc1ccc(C(C=O)C(C)C)cc1)CC,False
NCC(=O)Nc1ccc(OC2CCCC2)c(Cl)c1,False
Cn1cnnc1CNCC=CC(=O)O,False
Cc1cc2c(n1CCN(C=O)c1nccc(-c3cc(NC=O)c(=O)n(C)c3)c1CO)CC(C)(C)C2,False
CC(C)NC(=O)OC1CCC(c2cc(Nc3cccc4c3S(=O)(=O)CC4)n[nH]2)C1,False
O=C(O)C(Cc1cccc(S(=O)(=O)c2cccc(CC(C(=O)O)C3CCNC3)c2)c1)C1CCCC1,False
Cc1ccc(-c2[nH]ncc2CN2CCN(c3nccnc3C)CC2)o1,True
O=C(c1ccccc1Cl)N1CCN(C(=NC2(C(=O)O)CC2)C2CC2)CC1,False
Fc1c(F)c2ccc(-c3cc(-c4ccc5oc6ccccc6c5c4)cc(-c4ccc5oc6ccccc6c5c4)c3)nc2c2ncccc12.Fc1c(F)c2ccc(-c3cc(-c4cccc5c4oc4ccccc45)cc(-c4cccc5c4oc4ccccc45)c3)nc2c2ncccc12,False
CC=C1SCCN1C(=O)C(Cl)(Cl)CC,False
CNCC(=O)Nc1ccc(CNC(=O)C2CCc3c(O)c4c(c(O)c3C2)C(=O)c2cccc(OC)c2C4=O)cc1.COC1CN(C2CCOC(C)C2O)CCO1.CSc1ncc(C(=O)NCCC(=O)NCC(=O)NCC=O)cc1C#N,False
CC1(C)OC2C(COc3ccc4ccc(Cl)nc4c3)OC(n3ccc4c(N)ncnc43)C2O1.[C-]#[N+]c1ccc2ccc(OCC3OC(n4ccc5c(N)ncnc54)C4OC(C)(C)OC34)cc2n1,True
COc1ccc(Cc2nnc(C(=O)NC3CCC(C)CC3)o2)cc1OC,False
Cc1ccc2c(c1)CC(CCn1c(=O)c(C=O)cc3ccccc31)C2,False
c1cc(NC2CCCNC2)n2ccnc2c1,False
O=C(NC1CCCCCCC1)c1ccccc1CCc1ccccc1,False
COc1ccc(CNC=O)c(O)c1,False
Cc1ccc(-n2nc(-c3cccs3)cc2C(=O)NC(C)C)c(C)c1,False
CC=C(C)C1OC(=O)C(C)NC(=O)C(C(C)CC)NC(=O)CN(C)C(=O)C(Cc2ccccc2)N(C)C(=O)C(C)NC(=O)C(CC(C)C)OC(=O)C(C)=CCC(OC(=O)N(C)CCO[Si](C)(C)OCCOCCOCCN2C(=O)C=CC2=O)C1C,False
Cc1noc(CC2(O)CCCN(CC3=Cc4ccccc4OC3)C2)n1,True
CC(=O)OS(=O)OCC=O.[Na+],False
CCOc1cc2c(cc1NC(=O)CN(Cc1ccco1)S(=O)(=O)c1ccc(C)cc1)OC(C)C2,False
COc1ccc(-c2nn(-c3ccccc3)cc2CN=Nc2ccccn2)cc1OC,True
CC(C)(O)c1cc2cnsc2cc1N,True
CC=CCC(N)=NCC(C)CC(N)C(=O)O,False
COc1ccc(C(OCC2OC(n3ccc(NC(C)=O)nc3=O)CC2OC(=O)CCC(=O)[O-])(c2ccccc2)c2ccc(OC)cc2)cc1.[K+],False
Cc1c(-c2nc3cc(C=O)cc(C#N)c3o2)cccc1-c1cccc(-c2nc3c(s2)CCCC3)c1C,False
CC=C1C[NH+]2CCC34C(=Nc5ccccc53)C(C=O)(C(=O)OC)C1CC24,False
CC(C)(C)OC(=O)NCCOCCOCCOCCN1CCN(CCCN2c3ccccc3Sc3ccc(Cl)cc32)CC1,False
CCOP(=O)(OCC)C1(O)CC(O[Si](C)(C)C(C)(C)C)C(C)C(C(C=O)C(C)C)O1,False
CCCCCCCCC(CC)OC(=O)CCCCCCCN(CCCCCCCC)CCCN(C)c1c(N(C)C)c(=O)c1=O.CCCCCCCCC(CCCCCCCC)OC=O,False
CC(CC(C)(N)C#N)N1CCC(CN2CCCC2)CC1,False
Cl.NC1CC2CCCC(C1)C2NC(=O)C1CCCCN1C(=O)c1ccco1,False
COc1c(CCC=O)cc(Cl)c(C)c1OC,False
C=C(CC(=O)C(=C)C(C)=CC=C(C)C)CC(NC(C=CC)=CC(=C)NSc1ccccc1OC)C(O)CC,False
c1cc2ccc3c(c1)c2N=3,False
Cc1cccc(CC(=O)NC2CCOCC2)c1,False
CCCCCCCCCCCCCCCC(O)C(CO)NC(=O)C(Br)=C(Br)C=O,False
Cc1ccc(S(=O)(=O)c2ccccc2)cc1S(=O)[O-],True
COc1ccccc1C(=O)N1CCCN(C(=O)CS(=O)(=O)Nc2ccc(OC(C)C)cc2)CC1,False
CC(C)(C)OC(=O)NCCCC(=O)N1CCN(Cc2nc(-c3ccc(Cl)cc3)no2)CC1,False
FC(F)(F)c1ccc(NC2CC(c3ccccc3)C2)cc1,False
CCOC(=O)C1=C(C)N=c2sc(=Cc3ccc(OCC)c(OCC)c3)c(=O)n2C1c1ccc(C)c([N+](=O)[O-])c1,False
Cc1ccc(NC=C[N+](=O)[O-])c(C(=O)c2ccccc2Cl)c1,False
CCNC(=NCCCCCOC)NCCc1ccccc1OC.I,True
CCC(C)C1OC(=O)C(C)(C)C(=O)C(Cc2ccccc2)OC(=O)C(C(C)C)OC(=O)C(NC(=O)c2cccc(NC=O)c2OCc2ccccc2)C(C)OC1=O,False
CC[Si](CC)(CC)OCCC=C(C=O)C(=O)N(C)OC,False
CCC=CC=CC=CC=CC=CC=CC=CCCCCCC(=O)OCC(COC(=O)CCCCCC=CC=CC=CC=CC=CCC)OC(=O)CCCCCCCC=CC=CCCCCCCCCC,False
CCN1CCN(CCCNC(=O)C(CC(C)C)NC(=O)c2ccc(Cl)cc2Cl)CC1,False
CC(C)=O.COc1cc(C=CC(=O)C=Cc2ccc(O)c(CO)c2)ccc1O.COc1cc(C=O)ccc1O,False
O=CCC(=O)c1ccc(Cl)nc1,False
Cn1cc(-c2cccc(C=O)c2OCC2CN(C(=O)OC(C)(C)C)C2)cn1,False
Cc1csc(C(Cc2c[nH]c3ccccc23)(OC(N)=O)C(C)(C)C)n1,False
C=CC=C(C=C)c1nc(-c2ccccc2)nc(-n2c3ccccc3n3ccnc23)n1,False
Cc1ccc(-n2c3ccccc3c3ccc4c5ccc6c7ccccc7n(-c7ccccc7)c6c5ccc4c32)cc1,False
CCC1CN(C(C)=O)CCC1NC(C)c1nc(C(C)(C)C)no1,False
O=COCN1CCN(COC=O)CCN(CP(=O)(O)CC(P(=O)(O)O)P(=O)(O)O)CCN(CC(=O)O)CC1,False
Cc1cc(NC2=CC(=O)N(CCO)C2=O)ccc1NC(=O)c1ccccc1,False
O=C(C=Cc1ccc(O)c(O)c1)CC1CC(O)(C(=O)N2CCCC2)CC(OC(=O)C=Cc2ccc(O)c(O)c2)C1O,False
Cc1ccccc1CN(C)CC(=O)Nc1ccccc1SCC(N)=O,False
CCn1cc(COc2ccc(C)cc2C=O)cn1,False
CN(C)c1cc(Cl)ccc1F,False
COc1ccc(C(OCC2OC(n3cnc4c(NC(=O)OCc5ccccc5O[Si](C(C)C)(C(C)C)C(C)C)ncnc43)C(O[Si](C)(C)C(C)(C)C)C2O)(c2ccccc2)c2ccc(OC)cc2)cc1,False
C=CC(C#Cc1cccc2cc(C(C)NC(=O)c3c(C)nn4cccnc34)n(-c3ccc(C)cc3)c(=O)c12)=CC,False
CC(C)C(=O)n1cnc(C#N)c1,False
CCn1nc(C)c(Cl)c1COc1cc(C)ccc1N,True
CC(C)OC(=O)N(C)Cc1cccc(-c2cc3c(ncc4ncn(C)c43)[nH]2)n1,False
CCNC(=O)C(C)N(C)C(=O)c1ccccc1C=O,False
CC(=O)c1ccc(Sc2ccc3c(c2)OCCO3)o1,False
Cc1cc(I)ccc1NC(=O)COC(=O)c1cc(=O)[nH]c2ccccc12,False
CNC(CN(C)C)C1CCC1,False
C[Se]CC(NC(=O)CCC(N)C=O)C(=O)O,False
COc1ccc(Cc2sc(Nc3ccc(C)cc3)nc2C(C)(C)C)cc1OC,True
CC(C)c1ccc(C2(c3ccc(C(C)C)cc3)c3cc(Br)sc3-c3sc4c5c(sc4c32)-c2sc(C=O)cc2C5(c2ccc(C(C)C)cc2)c2ccc(C(C)C)cc2)cc1,False
Cc1nc(N)c2c(C)c(C)n(CC3C(C)(C)C3(C)C)c2n1,False
COc1cc(-c2nc(C(=CC(C)=N)N3CCC(F)C3)[nH]c2C)ccc1C,False
CC.CC.CCC(C)(CC)c1cnc(C(C)(CC)CC)nc1,False
COc1ccc(CNC(=O)c2c(C)cc[nH]c2=O)cc1,False
CCCn1c(C#N)ccc1CCOC,True
CC(C)C(=O)O.COc1cc(C=O)ccc1C(C)(C)C(=O)O.COc1cc(C=O)ccc1O,False
CCN1C(=O)C(=CC=CC=CC=c2c3cccc4cccc(c43)n2Cc2ccccc2)C(=O)N(CC)C1=S,False
Cc1cc2c(nc1OC(C)c1c(Cl)cncc1Cl)c(I)nn2C1CCCCO1,True
CCCSc1ncc(Cl)c(C(=O)Nc2ccc(S(=O)(=O)Nc3nc(C)cc(C)n3)cc2)n1,False
C=CN=C(CC)C(=CC)C(N)=NCNC1CC1,False
CCC(CN(C)C(C)C)N(C)C,False
COC(=O)c1ccc([N+](=O)[O-])c(OCC=O)c1,False
O=C(NCc1nn(CCN2CCCC2)c(=O)c2ccccc12)c1ccc(Cn2ccnc2)cc1,False
CCCCCCCCCCCCCCCCCCCCCC(O)C(COP(=O)([O-])OCC[N+](C)(C)C)NC(C)=O,False
COC(=O)c1ccccc1NC(=O)CSC#N,False
Cc1cc2c(n1-c1ccc3c(c1)N(C1CCCCC1)C3=O)CC(C)(C)CC2=O,False
CC(CC(=O)O)C(=O)c1ccc(-c2ccc(C=O)o2)cc1,False
Cc1cc(C)c2oc(CCN)nc2c1,True
C=CC1=C(C=CC)C(=O)CN1,False
CCN(CC)S(=O)(=O)c1ccc2[nH]c(-c3ccc(C)c(C)c3)c(C=O)c2c1,False
Cc1ccc2c(c1)c1ccc(-n3c4ccc(C(C)(C)C)cc4c4cccnc43)[c-]c1n2-c1[c-]c(C2=NC(c3ccccc3)C(c3ccccc3)O2)cc(C(C)C)c1.[Pt+2],True
COc1ccc(NC(=O)N2CCN3C(COCC3c3ccccc3)C2)cc1Cl.O=CO,False
CCN(Cc1cc(=O)n2c(-c3cncnc3)c(C)sc2n1)c1ccccn1,False
c1ccc(-c2nc(-c3cc4c5cccc(-n6c7cc8ccccc8cc7c7ccc8ccccc8c76)c5oc4c4ccccc34)nc(-c3cccc4c3c3ccccc3n4-c3ccccc3)n2)cc1,True
CC1(C)COC(C=O)N1c1nc(-c2ccc(CN)cc2)cs1,False
C=C(CCCCC1CCSS1)OCOC(=O)CCC(O)=CC.CC,False
COC(=O)C(C)CNCC=C(C)C,False
COC(=O)C=CC1CCC(=O)N1CCCC=O,False
C=CCC.CC=C=CC=C(C)C(=O)Nc1cc(C)c2c(c1)CCC(=O)N2,False
C=CC.C=CCCOP(=O)(OCC(C)C)Oc1ccccc1.C=CCCOP(=O)(Oc1ccccc1)OC(C)C.CC,True
CNc1c(-c2ccc(-c3ccnc(C)c3)s2)c(=O)c1=O,False
FC(F)C(F)(F)Oc1cccc([B-](F)(F)F)c1.[K+],False
CCC(C)NS(=O)(=O)c1c(C)oc(C)c1CO,True
O=C1C2C3c4ccccc4C(c4ccccc43)C2C(=O)N1c1cccnc1,False
CCOC(=O)CN1CCCC1CC(C)O,False
CC=Cc1ccc(-c2ccc(-c3ccc(C4CO4)c(F)c3F)cc2)cc1F,False
CCOC(=O)C1=C(C)N=c2sc(=Cc3ccc(-c4cc(C)c(C)c([N+](=O)[O-])c4)o3)c(=O)n2C1c1ccc(OCC)c(OCC)c1,False
COC(=O)NC(C(=O)N1C(C)CCC1C1=Nc2ccc3cc4c(cc3c2C1)OCc1cc(-c2cnc(C3CC(C)CN3C(=O)OC(C)(C)C)[nH]2)ccc1-4)C(C)C,False
CCC1CCC(O)(CNCCCc2ccccc2)CC1,True
CC.CC(=O)CC1CCC2OC(C(C=CI)O[Si](C)(C)C(C)(C)C)C(O[Si](C)(C)C(C)(C)C)C(O[Si](C)(C)C(C)(C)C)C2O1.CC(C)(C)[Si](C)(C)OC(C=CI)C1OC2CCC(CC=O)OC2C(O[Si](C)(C)C(C)(C)C)C1O[Si](C)(C)C(C)(C)C,False
CC(=O)OCC1CCc2c(c(C=O)c3ccccn23)C1,False
CN(C)C1C(=O)C(C(N)=O)=C(O)C2(O)C(=O)C3=C(O)c4c(ccc(NCC(=O)NC5CC5)c4O)CC3CC12,False
NC(C=O)NC(N)N1CCCC1,False
CCC(=O)Nc1ccn(C2OC(COP(=O)([O-])OP(=O)([O-])Cc3cccc4ccccc34)C(O)C2O)c(=O)n1.CCCCCP(=O)([O-])OP(=O)([O-])OCC1OC(n2ccc(=O)[nH]c2=O)C(OC(=O)Oc2ccccc2)C1OC(=O)Oc1ccccc1.O=C(Cc1cccc2ccccc12)Nc1ccn(C2OC(COP(=O)([O-])OP(=O)([O-])CCCOCO)C(O)C2O)c(=O)n1.O=c1nc(NCC2CCCCC2)ccn1C1OC(COP(=O)([O-])OP(=O)([O-])c2ccc(Cl)cc2)C(O)C1O.O=c1nc(SCc2ccccc2)ccn1C1OC(COP(=O)([O-])OP(=O)([O-])Cc2cccc3ccccc23)C(O)C1O,False
CC1CCC(C)C(NCc2ccccc2-n2cccn2)C1,False
CCC(N)COc1ccc2ncc(-c3cccc(OC(F)(F)F)c3)n2n1,False
CCCCCC(CCCC)C(=O)C1C=CC(Cl)=CC1,False
CC(C)(C)OC(=O)NC(Cc1ccccc1)C(C=O)O[Si](C)(C)C(C)(C)C,False
Cc1ccc(Sc2ncccc2C(=O)NC2CCN(C(=O)C(C)C)CC2)c(C)c1,False
Cc1ccc(-c2csc(C=O)n2)c(C)c1,False
NC1(CO)CC1c1cccc(F)c1,False
CC1CCCN1C(=O)c1ccc2c(c1)CCN2,False
CCC=CCC=CCC=CCC=CCC=CCCCCCC(=O)NC(COC1OC(CO)C(OC2OC(CO)C(OC3OC(CO)C(O)C(O)C3O)C(O)C2O)C(O)C1O)C(O)C=CCCCCCCCCCCCCCCCCCCCCCCCCCCCCCCC,False
CC1CC(=O)NC(C(=O)N2CCN(C3CCC3)CC2)C1,False
CCC(COC(C)(C)C)C(CCCC=O)OC(C)C,False
CN(C)CCCN=C(N)NC(=O)c1cc2c(Cl)cccc2[nH]1.Cl,False
Oc1ccc2c(CCl)csc2c1O,True
COCC(C)OCc1cc(F)cc(Br)c1,False
Cc1cc(=O)c(C(=O)Nc2cccc(OCCN3CCCC3)c2)c[nH]1,False
CCNC(=O)C(=O)NN=Cc1cc(Cl)c(OCC(=O)Nc2cc(Cl)ccc2C)c(OC)c1,False
C=CC(=O)N(CCc1ccsc1)Cc1cc(C)nn1CC,False
C=CCCCC(Br)=C(Cl)c1ccccc1Cl,False
CC(C=O)(c1ccccc1)N(NC(=O)OCc1ccccc1)C(=O)OCc1ccccc1,False
CCN(C)CCC(Nc1ccc2c(c1)Sc1cccc(C3CN(c4cc[nH]c(=O)c4)CCO3)c1S2)c1cnc(C)cn1,False
O=Cc1cncn1C1CNC1,False
COCCCCOc1ccc(C)cc1CNCC(C)C,True
CC(CN)(CF)c1ccc(F)cc1,False
O=C(NCCCn1cc(Br)cn1)c1ccc([N+](=O)[O-])cc1,False
CCCCC(CCC)Nc1nc(Nc2ccc(C#Cc3cc(C=O)ccn3)cc2)ncc1-c1ccc(S(=O)N2CCN(C)CC2)cn1.CNC1CC1,False
COC(=O)c1ccc(N)cc1O.O=S(=O)(O)O,False
CN1CCN(c2ccccc2C(O)C2SCCNC2C=O)CC1,False
Cc1cccc([N+](=O)[O-])c1C(=O)Nc1ccc(Br)cn1,False
O=P(Cl)(Cl)Cl.O=P(O)(O)O.OCC(CO)(CO)CO,True
CC(C)O[B-](OC(C)C)(OC(C)C)C(C)(C)C(C)C,True
CCC(C)C1NC(=O)C(Cc2ccccc2)N(C)C(=O)C(CC(C)C)NC(=O)C(CC(C)C)NC(=O)C(Cc2ccccc2)NC(=O)C(CC(C)C)NC(=O)C(C)NC(=O)C(C(=O)N2CCCCC2)NC(=O)C(Cc2ccccc2)NC(=O)C(C(C)O)NC1=O,False
Cc1nn(-c2ccccc2)c(N2CCC(C(=O)NCc3cccnc3)CC2)c1-n1c(C)ccc1C,False
Cc1nc(C)c(CNc2cc(Br)ccc2N(C)C)s1,False
C#Cc1[nH]c(C)nc1C=CC,False
CNCCNc1cc(-c2ccccc2Cl)nc2c(Br)cnn12.O=Cc1cc(=O)c2ccccc2o1,False
CC(C)(C)c1nnc2ccc(NCc3cc4c(cc3OC(F)F)OCO4)nn12,False
C=C(C=O)CO.C=C(C=O)CO.CCCCCc1ccc(-c2ccc(C3CCC(CCC(CO)CO)CC3)cc2)cc1,False
CC=CC=C(CC)C(C)=CC(=CC(C)c1ccc(C)cc1)c1cccnc1,False
COc1ccc(N2C(=O)C=CC2=O)cc1.Cl.N,False
CC(C)(C)CC(C)(C)C1=CC(C)(C(C)(C)CC(C)(C)C)CC(Cc2cc(C(C)(C)CC(C)(C)C)cc(-n3nc4ccccc4n3)c2O)=C1O,True
[CH2-]C(CC(O)CC)CC1CC(C)OC(CCC)O1.[Y],True
N#Cc1ccc(F)c(CN2CCC(C(O)c3ccccc3)CC2)c1,False
O=CNC(=O)c1cc2ccccc2cc1O,False
NC1(CC(=O)NCCn2ccnn2)CCC1,False
Cc1csc(C(C)C)c1F,False
Cc1cc(NC(=O)CN(C)C(=O)c2ccccc2Oc2ccccc2)no1,False
CCC1(C(=O)O)CCCN1Cc1c(C)nn(C)c1C,False
CN(CC1CCCC1)c1ccc(CCN)cn1,False
CCNC(=NCC1(c2ccccc2)CCC1)NCCCc1nc(C)no1.I,True
COC(=O)C(C)C(C)OC(=O)C1CCN(C(C)=O)CC1,False
O=C(O)CN1C(=O)C(=Cc2ccc(Oc3ccccc3)cc2)SC1=S.O=C(O)CN1C(=O)CSC1=S.O=Cc1ccc(Oc2ccccc2)cc1,False
C=CC(O)=CC=C(C)c1cc(C)cc(C=O)c1,False
NC(=O)c1cc(S(=O)(=O)c2ccc(OCCNCC(O)c3cccnc3)cc2)ccc1O,False
CCOC(=O)C1=C(c2ccccc2)N=c2sc(=Cc3ccc(N4CC[NH+](C)CC4)o3)c(=O)n2C1c1ccc(OC)c(OC)c1,False
Cc1ccc(S(=O)(=O)c2nnn3c2nc(NCCC(C)C)c2ccccc23)cc1C,True
O=Cc1cnc(-c2ccc(Cl)c(Br)c2)nc1,False
COc1ccc(-c2nnc3cnccn23)c(N)c1,True
C=C(CN1CCS(=O)(=O)CC1)C(=O)CCC(NC(=O)C(CC(=O)CCC)Cc1nc2ccc(Cl)cc2s1)C1CCOCC1,False
CCC(C)N(Cc1ccc(OS(=O)(=O)CC)cc1)C(=O)COc1ccccc1,False
Cc1ccccc1-c1[nH]n(C)c(=O)c1C=O,False
C=C(N=CC=C(N)c1ccc(NC(=O)Cc2ccccc2OC)cc1)Nc1ccc(N2CCOCC2)cc1,False
CCC(C)c1ccc(C(NC(=O)C2CC2C)c2cccs2)cc1,False
CCCCC1(CC)CS(=O)(=O)c2cc(OCCOCCOCCOC)ccc2C(c2ccccc2)C1O,True
COc1ccc(CNC(CO)CCO)cc1Br,True
C[Si](C)(CCC=O)c1ccccc1,False
Cc1ccccc1-c1nc(C2C=CC=CC2)nn1-c1ccc(C=O)cc1,False
CC=C(C)C(=C(C)N(C)C)c1c(Cl)ccc2c(CCCCc3cccc(C)c3)c(C(=O)OC(C)(C)C)n(CCN3CCN(CC(=O)NCc4ccc(C(C)O)c(CC(C)C)c4)CC3)c12,False
COC1=C(C=O)CCC=C1O,False
CC1CCC(C2CCC(C(=O)Oc3ccc(OC=O)cc3)CC2)CC1.CC1CCC(OC(C)(C)C(C)(C)OC(=O)CCC(=O)O)CC1,False
FC(F)(F)c1cc(C(F)(F)F)[n-]n1.FC(F)(F)c1cc(C(F)(F)F)[n-]n1.[Cu+].[Cu+].c1ccc2c(-c3ccc(-c4nccc5ccccc45)cc3)nccc2c1,False
CCOC(=O)C1=C(C)N=c2sc(=Cc3cc(Cl)c(OCc4cccc(C(=O)O)c4)c(OC)c3)c(=O)n2C1c1ccccc1OC,False
C=CCN(CC=C)C(=O)CC1(C(=O)O)CCCCCC1,False
CN1CCN(c2ccc(NC(=O)N3CCN(Cc4ccncc4)CC3)cc2)CC1,False
Cl.Nc1ccc(N)c(C=CCNc2ccc(N)cc2CCO)c1,True
CC(C)(C)OC(=O)N1CCNCC1.CC(C)(CCNC=O)n1ccnc1,False
COc1ccc(Br)c(Cn2cc(CN)c(C)n2)c1,True
CCOC(=O)C1=C(C)N=c2sc(=Cc3ccc(-c4cccc(Cl)c4Cl)o3)c(=O)n2C1c1cc(OC)c(OC)cc1Br,False
O=C(Cc1ccsc1)N1CCCCC1C1CCCN1,False
CNCc1ccnc(Oc2ccc(C)cc2)c1F,False
C#CCOCCOCCOCCOCCC(=O)NC(C1C(C=CC)CC(OC=O)N1C(=O)OC(C)(C)C)C(C)(CCC)OC,False
CCC(NC=O)C(=O)CNC(=O)C(CC(C)C)NC(=O)CCC(C)C,False
CC(=O)c1ccc(NC=C(C#N)C(=O)Nc2ccc(Cl)c([N+](=O)[O-])c2)cc1,False
COCCNCC(=O)Nc1cc(Cl)c(O)c(Cl)c1.Cl,False
CC=C(CC)NC(=O)CCNc1cc(C)nn1-c1ccccc1,False
CCCc1cc(N2CCN(S(=O)(=O)c3ccc(C(N)=O)o3)CC2)n2ncnc2n1,False
CCC(CN)(COC)N1CCCSCC1,True
CCC(=O)CC(C=O)(c1ccccc1)c1ccccc1,False
CC(CO)N(C)C(=O)c1cc(Cl)c(N)c([N+](=O)[O-])c1,False
COCCNC(=S)NC(=O)c1cccc([N+](=O)[O-])c1,False
COc1ccc(CNc2nc(Cl)c(C)c3nc[nH]c23)c(OC)c1,True
COc1ccc2scc(O)c2c1C=O,False
CNc1ccc([N+](=O)[O-])c(Oc2ccc(Br)cc2F)n1,False
Cc1cc(C(=O)OCC(=O)Nc2cc(S(C)(=O)=O)ccc2Cl)c2ccccc2n1,False
COc1ccc(C(=O)NC(C)CC(C)C)c(O)c1,False
N#CC1CN(C(=O)c2cnc(Cl)c(Cl)c2)CCO1,False
CNC1CC(C)CC(C)C1CN(C)C(C)C1CC1,False
c1ccc(-c2cc(-c3ccncc3)cc(-c3ccncc3)n2)nc1,False
CCCCc1cn(CCN)c2c(C(=O)O)c(C)ccc12,False
CCS(=O)(=O)NCCC1CCC(C)CC1,True
COP(=O)(NNc1ccccc1)OC,True
CCN(C=O)C1OC(n2cnc3c(NC4CCOC4)nc(-c4[nH]ncc4-c4ccc(C)cc4)nc32)C(O)C1O,False
Cn1c(CN2Cc3ccccc3C(n3cccn3)C2)nnc1C1CC1,False
O=Cc1cccc(C(O)C(O)CCO)c1,False
O=C(O)c1cccc2ccc3cccc(C(=O)O)c3c12,False
CCCNC(=NCc1ccccc1OCC1CC1)NCC(=O)N(C)C.I,False
COc1ccc(CON2C(C)(C)CCCC2(C)C)cc1,True
CC1CCC(C)N(C(=O)Cc2c[nH]c3ccccc23)C1,False
O=Cc1ccc(NC(=O)c2ncccc2Br)cc1,False
COc1ccc(OCC(=O)N2CC3(CC(N4CCCC4)CO3)C2)cc1,False
CC.CCc1ccc2c(c1)c(OC)nn2C,True
COc1ccc(CCC(C)NCCC2=CC(=O)C(=O)C=C2)cc1,False
O=C1NCc2c1cc1ccc3c(c1c2-c1ccncc1)OCO3,False
Cc1cc2cc(C(=O)N(C)Cc3cc(-c4ccccc4)no3)ccc2o1,False
Brc1ccc(Cn2ccncc2=N[n+]2ccccc2)cc1,False
C=CCC(CC=O)CCCI,False
OCC1CCC(n2cc(-n3cc(-c4cnn5ccc(N6CC7CC6CO7)nc45)nn3)c(C(F)F)n2)CC1,False
COC(=O)CC1CCc2cccc3c2N(C1=O)C(c1ncc(-c2ccc(-c4ccc(-c5cnc(C6COCCN6C(=O)C(NC(=O)OC)C(C)C)[nH]5)cc4)cc2)[nH]1)C3,False
CCCCCCCCCCCCCCCCC(n1cc[n+](CCCCCCCCCCC)c1)C(C)(Cc1ccccc1)c1ccccc1,False
Cc1cc(C)nc(Nc2cccc(C(=O)Nc3ccc4sncc4c3)c2)n1,False
COC(=O)c1ccc2c(=O)n(-c3ccccc3)c(SCCO)nc2c1,False
O=CNN1C(=O)Cc2cc(Cl)ccc21,False
Cc1cc(CNCCNC2CC2)sc1C,False
N#Cc1ccc(C2CC2c2nc(N3CCCC3)no2)cc1,True
CCc1cc(C(=O)NCC2(CC)CCCC2)cc(Cl)n1,False
CCOc1cccc(CNCc2cc(OC)cc(C)n2)c1,True
COCCC1Cc2cccc(C)c2CN1,True
CC1CN(C(=O)OC(C)(C)C)CCN1.CC1CN(C(=O)OC(C)(C)C)CCN1Cc1cc2c(=O)n(C)cc(-c3ccncc3OCC3CC3)c2s1.COc1nccc2sc(C=O)cc12.COc1nccc2sc(C=O)cc12.COc1nccc2sccc12.COc1nccc2sccc12.Clc1nccc2sccc12.Cn1cc(Br)c2sc(C=O)cc2c1=O.Cn1cc(Br)c2sc(C=O)cc2c1=O.O=Cc1cc2c(=O)[nH]cc(Br)c2s1.O=Cc1cc2c(=O)[nH]cc(Br)c2s1.O=Cc1cc2c(=O)[nH]ccc2s1.O=Cc1cc2c(=O)[nH]ccc2s1,False
O=Cc1cccc(Oc2ncnc3scc(-c4ccc(Cl)cc4)c23)c1,False
C=CC(=O)N1CC(NC)C1.O=CCn1cc(C(=O)N2CCOC(c3ccccc3)C2)c2cc(Br)ccc21,False
COCCCCC(Nc1ccc(C(=O)N(C)CCC=O)cc1)c1oc2ccc(OC)cc2c1C,False
Cn1cc2cc(-c3ccccc3)oc2c(-c2ccccc2)c1=O,False
CC(C)(C)SC(=S)[S-].O.O.[Na+],True
COc1ccc(Cc2cccc(F)c2)c(N)c1,False
CC(C)c1cc(C(=O)N2CCCNC(=O)C2)cc(NN)n1,False
CCC(C)c1ccc(OC(C)CO)cc1,True
COc1ccccc1CN1CCC(C(=O)N(C)C)(n2cccn2)CC1.O=CO.O=CO,False
CC(C)NC(=O)CN1CCN(C(=O)CNc2ccccc2)CC1,False
COc1cccc(C(=O)N(Cc2cnc(S(=O)(=O)Cc3ccccc3)n2CC2CCCO2)C2CC2)c1,False
Nc1cccc(C(=O)NCCc2ccc(Cl)s2)c1[N+](=O)[O-],False
CCS(=O)(=O)C1CSCCN1c1cc(Br)ccc1C(=N)N,True
CCCN(C)C(=O)c1ccc(-n2cnc3ccccc32)s1,False
COC1(C)CC(c2ccccc2)N=C(Nc2ccccc2)N1,True
CC=CC(=O)OCC(C)OS(=O)O,True
CCCC(=O)N(C(=O)C(CCC(N)=O)NC(=O)C(N)CO)C(CC(N)=O)C(=O)C1(C(=O)N(CCCc2ccccc2)C(N)(C=O)C(C)C)CCCN1,False
NNc1cc(S(=O)(=O)NCCc2cscn2)ccn1,True
CNC(=O)CN(C)c1ccc(C=O)s1,False
Cn1cc(-c2cc(Oc3cccc(NC(=O)c4ccc5c(c4)OCO5)c3)ccn2)cn1,False
C#CC1(CO)OC(n2ccc(N)nc2=O)C2OC3(CCCC3)OC21,False
CC1=C(c2nc(-c3cccs3)no2)C(c2ccc(C)c(C)c2)NC(=S)N1CCc1ccccc1,True
CC(Sc1nncn1C)C(=O)NCCc1ccc(S(N)(=O)=O)cc1,False
C=CCOc1ccc(C=c2sc3n(c2=O)C(c2cc(OC)ccc2OC)C2=C(N=3)c3ccccc3CC2)cc1Br,False
C.C=C(C)OC1C(C)OC(COC(C)=O)C1OC(C)=O.C=C(C)OC1C(C)OC(COC(C)=O)C1OC(C)=O.C=C(C)OC1CC(COC(C)=O)OC1C.CC.CC.CC.CC.CC.CC1OC(CO)C(O)C1O.CC1OC(CO)C(O)C1O,False
CCCCOc1c2c(c(OCCCC)c3c1C1C=CC3O1)-c1nc-2nc2[n-]c(nc3nc(nc4[n-]c(n1)c1cc([N+](=O)[O-])ccc41)-c1c(OCCCC)c4c(c(OCCCC)c1-3)C1C=CC4O1)c1cc([N+](=O)[O-])ccc21.[Ni+2],True
Cc1ccc(-n2nnnc2SCC(=O)NCCc2ccccc2C)cc1C,False
COc1ncc(-c2ccc3c(n2)N(C(=O)Nc2cnccn2)C2CCN3C2)c(OC)n1,False
CC=CN(N=CCCC)c1c(OC)cccc1C(=O)N1CC2CN(c3nc(C)cc(C)n3)CC2C1,False
CC1(C)OB(C2=CCC(NC(=O)OCc3ccccc3)CC2)OC1(C)C,False
COc1cc(C=O)cc(C(=O)[O-])c1O.COc1cc(C=O)cc(C(=O)[O-])c1O.[Ca+2],False
CCc1ccc(C(=O)NNC(=O)C=Cc2cccs2)cc1,False
Cc1ccc(C(C)C)c(OCC(O)c2ccccc2C)c1,True
COc1ccc(C(CCCCCCCCCCC(=NO)c2ccc(OC)cc2O)=NO)c(O)c1,True
CC1(C)CCCCC1N1CCCNC(c2ccccc2)C1,False
CC.CCOc1cc(Cl)c2c(c1)C(O)(C(F)(F)F)c1ccccc1-2.NCc1ccccc1,False
CC(N)C(=O)O.CC(O)C(N)C(=O)O.CC(O)C(N)C(=O)O.CC(O)CO.CC(O)CO.CN(C)C.CN(C)C.CNC(Cc1cnc[nH]1)C(=O)O.CNC(Cc1cnc[nH]1)C(=O)O.O=CC(O)C(O)C(O)C(O)CO.O=CC(O)C(O)C(O)C(O)CO.O=CC(O)C(O)C(O)C(O)CO.OCC(O)CO.OCC(O)CO.OCCO.OCCO,False
CN=C(NCC1(c2cccc(Br)c2)CC1)NC1CCN(CC(C)C)CC1.I,False
Cc1c(CC(N)C(=O)O)ccc(O)c1-c1ncc[nH]1,False
COC.O=CC(Br)c1ccc(Br)cc1,False
O=CC1(C2CCCC2O)CC2CCC1O2,False
Cc1ncn(-c2cc(Cl)nc3c(C(=O)C(=O)N4CCN(C(=O)c5ccccc5)C(C)C4)c[nH]c23)n1,False
COc1ccc(C#CC(O)(C#CC(=CC=O)c2ccccc2)c2ccccc2)cc1,False
CC(=NNC(=S)Nc1ccc(C)cc1)c1nn(C)c(-c2cccc(C(F)(F)F)c2)c1O,False
[CH2-][C](=[Fe+])OC(=S)SSC(=S)OCC,True
C=NC(C(=O)NC(C)C(=O)OC(C)C(C)c1ccccc1OC)=C(O)C(=CC)OC,False
C=C(C)C=O.C=C(Cl)C=CC(=C)NC(N)=NC(N)=Nc1ccc(CCOC)cc1,False
N#CC(C(=O)c1ccn(Cc2ccccc2)n1)c1nc2ccccc2[nH]1,False
Cc1cc(-c2ccc(F)cc2)nc2ccc(Oc3c(Cl)cc(N4N=C(C#N)C(O)NC4O)cc3Cl)cc12,False
CNc1nc(Nc2cccc(C3CCN(C)CC3)c2)c(C(N)=O)nc1-c1cncc2c1ncn2C.O=CO,False
C=CCc1nn(CC=C)c(Cl)c1OC(=O)O,False
COc1cccc2c1C(=O)C1=C([N+]#N)c3cc(C)cc(OC)c3C1=C2O,False
CCCCOc1ccccc1NNC=O,False
O=C(C=Cc1cccc([N+](=O)[O-])c1)NCc1ccc[nH+]c1,False
COc1ccc2c(c1)-c1c(cnn1C)C1(CCN(C(=O)c3ccc(OC(C)C)c(C)c3)CC1)O2,False
CC(C)NC(=O)CCCC(=O)N1CCc2ccccc2C1C(=O)O,False
CC1(C)OC2C(COP(=O)(O)O)OC(n3c(C#N)cc(=O)[nH]c3=O)C2O1,False
Cc1cc(-c2ccc(C)c(S(=O)(=O)N3CCC(O)C(C(=O)O)C3)c2)on1,True
C=C(C=Cc1ccc(-c2ccc(C3CCC(OC)CC3)c(F)c2F)cc1)C(F)=C(F)C(=C)OC,False
COCCOCCOCCOCCCCc1cccc2cc3ccccc3cc12,True
CCC1C(O)C(COC)OC(OCCONC2CCC2)C1OC1OC2(OC)C(CCP(=O)(O)OC)C(O)C(OC)C12,True
O=C1NCCN1Cc1cccc2cccnc12,False
CCN(CC)c1ccc2cc(C(=O)NCC(C)(C)OCCC(C)(C)C)c(=O)oc2c1.O=CON1C(=O)CCC1=O,False
CC(CC(=O)OCCn1cccn1)NC(=O)c1ccccc1,False
c1nnc(C2CCCN(c3nc(C4CC4)nc4sc5c(c34)CCCC5)C2)n1C1CC1,False
CNC(C)(C(=O)O)c1cccc(C#N)c1,False
CO.O.O=CC(O)C(O)C(O)CO,False
COCCn1c(=NC(=O)c2ccco2)sc2cc(OC)ccc21,False
COCOc1cccc(NC(C)=O)c1,False
C.C.C.C.NOOSc1ccc(N)cc1.NOOSc1ccc2c(c1)C1C=CCC1C(c1ccc3ccccc3c1)N2.NOOSc1ccc2c(c1)C1C=CCC1C(c1ccc3ccccc3c1)N2.O=Cc1ccc2ccccc2c1,False
CNc1cc(SC2CCOC2)c(C#N)cn1.O=Cc1nc2c(cc1CN1CCOCC1=O)CCCN2C=O,False
Cc1cccc2cc(CCNS(=O)(=O)c3ccc4c(c3)OCO4)c(=O)[nH]c12,False
c1ccc(-c2ccc3cc(-c4cc(-c5ccc6ccccc6c5)cc(-c5ccc(-c6cccc7ccccc67)c6oc7ccccc7c56)c4)ccc3c2)cc1,True
CCCCCOCCON1C(O)C(C)OC(COP(C)(=O)O)C1O,True
c1ccc(-c2cccc(-c3ccccc3)c2-c2ccc3c4ccccc4c4c5cc(-c6c(-c7ccccc7)cccc6-c6ccccc6)ccc5c5ccccc5c4c3c2)cc1,False
O=C(O)c1ccc2c(c1)C1CC3C2C13,False
CCCNC(=O)CNC(=NC)N1CCC(C)CC1,False
O=Cc1ccc(CN2CC=CCC=CCc3ccccc32)cc1,False
O=Cc1c(O)cc(C2CCC(O)CO2)cc1O,False
CC(C)C(NC(=O)C1=CC2CC=NC2C=C1)C(=O)N1CCC(C2C=CC(Cl)CC2)C(C)(C)C1,False
O=C(O)NCCCCCCCCCc1ccccc1,False
CCOC1CC(NS(=O)(=O)c2cccc(F)c2CN)C1,False
CC=COC=O.CCOc1cc2ncc(C#N)c(Nc3ccc(OCc4ccccn4)c(Cl)c3)c2cc1NC(=O)C=CC1CCCN1C,False
Cc1cccn2c(=O)cc(CN3C(=O)NC(C)(c4ccc5c(c4)OCCO5)C3=O)nc12,False
CC(C)(C)c1cc(CNc2ccccc2C=O)c(O)c(C(C)(C)C)c1.CC(C)(C)c1cc(CNc2ccccc2C=O)c(O[Si](C)(C)C)c(C(C)(C)C)c1.CC(c1cc(C(C)(C)C)cc(C(C)(C)C)c1O)N(C)c1ccccc1Sc1ccccc1.CCCN(Cc1cc(C(C)(C)C)cc(C(C)(C)C)c1O[Si](C)(C)C)c1ccccc1C=O.COc1c(C(C)Nc2ccccc2Sc2ccccc2)cc(C(C)(C)C)cc1C(C)(C)C,False
CCOc1ccccc1N1CCOc2ccccc21,True
C#CC(=O)N1C(CCCC)Cc2cc(OC)ccc2C1c1ccc(COC(N)=O)cc1,False
CCC(O)c1cccc(S(=O)(=O)NCCCOC)c1,True
NC(Cc1ccccc1)C(=O)NC(Cc1ccccc1)C(=O)NC(Cc1ccccc1)C(=O)NC(CCC(=O)O)C(=O)O,False
CCCN1CCOCC1c1cc(O)c2c(c1OC)CC1CC3C(N(C)C)C(=O)C(C(N)=O)=C(O)C3(O)C(=O)C1=C2O,False
CC(N)c1ccc(NC(=O)NCCC(C)S(C)=O)cc1,False
CCCCCCCCCCCCCC(=O)NC(CC)CNC(=O)CC(CCCCCCC)OC(=O)CCCCCCCCCCC.CCCCCCCCCCCCCC(=O)NC(CO)CNC(=O)CC(CCCCCCC)OC(=O)CCCCCCCCCCC,False
CN1C(=O)Cc2cc(C(=O)CN3C(=O)NC4(CCCCCC4)C3=O)ccc21,False
C=C=C=C(C(C)C)C(C)N(C)C=O,False
CN1CCCCCC1C(=O)NCCCOC1CCCCC1.O=CO,False
COc1cccc(C=Nc2ccccc2NS(=O)(=O)c2nnc(NC(C)=O)s2)c1O,False
O=C(Nc1ccc(N=C=S)cc1)Nc1ccc(N=C=S)cc1,False
CCC(=NNC(=O)COc1ccc([N+](=O)[O-])cc1)c1ccccc1,False
CCN(CC(C)(C)O)C(=O)Nc1ccc(-n2nccn2)cc1,False
O=[N+]([O-])c1ccc(C=Cc2ccc(N=Nc3ccc(-n4nc5ccc6c(S(=O)(=O)[O-])cc(S(=O)(=O)[O-])cc6c5n4)cc3)cc2S(=O)(=O)[O-])c(S(=O)(=O)[O-])c1.[Na+].[Na+].[Na+].[Na+],True
N#CC1(C2(c3ccc(Br)s3)COC2)COC1,True
CC(N)Cc1c[nH]c2c(C(=O)O)cccc12,False
CCNC(=NCc1ccc(Cl)cc1OC)NC1CCN(c2ccc(C)cn2)CC1.I,True
O=C(Nc1onc2c1CCC2)c1ccc(S(=O)(=O)N2CCc3ccccc3C2)cc1,False
CCOCC(OCC)(OCC)OC(=O)c1ccccc1,False
CC1CN(Cc2ccc3ccccc3n2)CC1c1nn2c(C3CCOCC3)ncc2c(=O)[nH]1.CC1CNCC1c1nn2c(C3CCOCC3)ncc2c(=O)[nH]1.O=Cc1ccc2ccccc2n1,False
OC1CCCC1c1cc[c-]nc1.[Y],True
C[Si](C)(C)c1ccc(C=O)[nH]1,False
CCOc1cc(C=C2SC(=O)N(Cc3ccccc3)C2=O)cc(I)c1O,False
O=Cc1nn(Cc2cc(Cl)ccc2Cl)c(=O)c2ccccc12,False
COc1ccc2nc(NN=O)sc2c1.[Na+],True
COc1ccc(-c2cc(C=O)cc(OC)c2OCc2ccccc2)cc1,False
Cc1ccc2c(CCl)cc(=S)oc2c1,True
CNC(=O)CC1CCN(C(=O)NCC(C)N(C)c2ccccc2)CC1,False
CCC1NC(C)CCC1OCC(=O)NCCC(C)C,False
O=CN1CCN(C(=O)c2ccc(Oc3ccc4c(c3)COB4O)cc2)CC1,False
CC(C)C(=N)C(C)Cl,True
Brc1cnc(-c2nsc(I)n2)c(Br)c1,False
CCCN=C(c1cc(C(OC)Oc2ccccc2)c2oc3c(-n4c5ccncc5c5ccncc54)c(-c4ccccc4)cnc3c2n1)C1c2cnccc2N(c2ccccc2)C1N,True
OCC(c1cc(Cl)c2c(c1)OCO2)N1CCCNCC1,True
N#Cc1nc2cc3c(cc2n1S(N)(=O)=O)OC(F)(F)C(F)(Cl)O3,False
CCCCCNC(=O)C(c1ccc(C)cc1C)N(CCCC)C(=O)C(CC(N)=O)NC(=O)OC(C)(C)C,False
CCC(CC)CC(C)(C)CCNC,False
CC(O)C1CCN(C(C)C(=O)NC(C)C2CC3CCC2C3)C1,False
CCOC(=O)C1C(C)N=c2sc(=Cc3ccc(C4CCC=C(CO)C4)o3)c(=O)n2C1c1ccc(SC)cc1.O,False
CCCc1nc(C)c(C(N)=O)n1NC(=O)c1ccccc1OCC,False
O=Cc1ncnc(Cl)n1,False
CCNC(=S)NC1CCC(CC2CCC(C)CC2)CC1,False
O=CCC1CC(OCCCc2ccccc2)c2ccccc21,False
CCOc1ccc(OCCNC(=O)CN2CCC(C(N)=O)CC2)cc1,False
Cc1c(C=O)c2ccccc2n1CC(=O)NCc1ccc2c(c1)OCCCO2,False
CCCCOCNNC(=O)O,False
O=C(O)C(Cl)(Cl)Cl.O=C(O)CC(O)(CC(=O)O)C(=O)O,False
CCCOc1ccccc1C=O.Nc1ccc(N)nc1,False
Clc1nc(-c2cc(Br)cs2)nc(Cl)c1Br,False
COc1ccc(N(C)C(=O)C2CCCN(Cc3c(Cl)cccc3Cl)C2)cc1,False
COC1(C(O)c2ccc(OC(C)C)cc2)CCC(C)CC1,True
CN(CCO)c1cccc(-c2ccc3ncnc(N)c3n2)c1,True
C[N+](C)(C)c1ccccc1.FC(F)(F)c1cc([B-](c2cc(C(F)(F)F)cc(C(F)(F)F)c2)(c2cc(C(F)(F)F)cc(C(F)(F)F)c2)c2cc(C(F)(F)F)cc(C(F)(F)F)c2)cc(C(F)(F)F)c1,False
CCCCNC(=NC)NC1C2CCOC2C12CCCC2,True
c1cc(CCc2cncc(OCC3CCCN3)c2)ccn1,True
Cc1nn(C(C)C)c(C)c1NCc1ccc(CC(=O)O)s1,False
COC1(C)CC(OC2C(C)C(=O)OC(CCNC(=O)Cc3cccc(-c4ccc[nH]4)c3)C(C)(O)C(O)C(C)C(=O)C(C)CC(C)(O)C(OC3OC(C)CC(N(C)C)C3O)C2C)OC(C)C1O,False
CN(C)CCC1CN(C(=O)c2ccc3c(c2)OCO3)Cc2ccnn21,False
CCN(CC)CCN(C(C)=O)C1CCN(c2ccc(NC(=O)c3ccc(C4CCCCC4)cc3)cc2)C1,False
CCC(C)C(NC(=O)C(CCCCN)NC(=O)C(CCC(=O)O)NC(=O)C(CCCCN)NC(=O)C(CCCCN)NC(=O)C(NC(=O)C1CCCN1)C(C)C)C(=O)NC(CCC(=O)O)C(=O)NC(C=O)CCC(=O)O,False
Cc1cccc(C)c1NC1=NC(=S)N(CCN2CCOCC2)C12CCCC2,True
C(=CC1CCCCC1)c1cn(-c2ccccc2)c2ccccc12,False
CC1CN(C(=O)OCC(Cl)(Cl)Cl)C(CCCC=O)=CC1=O,False
CCC(CO)NC(=O)C(=O)NCCN1C(=O)CSC1=O,False
CO[Si](O)(CCCNC(=O)OC1CC(C(O)(c2ccccc2)c2ccccc2)N(C(=O)c2cc(C(=O)N3CC(OC(=O)NCCC[Si](O)(OC)OC)CC3C(O)(c3ccccc3)c3ccccc3)cc(C(=O)N3CC(OC(=O)NCCC[Si](O)(OC)OC)CC3C(O)(c3ccccc3)c3ccccc3)c2)C1)OC.O=[Si]=O.O=[Si]=O.O=[Si]=O,False
CCOC(=O)C1=C(N)n2c(sc(=Cc3ccc4ccc5cccc6ccc3c4c56)c2=O)=C(C(=O)OCC)C1c1ccc(OC)cc1,False
O=C(N1CC=C(c2c[nH]c3ncccc23)CC1)N1CCOCC1c1ccccc1,False
Cc1noc(C(C)C)c1C(=O)Nc1cccc(C(=O)N2CCCC2)c1,False
CC(OCC1c2ccccc2CC1NC(=O)c1cc2cc(Cl)sc2[nH]1)C(=O)OC(C)(C)C,False
CC(N)CC(C)(C=CC=CC=CC=CC=CC=CC=CC=CC=O)NC(=O)NC1(C)COC1C(C)N,False
CCCCCCCCCCC(CCCCCC)COP(=O)([O-])[O-].[Mg+2],True
COc1ccc2ncc(=O)n(C3CCC(NC(=O)O)CC3)c2n1,False
COC(=O)C1C(C(O)S(=O)(=O)O)C1(C)C.[K+],False
CCCCCN1CCN(CCNc2ccccn2)CC1,False
CC=CC(=O)N1CCN(S(=O)(=O)c2ccc(Cl)s2)CC1,True
O=CC1CCCN1C(=O)CN1CCCC(NS(=O)(=O)c2ccc(-c3ccc(Cl)s3)s2)C1=O,False
Oc1ccccc1-c1nc2c(-c3ccc4ccccc4c3)ccnc2n1C1CCNCC1,True
CCNC1CCCC1CN(CCO)C1CC1,True
CC(=O)Nc1cccc2c1n(C)c(=O)n2CC=O,False
CC(=CC=CC1=CC(C)OC1=O)CCC=C(C)CCC1=C(C)CCCC1(C)C,False
CN(C(=O)CC1CCCO1)C(Cc1ccccc1)C(=O)O,False
CN=C(NCc1ccc(OC)cc1OC)NCC(c1ccccc1OC)N(C)C.I,True
O=S(=O)(O)CCCC[n+]1ccc(-c2cc[n+](CCCCS(=O)(=O)O)cc2)cc1.O=S(=O)([O-])O.O=S(=O)([O-])O,True
CC(C)(C)c1cccc(NC(=O)CCCOc2ccc(S(=O)(=O)C3(C(=O)NO)CCOCC3)cc2)c1.CC(C)Oc1cccc(NC(=O)CCCOc2ccc(S(=O)(=O)C3(C(=O)NO)CCOCC3)cc2)c1.Cc1ccc(NC(=O)CCCOc2ccc(S(=O)(=O)C3(C(=O)NO)CCOCC3)cc2)cc1I.O=C(CCCOc1ccc(S(=O)(=O)C2(C(=O)NO)CCOCC2)cc1)Nc1cccc(-c2ccccc2)c1.O=C(CCCOc1ccc(S(=O)(=O)C2(C(=O)NO)CCOCC2)cc1)Nc1cccc(I)c1,False
Cc1cc(N2CCCOCC2c2ccc(C#N)cc2Cl)nc(N)n1.Cc1cc(N2CCCOCC2c2ccc(C#N)cc2Cl)nc(N)n1.Cc1cc(N2CCCOCC2c2ccc(C#N)cc2Cl)nc(N)n1.N#Cc1ccc(C2=COCCCN2C=O)c(Cl)c1.N#Cc1ccc(C2=NCCCOC2)c(Cl)c1.N#Cc1ccc(C2CCCCOC2)c(Cl)c1.O=CN1CCCOC=C1Cl,False
CC(O)C(COCCOCCCl)N(Cc1ccccc1)Cc1ccccc1,True
C1CCC(CCCNC2CCSCC2)CC1,False
C=CC(=CC)Oc1cccc2ccnc(NC(C)c3ccc(C(=O)OC)cc3)c12,False
CNCCN(CC=O)C(=O)C(c1cccnc1)N(C)c1ccc(C(C)(C)C)cc1.O=CC1CCCN1,False
CNC(=O)CCCN(C)S(=O)(=O)c1ccc(C)c(O)c1,True
CCCC1N(C(=O)CNC(=O)N(C)C)CCC12C(=O)Nc1ccccc12,False
COc1ccccc1C(=CC=O)N=CN(C)C,False
C=CC(O)OC1(CCC)CCC(OC)C1,True
CCCN1CCN(C(=O)c2cccc(Cc3ccc4[nH]c(C)c(C)c4c3)c2)CC1,False
COc1cc(CN2CCCCC2)ccc1C#N,True
O=Cc1ccc(CNCc2ccc(Cl)cc2)c2ccccc12,False
CCCCCCCCCCOc1ccc(OC(=O)c2ccc(C3OCC(CCC(C)CC)CO3)cc2)cc1,False
Cc1c(C(CC=O)NC(=O)OC(C)(C)C)cnn1C,False
CC1(C)c2ccccc2-c2ccc(Nc3ccc(C4CCCCCCC4)cc3)cc21,False
SCCC=Cc1ccc(Cl)c(Cl)c1,False
CN(CC(CC=O)c1ccc(Cl)c(Cl)c1)C(=O)c1ccccc1.Cl,False
CCC(C)C(=O)CN=C1CC2CC2C1=C(N)C(C)=O,False
CCC=CCC=CCC=CCC=CCC=CCCCOC=O,False
CC(C)CCOc1ccc(C2(c3ccc(OCCC(C)C)cc3)OC(=O)c3ccccc32)cc1,False
N#Cc1cc(Nc2cc(Cl)ncn2)ccc1F,False
C=CC1CC(c2ccccc2)(c2ccccc2)CN1C(C)=O,False
Cc1c(Cl)cccc1N1CCN2C1=NC1C2C(=O)N(CC(C)C)C(=O)N1C,False
C=[N+]([O-])OCCN1CCN(S(=O)(=O)c2ccc(OCCC)c(-c3nc4c(CCC)c(C=O)n(CC)c4c(=O)[nH]3)c2)CC1,False
C.CC(=O)N(C)c1ccc2cc(C)[nH]c(=O)c2c1.CC(=O)N(C)c1ccc2cc(C=O)[nH]c(=O)c2c1.COC(OC)c1cc2ccc(N(C)C(C)=O)cc2c(=O)[nH]1.[I][V]([I])[I].[I][V][I],False
COc1cc(CNC(=O)c2cccc(NC(N)=O)c2)cc(OC)c1OC,False
CC(C)C(O)C(=O)N1CCC(c2cn(C)c3ccc(NC=O)cc23)CC1,False
CC1=Cc2c(-c3ccc(C(C)(C)C)cc3)cccc2C1CCC1C(C)=Cc2c(-c3ccc(C(C)(C)C)cc3)cccc21,False
O=CCN(Cc1ccco1)C1CC1,False
CNc1ncc(C#Cc2ccc(OCC(C)(C)O)cc2)c2cc(C3(C(N)=O)CC3)ncc12,False
Cc1ccc(CN2C(=O)c3ccccc3C(C(=O)O)C2(C)C)cc1,False
O=CC1CCCC2C1CCC21OCCO1,False
CC=C(C)c1ccsc1CCNC(=O)c1cc(C2CC2)n2nc(Br)cc2n1,False
C[SiH](C)OC(C=O)CC=CCC(C)(C)C,False
COCC(=O)N(CC(=O)N1CCc2sccc2C1c1ccccc1)C(C)C,False
CCc1sc(-c2nc(-c3ccc(CO)cc3)no2)c2c1CC(C)(C)CC2,True
Cc1ccc(C)c(CN2CCC(CNC(=O)C3CCN(c4cc(=O)n(C)c(=O)n4C)CC3)CC2)c1,False
C#N.CCNC(=O)C(N)CCCCNC(=O)CCC(=O)NCC(=O)NCCC(=O)NCCCCC(C=O)NC=O.CNC(CC(C)C)C(=O)O.CNCC=O,False
O=CC1CCCN1C(=O)C1CCCN1SC(=O)OCc1ccccc1,False
CC1CCN(C(=O)c2cccc(C(=O)N3CCN(c4ccccc4)CC3)n2)CC1,False
C=CCN1C(=O)C(CC(=O)Nc2ccc(OCCCCCC)cc2)SC1=NS(=O)(=O)c1ccc(CC)cc1,False
Cc1nc(-c2ccc(C(=O)NCc3ccc(OC(C)C)cc3)cc2)cs1,False
CS(=O)(=O)c1ccc(CCOc2ccc(C=O)cc2)cc1,False
CCCCCCCCc1c(CCCCCC)ccc(CCCCCCCOC=O)c1CCCCCCCOC=O,False
CC(C)=CC1C(C(=O)NCCNC(=O)c2ccccc2O)C1(C)C,False
CC(C)c1ccc2c(c1)N=C1C(=O)NC(O)C=C1N2CCCc1cccc(Cl)c1,False
CC.CC(C)(C)OC=O.CNC(C)(C)Cn1cc(C)c(Br)c1C(=O)OC,False
CC(C)(C)N1CCOCC1.CC(C)(C=O)N1CCOCC1.CNC1C(C)OC(OC2C(=O)OCc3cccc4[nH]c5c(c34)COC2C2NC(=O)c3csc(n3)C(=C(C)OC)NC(=O)C(C(C)O)NC(=O)c3csc(n3)-c3cc(O)c(-c4nc(C(N)=O)cs4)nc3-c3csc(n3)C(COC5=O)NC(=O)c3csc2n3)CC1(C)O.COC(C)=C1NC(=O)C(C(C)O)NC(=O)c2csc(n2)-c2cc(O)c(-c3nc(C(N)=O)cs3)nc2-c2csc(n2)C2COC(=O)c3[nH]c4cccc5c4c3COC(C(OC3CC4(C)OC(C)N(C)C4C(C)O3)C(=O)OC5)C(NC(=O)c3csc1n3)c1nc(cs1)C(=O)N2.O.O,False
C=C(C)C1CCC(C2CCC3C2=CC2(C=O)C4CCC2(C3O[Si](CC)(CC)CC)C(OCOCC[Si](C)(C)C)C42CCC(C(C)(C)OCOCC[Si](C)(C)C)C2OCOCC[Si](C)(C)C)C1OC(C)=O,False
C[CH2][Ge]([CH2]C)([CH2]C)[c]1ccc([Si](C)(C)CCCN2CCN(c3ccccc3)CC2)o1,True
COCOCc1ccc(Br)c(C(OC)OC)c1,True
COCCN(C)CCn1c(C(C)Cl)nc2ccc(F)cc21,False
Cc1c[nH+]c(C=C(N)C=O)c(C)n1,False
CCOc1cc(C=C2SC(=O)N(CC(=O)Nc3ccc4c(c3)OCCO4)C2=O)ccc1OCc1ccc(Cl)cc1Cl,False
CC(CCO)Sc1cc(Cl)nc(C(C)C)n1,True
Cc1[nH]c2ccccc2c1CCNC(=O)N(C)CC(C)(C)O,False
CCn1nc2cc1CSc1cc(c3ccccc3c1)OCCCc1c(C(=O)O)n(C)c3c(c(Cl)ccc13)-c1c(nn(C)c1C)CSC2,False
CCCCCCCCCCCCC=CCCC=CCCC=CC(O)C(COP(=O)(O)OCC[N+](C)(C)C)NC(=O)CCCCCCCCCC=CCCCCCCCCCCCCC,False
COC(CCn1cc(C)c(=O)[nH]c1=O)COC=O,False
Cc1cnc(C(C)NC2CCN(CC(C)C)CC2)o1,True
COC(=O)c1[nH]cc(Cl)c1Br,False
NC(=O)c1ccccc1O.O=C(O)c1ccccc1O.O=C(O)c1ccccc1O,False
CC(C)C(NC(=O)C(CCC(N)=O)NC(=O)C(CCCN=C(N)N)NC(=O)C1CCCN1)C(=O)O,False
CCn1cc(CCN)c2cc(O)ccc21.CS(=O)(=O)NOC(=O)C=CC(=O)OCS(N)(=O)=O,False
O=CC1C2CCC#CCCC12,False
CN1CCN(c2ccccc2NC(=O)C2CC(=O)N(c3ccc4c(c3)CCC4)C2)CC1,False
CCC(C)c1ccc(NC(N)=NCc2ccccc2CS(C)(=O)=O)cc1.I,True
Cc1[nH]c2ccccc2c1CCCC(=O)C1CC(C)CCC1C(C)C,False
CC=CC(O)C(C)C=CC(=NOC)C(C)C(O)C(C)C1OC(=O)C(OC)=CC(C)=CC(C)C(O)C(CC)C([N+](=O)[O-])C(C)CC(C)=CC=CC1OC,False
CCCNc1ccnc(CN2CCCC(C(=O)NC)C2)c1,False
O=C(CNS(=O)(=O)CCCc1cccc(Br)c1)Nc1ccc(Cl)cn1,False
Cc1ccc(N(c2ccc(C=Cc3ccccc3)cc2)c2ccc3ccc4cccc5ccc2c3c45)cc1,False
COc1cc(C)c(CC(=O)c2ccc(CC=O)cc2)cc1OC,False
CC=CC(=O)N1CCCC1C(=O)NC(CC(C)C)C(=O)NCC(=O)OCC,False
Cc1ccc(Br)cc1CCNC(=O)C=O,False
CCOC=O.CCSNc1ccc(C(=O)O)c(N2CCC3(CC2)CC3)c1,False
Cc1cc(OS(=O)[O-])c2c(C)ccc(C(C)C)cc1-2,True
Cc1ccc(C)c(OC(C)CC=O)c1C,False
C=CC(=CC)c1nc(-c2ccccc2)nc(-c2cccc(-n3c4cc(P(C)(C)=O)ccc4c4ccc(P(C)(C)=O)cc43)c2)n1.CC,True
Cc1noc(C)c1CSc1nc(-c2ccccc2)c(C)c(=O)[nH]1,False
CC1CCC(CN(O)C=O)(C(=O)NNc2nccc(-c3ccccc3N)n2)CC1,False
CC=C(Cl)C(=NC=CC(=O)NCC)N1CCN(C2CCN(C(C)c3ccc(Cl)cc3)CC2)C(C)C1,False
Cc1ccc(C(=O)C(C)OC(=O)c2ccc(-c3ccc(C=O)o3)cc2)cc1,False
O=C1CC2=NCCOC2=CC1=Nc1c(NCCN2CCCC2)nn2ccccc12,False
CCCc1ccc(C(C)CC)c(C)n1,False
Nc1nsc(-c2cc(N3CCOCC3)cc(S(=O)(=O)c3ccccc3)c2)n1,True
COc1cc(OC)c(C(=O)P(C(=O)c2c(Cl)cccc2Cl)C2CCCCC2)c(OC)c1,False
C=C(CNCc1ccc(S(C)(=O)=O)cc1)C(=O)O,False
CCC(=O)c1sc(SC)nc1NC=O,False
CCOC(=O)N1CCN(C(=O)C2CCN(Cc3nc(-c4cccc(C)c4)no3)CC2)CC1,False
CC1CCC(C(Br)c2csc3ccccc23)CC1,False
Cc1cc2c(=O)n3c(nc2s1)CCN(C(=O)CC(C)n1nc(C)c(C)c1C)CC3,False
CCn1nc(-c2ccc(OC)c(S(=O)(=O)NCc3ccc(C)cc3)c2)c2c(c1=O)CCCC2,False
CCNC(=NCc1ccnc(OCC)c1)NC1CCN(C(=O)C2CCCC2)C1,False
CCOC(=O)c1nn(C)c2c1C1CCCC(C2)N1C(=O)OC(C)(C)C,False
CCOC(=O)C1=C(c2ccccc2)N=c2sc(=Cc3cn(Cc4ccc(C(=O)OCC)cc4)c4ccccc34)c(=O)n2C1c1ccc(OCC)cc1,False
C=CC1=C(C=C)C=CC(C)(C(CC)(CC)C(C)(CC)CC)C=C1,False
Cc1cc(C(=O)NCCC(=O)N2CCCC2)c2c(C)noc2n1,False
COc1ccccc1C(=O)N(Cc1cc2ccccc2[nH]c1=O)c1ccc(C)c(C)c1,False
[B]c1cc([B])c([B])c(-c2ccc3c(c2)c2ccccc2n3C)c1[B],False
C#Cc1cccc(C2C(C(=O)OCCC3CNCCN3C(c3ccccc3)c3ccccc3)=C(C)NC(C=O)=C2C(=O)OC)c1,False
C=CC=CC(=CC)S(=O)(=O)NC1CCN(S(=O)(=O)c2cc(Cl)ccc2Cl)CC1,True
CCOc1ccc(CNC(=S)Nc2ccccc2)cc1OCC,True
Cc1ccc(C)c(C(=O)C2CCCO2)c1,False
O=C(Nc1cnn(COc2ccc(Br)cc2)c1)c1ccc2c(c1)OCO2,False
O=C(CN(Cc1ccco1)C(=O)CSc1ccc([N+](=O)[O-])cc1)Nc1ccccc1,False
O=C(O)C=C(CO)c1ccc2c(c1)CCCC2,False
CC(C)CC(NC(=O)C(CC(=O)c1cnccn1)Cc1ccccc1)B1OCCN(CCCC(=O)NC(P(=O)(O)O)P(=O)(O)O)CCO1,False
CC(C)[Si](C1=Cc2c(cccc2-c2ccc(F)cc2)C1)(C1=Cc2c(cccc2-c2ccc(F)cc2)C1)C(C)C,False
O=C(O)CCCCCCCNC(=O)Cc1ccccc1Cl,False
CC(CN)C(=O)N1CCCC(C)C1C,False
Nc1cc(OCc2ccccc2Cl)c2n[nH]nc2n1,True
OC(Cc1ccccc1)CN1CCC(O)(Cc2ccccc2F)CC1,False
Cc1cccc(CCNC(=O)C2CCCN(Cc3nc4ccccc4n3C)C2)c1,False
Cc1nn(C2CCOC2)cc1C=O,False
CC(Cn1cccn1)NCc1ccc2c(c1)OCO2,True
C=CCOC=O.Cc1ccc(C#N)cc1,False
Cc1cn(C2OC(COP(O)(=S)OP(=O)(O)OC3OC4(O)C(C(O)CO)C(O)C(O)C34)C(O)C2O)c(=O)[nH]c1=O,False
C=CCOC(=O)C1=C(C)N=c2sc(=Cc3ccc(Cl)cc3Cl)c(=O)n2C1c1ccc(OCc2ccccc2)cc1,False
CN=C(NCc1cccc(N2CC=CC2)c1)NC1CCN(c2ccccc2)CC1,False
Cc1c(OCCC2CCN(c3nc4ccc(Cl)cc4s3)CC2)ccc2c(CC=O)csc12,False
Brc1ccccc1.O=CO.c1ccccc1,False
[Pt].c1ccc(-c2cccs2)nc1,False
CC1(N)CCN(Cc2ccccc2)C1.CC1(NC(=O)OC(C)(C)C)CCNC1.O=C1CCN(Cc2ccccc2)C1,False
O=CC1C(=O)CCC1=O,False
CC1(C)OB(c2ccc(-c3cc(-c4ccc(B5OC(C)(C)C(C)(C)O5)cn4)ccn3)cc2)OC1(C)C,True
C=CCN1CC(=O)N2C(Cc3ccc(O)cc3)C(=O)N(Cc3cccc(C(=O)NCC(=O)OC(C)(C)C)c3)CC2N1C(=O)CCc1ccccc1,False
c1cnc2ccc(-c3cn[nH]c3)nc2c1,False
O=C(NCC1(O)CCC1)c1ccccc1C(=O)c1ccccc1,False
O=CCCC(=O)OCC(O)CO,False
O=CNCC1C=COCC1,False
O=C1COCCC1CCC(O)CCCC(O)CCC1CCOCC1=O,False
C=CC(O)N1CCN(c2nc(OCC3CCCN3C)nc3c2CCC2(CC(=O)c4ccccc4C2)C3)CC1CC#N,False
ClC1=C=C(Cl)C2=CC=CC=C[C]12.[F-].[F-].[Sb].[c]1ccccc1.[c]1ccccc1,False
CCn1cc(S(=O)(=O)N2CCOC(C(F)(F)F)C2)cn1,False
CN1Cc2ccc(CS(=O)(=O)c3ccc(NC(=O)NC4CCCc5ccccc54)cc3)cc2C1,False
CC=C1CCOC12CCC1C3CCC4=CC(=O)CCC4C3CCC12C,False
Cc1nc(Cl)c(C=O)c(SCC(=O)OC(C)(C)C)n1,False
CC1CCN(CC(O)CNC(=O)c2scnc2C2CC2)CC1,False
Cc1ccc(-c2ocnc2C(=O)N2CC3COCCC3(C(=O)O)C2)cc1,False
CS(=O)(=O)NCCCNCC=Cc1ccccc1,True
CCOC(=O)c1cc2ccccc2n2c(-c3ccccc3)c(C=O)cc12.CCOC(=O)c1cc2ccccc2n2c(-c3ccccc3)c(C=O)cc12,False
CCOC(=O)Cc1ccc(Cl)c(NC(=O)C(Cc2ccc(OCc3c(Cl)cccc3Cl)cc2)C(=O)OC)c1,False
CCCC1CCN1OCC,True
CCc1cccc(-c2cnc(C(=O)NCCc3cn(CCC(=O)N4CCN(CCC(NC(=O)C5(N)CCN(c6ncnc7[nH]ccc67)CC5)c5ccc(Cl)cc5)CC4)nn3)c(NC(=O)CN(CC3CCN(C)C(=O)C3)C(=O)OC(C)(C)C)c2)c1,False
Cn1ccc(CNCc2cc(F)ccc2F)n1,False
O=CO.O=[N+]([O-])c1ccc(Cl)cc1Cl,False
COc1cc(C2CN2)c(O)cc1C,True
Cc1ccccc1-c1cc(C=O)c(Cl)cn1,False
COc1ccc(C=c2sc3n(c2=O)C(c2ccc(N(C)C)cc2)C(C(C)=O)C(C)N=3)cc1,False
NC(=O)C(O)c1ccc(I)cc1,False
CCCC1CSCCN1C=O,False
CC(C)C(=O)Nc1nc2c(ncn2C2OC3CO[Si](C(C)C)(C(C)C)O[Si](C(C)C)(C(C)C)OC3C2C)c(=O)[nH]1,False
C=C(F)Cc1ccc(Br)nc1,True
COC1OC(CO)C(OP(C)(=O)O)C(O)C1NC(C)=O,False
COc1cc(CC(C)(C)C)ccc1-n1cc(C(=O)NCC2(O)CCC(C)CC2)nc1C,False
CC1C2CCC3(CCCC3)C12,False
COCC1CCN(c2nc(C)c(C=O)s2)C1,False
COc1cc(NC2=C(Cl)C(=O)c3ccccc3C2=O)cc(OC)c1OC.COc1ccc(NC2=C(Cl)C(=O)c3ccccc3C2=O)cc1.COc1ccc(NC2=C(Cl)C(=O)c3ccccc3C2=O)cc1O.COc1ccc(NC2=C(Cl)C(=O)c3ccccc3C2=O)cc1OC.O=C1C(Cl)=C(NC(CC2=CCc3ccccc32)C(=O)O)C(=O)c2ccccc21.O=C1C(Nc2ccccc2)=C(N2CCCC2)C(=O)c2ccccc21.O=C1C=C(NC(CC2=CCc3ccccc32)C(=O)O)C(=O)c2ccccc21.O=C1C=C(NCCC2=CCc3ccccc32)C(=O)c2ccccc21,False
CN1CCN(Cc2ccc(-c3nc(CC(=O)N4CCC5(CC4)OCCO5)cs3)cc2)CC1,False
COc1cccc(O)c1CNC1C2CCN(CC2)C1C(c1ccccc1)c1ccccc1,True
C=Cc1c(C=C)c2cccc3c4cc(-c5cccc6c5-c5ccc(-n7c(C=CC)c(CC)c8ccc9c(c%10ccccc%10n9-c9ccccc9)c87)cc5C6(C)C)ccc4n(c1=O)c23,False
CCCCCCCOC1C(OCc2ccccc2)CCC1C1OCCCO1,True
OC(N1CCOCC1)C(F)(F)F,True
CCCCC1(C)C(C(=O)N(C)C)C1C(O)(CCc1ccccc1)[Si](C)(C)C,False
CCOC1C(=O)C(=O)C1NCCC1CN(C(=O)C=Cc2ccc(Cl)cc2Cn2nnc(C)n2)CCO1,False
O=C(C=CNc1cc(Cl)cc(Cl)c1)c1ccc(Cl)cc1Cl,False
CCc1c(C)nc2ccccc2c1N(C)CCN(C)C,False
CCCC(CC=O)(N=[N+]=[N-])C1CCCCC1,False
CCCn1cc(Oc2ncnc(Cl)c2C(C)C)cn1,True
CC(C)(C)CC(=O)N1CCC(O)C1.Cc1ncsc1-c1ccc(CNC=O)cc1.NCCOCCOCCOCCOCCOCCC(N)=O,False
CS(=O)CC(O)CN,True
CC=C(C)CN1CCc2c(C(=O)OC)c(OC(C)C)cc(=O)n2CC1,False
C=CC(N)=O.CC=C(C)C(=O)O.CCCCC=C(C)C(=O)O,False
CCOCCN(CCOCC)C(=O)C(N)Cc1c[nH]c2ccccc12,False
CCOC(=O)c1ccc2nc(C)cc(Oc3ccccc3C)c2c1,False
N#Cc1cccc(F)c1CBr,False
CC(C)CC(C(=O)c1nnc(SCCN(C)C)o1)N(C=O)C1(NC(=O)Cc2cccs2)CCCCC1,False
CN(C)C1CCN(c2c(Cl)cccc2C(=O)O)CC1,False
CC(C)OCCCn1c(=NC(=O)c2ccccc2[N+](=O)[O-])c(C#N)cc2c(=O)n3ccccc3nc21,False
CC=C(C)CCC=C(C)CCC(=C(C)CCC=C(C)CSC)C(CCCC(C)C)C1CCC2C3CC=C4CC(OC(=O)NC)CCC4(C)C3CCC12C,False
CC(C)CCCC(C)CCOC(C)(C)CCCC(C)CCOC1OC(CO)C(O)C(O)C1O,True
CCC1CCCCN1c1ccc(Br)cc1CCN,False
C=O.CN.CSN(C)c1ccccc1-c1ccc(CCN(CCNS)c2nc(C)cc(C#N)n2)cc1.NCCO,False
Cc1cccc(NC(=O)CN2CCC3CCCCC3C2)c1,False
CCNCC(F)(F)c1cc(Cl)ccc1OC,False
Cc1nccc(-c2ccccc2)c1C(=O)N1CCC(C(O)c2cccs2)CC1,False
Nc1nn2cnc(O)c2o1,True
CCCC1(C)CNCCN(C)C1,False
O=CNC1CN=CN1,False
Cc1cc(C)c(C)c(OC(C)C(=O)N2CCN(C=O)CC2)c1,False
O=CC1(c2cccc3c(Cl)cccc23)CC1,False
CCCCCCCCC=CCCCCCCCC(=O)NC(COP(=O)(O)OCC(O)COC(=O)CCCCCCC)C(=O)O,False
CSCCCNC(=NCc1nnc(C)n1C)NCC(C)(O)c1ccco1,True
Cc1cc(C)c2c(=O)c(OCNCC(=O)NCC(=O)NCC=O)c(-c3c(C)c(C)c(C)c(C)c3C)oc2c1,False
C=C(Nc1ccc(C)cc1CC)N(C)C1C(=CC)N(C)C(=O)NCN1C(CC)CCC,False
COCCOC(=O)OOOC(=O)c1ccc(C)cc1C,False
CCOC(=O)COc1ccc(CCCS(=O)(=O)c2ccc(Cl)cc2)cc1NC(=S)c1cccc(OCc2nc(C(C)(C)C)cs2)c1,False
CCNC(=NCc1cccc(C)c1)NCC(=O)N(C)CCc1ccccn1,False
CCC(F)(COc1cccnc1)Oc1ccc(Oc2cc(F)cc(F)c2)cc1,False
NC1(CCc2c(O)ccc(Br)c2F)CC1,False
Cc1nc2ccc(CCNC(=O)C=O)cc2o1,False
COc1ccc(-c2ncc(C3CNC3)[nH]2)cc1,True
Nc1ccccc1-c1cc2[nH]ccc2cc1Cl,False
COC(=O)C1=NSNC(c2cnc(Cl)s2)=C1,False
CCCCCC(C)NCCOC(=O)C(c1ccccc1)c1ccccc1.Cl,False
COc1ccc(SCCC(=O)N(CCNC(C)=O)C(C)C(=O)O)cc1,False
CC1CC(=O)C2(C(C)(C)C)OOC1C2(C)C,False
Cc1cc(C)n(-c2ccc(CCC(=O)Nc3cccc(NS(C)(=O)=O)c3)cc2)n1,False
NC1CCC(C2CCC(C(=O)O)CC2)CC1,False
Cc1oc(-c2ccccc2)nc1C(=O)NCC(=O)NCc1ccco1,False
Cl.NC(CCF)c1ccccc1C(F)(F)F,True
CC=CC(=CCC)c1cc(-c2ccccc2)c2c(n1)C(=O)C(=Cc1cccc(C=C3CCc4c(-c5ccccc5)cc(-c5ccccc5)nc4C3=O)c1)CC2,False
CCCC[NH+](CC)Cc1nc2c3c4c(sc3ncn2n1)COC(C)(C)C4,True
Cc1c2ccccc2c(C)c2cc3c(cc12)B1c2c(cc(N(c4ccccc4)c4ccccc4)cc2N3c2cc(-c3ccccc3)cc(-c3ccccc3)c2)-c2cc3ccccc3c3c4ccccc4n1c23,False
Cc1ccccc1N(c1ccccc1C)c1ccc(N(c2ccccc2C)c2ccccc2C)c2nc3c(nc12)-c1cccc2cccc-3c12.Cc1ccccc1N(c1ccccc1C)c1ccc(N(c2ccccc2C)c2ccccc2C)c2nc3c4ccccc4c4ccccc4c3nc12.Cc1ccccc1N(c1ccccc1C)c1ccc(N(c2ccccc2C)c2ccccc2C)c2nc3ccccc3nc12.c1ccc(N(c2ccc3ccccc3c2)c2ccc(N(c3ccccc3)c3ccc4ccccc4c3)c3nc4ccccc4nc23)cc1,False
Cc1cc([N+](=O)[O-])c(C=O)o1,False
CS(=O)(=O)c1ccc(OC2CCCC2)c(C(=O)N2CCN(c3ccc(C#N)cc3)CC2)c1,False
CCCC(O)CC(O)C1C2C=CC(O2)C1C=C(C)C(=O)OC,False
CCCCCCC(C)(C)c1cc(OC)c(C=O)c(OC)c1,False
Cc1cccc(OCC(=O)Nc2scc(C(C)(C)C)c2C#N)c1C,False
CCCN1C2COCC1CC(NC(=O)c1c3n(c4ccccc14)CCC3)C2.O=CO,False
CC(C)OC(=O)CCCC=CCC1C(O)CC(O)C1C=CC(O)CCc1ccccc1.CC(C)OC(=O)CCCC=CCC1C(O)CC(O[Si](C)(C)C(C)(C)C)C1C=CC(CCc1ccccc1)O[Si](C)(C)C(C)(C)C,False
NCC(=O)NC(CS)C(=O)NC(CS)C(=O)NC(CO)C(=O)NC(CC(=O)O)C(=O)N1CCCC1C(=O)NC(CCCN=C(N)N)C(=O)NC(CS)C(=O)NC(CCCN=C(N)N)C(=O)NC(Cc1ccc(O)cc1)C(=O)NC(CCCN=C(N)N)C(=O)NC(CS)C(=O)NC(CCCN=C(N)N)C(=O)O,False
CCCCc1cc2c(C3CNC(=O)NC3)ccc(OC)c2o1,False
O=C(c1cccc2ccccc12)N1Cc2ccccc2CC1COCc1ccccc1,False
CCCNC1CCN(Cc2ccon2)C1,True
N#Cc1ccccc1-c1ccc(CN2CCN(CC(=O)N3CCCCC3)CC2)cc1,False
CNN=c1c(C(C)(C)O)cccn1C,True
CCC1CCC(C2CC=C3CC(OC=O)CCC3(C)C2)C1(C)CC,False
C=C(C)C(=O)OC1(C)C2C3CC321,False
Cc1c(C=NN(C=O)CC(N)=CNN)c2sc(Cc3ccn[nH]3)nc2n1C,False
CCCCCCCCCCNC(C)Cc1ccccc1.Cl,False
CC(C)N(CCCNC(=O)Nc1ccc(C(C)(C)C)cc1)CC1CC(O)C(n2ccc3c(N)ncnc32)O1,False
CC1(C)c2ccccc2-c2ccc(N(c3ccccc3)c3ccc4sc5c(c4c3)c3ccccc3c3oc4ccccc4c35)cc21,True
CCOC(=O)CCCS(=O)(=O)c1cccc(NC(=O)CCCCc2ccc(C=NN)cc2)c1,False
NC(=NCc1cc(F)ccc1F)N1CCN(c2nccs2)CC1,False
Cc1ccc(-n2nnnc2CN2CCN(C(=O)c3ccccc3[N+](=O)[O-])CC2)cc1,False
Cn1nccc1CNC(=O)COCC(=O)O,False
CN(C)CCCN(CCCN(C)C)C(=O)c1ccc2c(c1)NC(=O)CS2,False
CCCN1CCN(C)C(CNC)C1=O,False
Cc1ccc(C(=C(C#N)c2ccccc2)c2ccccc2)cc1,False
COCCCN(C)S(=O)(=O)CCN(C)S(=O)(=O)c1ccc(F)cc1,False
CC(C)(CC(=O)O)NC(=O)C1COCCN1,False
CCCCC1C(C(=O)O)OC(=O)N1c1ccc2c(c1)sc(=O)n2CC,False
Cc1cc(C)c2[nH]c(-c3ccccc3)c(C=c3sc4n(c3=O)C(c3cccc([N+](=O)[O-])c3)C3=C(N=4)c4ccccc4CC3)c2c1,False
Cc1cc(Nc2ccc(NC(=O)c3ccc4nsnc4c3)cc2)nc(N2CCCC2)n1,False
O=[N+]([O-])c1c(N(CCO)CC(F)F)nc2sccn12,False
COc1ccc2c(c1)c1c(n2CCc2ccccn2)CC2CCC1N2C,True
CCOC(=O)C1=C(C)N=c2sc(=Cc3ccc(-c4ccc(Cl)c(Cl)c4)o3)c(=O)n2C1c1ccc(-c2cc([N+](=O)[O-])ccc2Cl)o1,False
CCCNS(=O)(=O)c1ccccc1C(C)C(=O)CC,False
COC(=O)C1C=C(OC(=O)c2cccc(Cl)c2)C(=O)C2C1(N)CCC1C(=O)OC(c3ccoc3)CC12N,False
CC(CNC(=O)OCC1c2ccccc2-c2ccccc21)C(=O)NC(Cc1cnc[nH]1)C(=O)O,False
CNC(=O)c1cccc(NC(C)c2cccc(C)c2)c1,False
CC(=O)C(=C(C)C)C(C)=C(C)C(c1[nH]c(C)c(C(C)=O)c1C)c1csc2ccc(Br)cc12,False
CC(C)(O)CCc1ccc(Cl)cc1,True
O=C(CCC1CCCCC1)N1CC2CCCNC2C1,False
Cc1cc(O)ccc1NC(=O)C(=O)N1CCN(CCN)CC1,False
NP(Cc1ccccc1)OC1COCc2cc([N+](=O)[O-])c(Oc3ccccc3F)cc21,False
C=CN(N=CC)c1ccc2c(c1)-c1ccccc1C21c2ccccc2-c2ccccc21,False
C.C=CC(=O)N1CCCC(c2nc(-c3ccc(Oc4ccccc4)cc3)c3c(N)nccn23)C1,False
CCCCc1c([N+](=O)[O-])cccc1S(=O)(=O)NCC(C)C,True
Cc1cscc1CNc1ccccc1[N+](=O)[O-],True
COc1cc(-c2noc(C3CCCCC3N)n2)ccc1F,False
CCCCCCOc1cc(COc2cc(COc3ccc([N+](=O)[O-])c(C=O)c3)cc(OCc3cc(OCCCCCC)cc(OCCCCCC)c3)c2)cc(OCCCCCC)c1,False
Cc1cc(C(N)c2c(C)oc(C)c2C)c(C)s1,True
CCn1ncc(CNCCO)c1F.Cl,False
CC(CNC(=O)C(C)(C)CC(C)(C)C(=O)OCc1ccccc1)COCC(C)(C)CC=O,False
CC(C)C(NC(=O)CCCC(=O)ON1C(=O)CCC1=O)C(=O)NC(C=O)CCCNC(N)=O,False
CC=CC(=CC)CC(CCC(Cc1ccccc1)NC(=O)C(CCN1CCOCC1)NC(=O)N(C)Cc1cncs1)NC(=O)OCc1cncs1,False
NC=C(C=CCC(N)=S)c1ccc(-c2ccc(-c3ccc(C(N)=S)nc3)c3ccccc23)c2ccccc12,False
CN(N)C1=C(N)c2ccccc2N(C(=O)CCC(=O)NCCCCCC=O)Cc2ccccc21,False
CC(C)(C)C(COc1ccccc1C#N)CS(N)(=O)=O,True
Cc1cnc(C)c(NCc2cccc(S(=O)(=O)N3CCCCC3)c2)n1,True
CCNC(=O)C(Cc1ccccc1)N(Cc1c(Cl)cccc1Cl)C(=O)CN(c1ccc2c(c1)OCO2)S(C)(=O)=O,False
CCCCCCCC(CN)N1CCC(C(C)(C)C)CC1,False
C=C(CCC=O)C1=CC(C)(O)CCC1,False
CCOC(=O)CNC(=O)c1ccc(N)c(Br)c1,False
Clc1ccc(CC(N=Cc2ccc(OCc3ccccc3)cc2)c2ccccc2)cc1,True
Cc1cc2ccccc2n1CC(=O)NOC1CCCCO1,False
C=C[Si](C)(O[Si](C)(C)O[Si](C)(C)O[Si](C)(C)CN)O[Si](C)(C=C)O[Si](C)(C=C)O[Si](C)(C)O[Si](O[Si](O[Si](O[Si](O[Si](O[Si](O[Si](O[Si](O[Si](O[Si](O[Si](C)(C)CN)(c1ccccc1)c1ccccc1)(c1ccccc1)c1ccccc1)(c1ccccc1)c1ccccc1)(c1ccccc1)c1ccccc1)(c1ccccc1)c1ccccc1)(c1ccccc1)c1ccccc1)(c1ccccc1)c1ccccc1)(c1ccccc1)c1ccccc1)(c1ccccc1)c1ccccc1)(c1ccccc1)c1ccccc1,True
Clc1nc(OC2CCCCC2)nc(N2CCCC2)n1,True
CON(C)C(=O)C(CCC(=O)OC(C)(C)C)NC(=O)OCc1ccccc1,False
COCC(CCO)NCc1ccc(OC)nc1,True
Clc1ccc(Cl)c(-c2cnc(OC3CN4CCC3CC4)nc2)c1.Fc1ccc(F)c(-c2cnc(OC3CN4CCC3CC4)nc2)c1,False
CCCCNC(=O)C(CC)N(Cc1ccc(C)cc1)C(=O)CN(c1ccccc1C(C)C)S(C)(=O)=O,False
Cc1cccc(C=O)c1C(=O)C(C)Cl,False
CP(C)CCCCCCCCCCCCCCCCCCCc1ccccc1.Cl,False
C.C=O.CCC=CCC.CCc1c(O)ccc(Cc2c(O)c(C)cc(C(c3cc(Cc4c(O)ccc(C)c4O)c(O)c(CC)c3O)C34C=CC(O3)C(CC)C4CC)c2O)c1O.CCc1c(O)ccc(Cc2c(O)c(C)cc(C(c3ccco3)c3cc(Cc4c(O)ccc(C)c4O)c(O)c(CC)c3O)c2O)c1O.CCc1c(O)ccc(Cc2c(O)ccc(C)c2O)c1O.O=Cc1ccco1.Oc1cccc(O)c1,False
C=C1CSC(C(=O)Oc2ccccc2)CSC1C(C)N,False
O=C(Nc1cccc(NC(=O)C(Oc2ccccc2)c2ccccc2)c1)C1CC1,False
O=C(O)CC1CCC(CN2CCC(CCCc3ccccc3)CC2)C1,False
CC(=O)O.N=C(N)c1ccc(OCCN2CCN(CCOc3ccc(C(=N)N)cc3)C(=O)C2=O)cc1,False
O=C(OCc1ccccc1)N1CCCC(Nc2cc(-c3c[nH]c4ncccc34)cc(Cl)n2)C1,False
O=P(=O)n1ccnn1,True
CCOCOc1ccc2ccccc2c1C=O,False
CCCC(CCCCC(=O)C(C)c1ccc(C)cc1)Cc1ccnc(-c2ccc(I)cc2)n1,False
CCC(CC)COc1ccc(C(=N)N)cc1,True
CCC1CCCCN1C(=O)c1cnc(Nc2ccc(C)cc2C)nc1,False
O=COCC1CCC(c2ccc(Cl)cc2)N1,False
CCOc1ccc(NC(=O)c2nc(C)n(-c3cccc(Cl)c3)n2)cc1,False
CC(C)CC1CC(O)C(CC(C)C)CC1O,True
CNC(=O)C12CCC3(CCN(S(C)(=O)=O)CC3)C1CN(C(C)=O)C2,False
c1ccc(-c2c3c(c(-c4ccccc4)c4ccccc24)-c2ccc4c5ccc6c7c(ccc(c8ccc-3c2c84)c75)-c2c-6c(-c3ccccc3)c3ccccc3c2-c2ccccc2)cc1,False
CCCOc1cc(OCCCN2CCOCC2)c(N)c2c1-c1c(OCCCN3CCOCC3)cccc1C2=O,False
C=C(C#N)C=CC=C(N)CN(C=CC)C(=N)c1cc(C(=N)OC(=N)C(F)F)ccn1,False
CCCNC(C)C(C)N(C)CC1CCC1,False
CCCCCCCCCCCCCCCCC(=O)OC(COC(=O)CCCCCCCCCCCC)COP(=O)(O)OCC(O)COP(=O)(O)OCC(COC(=O)CCCCCCCCCCC)OC(=O)CCCCCCCCCCC,False
CN(CCCC(=O)NCC(N)C1CC1)C1=NS(=O)(=O)c2ccccc21,False
CC(=O)Nc1cc2c(cn1)c(C1CC1)nn2-c1cccc(N2CCCC2=O)n1,False
CC1(C)C=Cc2c(O)cc(CC(=O)C3C(c4c(O)cccc4O)=CC4(C)CC3c3ccc(O)cc3O4)cc2O1,False
COc1cccc(Br)c1C1=C2C=CC=[N+]2[B-](F)(F)n2cccc21,False
Cc1ccc(NC(=O)c2ccccc2S(=O)(=O)N2CCCCC2)cc1Br,False
CC1(C)C2CN(C(=O)Nc3nc(-c4cccnc4)cs3)CC21,False
CC(C)C(SC1CCOC1C)C(=O)O,False
CCc1cc(CC)cc(-c2ccc(C(C)N3C(C)CN(C4CCN(C(=O)C5(C)SC=CC5OC)CC4)CC3C)cc2)c1,False
CCS(=O)(=O)N1CC2(CCN(c3nc4ccc(Cl)cc4[nH]3)CC2)c2ccccc21,True
CC#CC(=O)NCCc1ccc(O)cc1,False
CCCCCC=CCC=CCCCCCCCC(=O)OC(COC(=O)CCCCCCCCCCCCCCCC)COC(=O)CCCCCCCCCCCCCCCCCCCCCCCCCCC,False
O=C(NCc1ccncc1)C(c1ccccc1)N(Cc1ccccc1)C(=O)COc1ccccc1,False
Cc1cnc(C(=S)NC(C)(C)C)c(C)n1,False
CC=CC(=N)N1CCN(c2nc(OCC3CCCN3C)nc3c2CCN(c2cc(O)cc4ccccc24)C3)CC1,True
c1ccc(N(c2ccc(-c3cn4ccccc4n3)cc2)c2ccc(-c3nc4cc(-c5cccc6ccccc56)c(-c5cccc6ccccc56)cc4nc3-c3ccc(N(c4ccccc4)c4ccc(-c5cn6ccccc6n5)cc4)cc3)cc2)cc1,False
CN(CC1CCCCO1)C(=O)c1cc(N)ccc1Cl,False
CCCCC(O)C(=O)OCCC,False
C=C(C(C=CC1=C(CC)CCc2cc(C(=O)NC)ccc2C1(CC(C)NCC(=O)N1C(C#N)CC2CC21)c1n[nH]c(C)n1)=CC)N(C)N,False
COC(=O)C(C)(C)C(=O)Cc1ccccc1.COC(=O)C(C)(C)OC(=O)C(C)(C)C(=O)Cc1ccccc1.COC(=O)C(C)(C)c1ccccc1C(C)(C)OC(=O)C(C)(C)C(=O)Cc1ccccc1.[B]CC.[B]CC.[B]CC.[B]CC(=O)CCC(=O)OC.[B]CCC(=O)C(C)(C)C(=O)OC.[B]CCC(=O)C(C)(C)C(=O)OC(C)(C)C(=O)OC.[B]CCC(=O)C(C)(C)C(=O)OC(C)(C)C(C)=C(C)C(C)(C)C(=O)OC.[B]CCC(=O)C(C)(C)C(=O)OC(C)(C)c1ccccc1C(C)(C)C(=O)OC.[B]CN(C)C(=O)C(C)(C)CC(=O)C(C)(C)C(=O)OC,False
CCC(C)C(NC(=O)C(NC(=O)c1cnccn1)C(C)C)C(=O)N1CCCC1C=O,False
Cc1sc2c(c1C)C(c1ccc(Cl)cc1)=NN(Cc1ccccc1F)c1nnc(C)n1-2,False
Cc1c2c(cc(-c3ccccc3)c1-c1ccccc1)CCCC2,False
CCCOc1ccccc1C(=O)NNC(=O)COc1ccc2cc(Br)ccc2c1Br,False
CC1CC(NCc2cncc3ccccc23)CCN1C,False
COCC1=CCC(O)C=C1,True
C[Si](C)(C)[Si]12CCCC[Si](Cl)(CCCC1)[Si]2(C)C,False
C=C(CSCCCCC=O)c1ccccc1,False
C=CC=C(C=CC)n1nc(C)c2c(-c3ccc([N-]C)cc3)cc(C(=O)OCC)nc21.[K+],False
O=C1CCN(C(=O)CC(c2ccccc2)c2ccc3c(c2)OCO3)CCN1,False
C=CCOC12Oc3ccc(OCCSc4ccccc4)cc3C3C(CCCCO)C(CCCCO)C=C(C(=NOCc4ccccc4)CC1N(CCC)S(=O)(=O)c1cccc4cccnc14)C32,True
CC(O)C1CCN(CC(=O)NCCC(C)(C)C)CC1,False
CN1C[N-]CN(C)C1.[Y],False
O=C(COc1cccc(C=NNC(=O)C(=O)Nc2ccccc2Cl)c1)NCc1ccccc1,False
Nc1ncccc1C(N)C(F)(F)F,True
CCC(C)(C)C1CCC(CC(=O)O)(NC)CC1,False
CC1CN(C)CCN1CC1(C=O)CCCCC1,False
C=CC(=O)N1CCN(c2nc(OCC3CCCN3C)nc(C=O)c2CCC2Cc3ccccc3C2C)CC1CC#N,False
O=C(c1ccc2n[nH]nc2c1)N1CCC(N2C(=O)CNC2=O)C1,False
CCN(Cc1csc([N+](=O)[O-])c1)C1CCS(=O)(=O)C1,True
Cn1c(C=O)[n+](C)c2ccccc21.[I-],False
CC(C)(C)OC(=O)N1CCC(COCc2ccc(Br)nc2)CC1,False
Cc1ccc(S(=O)(=O)n2cc(C)c(C=O)c2)cc1,False
Brc1ccn(-c2ncnc3sccc23)n1,False
COCCOc1cccc(NC(=O)COc2ccc(Br)cc2Cl)c1,False
CCCC(C)NC(=O)C(O)C(N)CC,False
CC(N)C(=O)NC(CCCN=C(N)N)C(=O)NC(C(=O)NC(CCCCN(C)C)C(=O)NC(CCC(N)=O)C(=O)NC(C(=O)NC(C)C(=O)NC(C=O)CCCN=C(N)N)C(C)O)C(C)O,False
O=COC(=O)C1=CCSC2CC(=O)N12,False
CCOC(=O)CC(O)Cc1cccc(Oc2ccc([N+](=O)[O-])cc2[N+](=O)[O-])c1,True
CCNC(=NCC(C)N1CCOCC1)NCC1CCN(S(C)(=O)=O)CC1.I,True
C=CC.C=CC.C=CC.C=CC.O=S(=O)(O)O,True
c1ccc(-c2nc3c(ccc4oc5ccc(N(c6ccc(-c7cccc8ccccc78)cc6)c6cccc7oc8ccccc8c67)cc5c43)o2)cc1,True
COc1cccc(C(=O)Nc2ccc(N3C(C)COCC3C)cc2)c1,False
CCOc1ccc(C2=NC(=Cc3cc4c(cc3[N+](=O)[O-])OCO4)C(=O)O2)cc1OCC,False
C#C.CC.CC.CC.CCC(CC)(OC=O)C1CCCC1.CCCCC(=O)OC1C2OC(=O)C3(C)CC4CC41C23,False
O=[N+]([O-])c1cc(-c2nc(-c3cnccc3C(F)(F)F)no2)cc(O)c1O,False
COc1ccc(-n2c(SCC(=O)Nc3ccccc3C)nnc2-c2ccccn2)cc1,False
O=C(CNc1ccc(N2CCCC2)cc1)N1CCOCC1,False
COc1cc(OC)c(Nc2c(-c3cc(C)c(C)cc3C)c(=O)c2=O)cc1Cl,False
CC(NC1CCOC2(CCC2)C1)c1ccc(Br)cc1,True
CC1CC(COC(=O)c2ccccc2)OC1n1cnc2c(Cl)nc(N)nc21,False
CNC(C)(CC(C)N(CC1CC1)CC1CC1)C(N)=O,False
OCCCCc1ccc(-c2noc(-c3cnn(C4CCCCC4)c3-c3ccncc3)n2)cc1,True
CCOc1cc(C(Nc2ccc(C(=N)N)cc2)C(=O)NNC(=O)c2ccnc(NC(C)=O)c2)ccc1OC(C)C,False
NC=CC(C=CC=O)C1CCN(P)CC1,False
CN=C(c1ccc([N+](=O)[O-])cc1)c1c(C)cc(CC(=O)OC)n1C.[O-][Cl+3]([O-])([O-])O,False
O=Cc1cc(-c2cccc(Cl)c2Cl)n[nH]1,False
C=CC1CCC(C(CC)CC=C(C)c2ccc(-c3ccc(-c4ccc(OC=CCC)c(F)c4F)cc3)cc2F)CC1,False
O=CNC(Cc1ccccc1)C(O)CNCc1ccccc1,False
C=CCOC(=O)C(CC(C)C)NC(=O)CC1C2OC(C)(C)OC2c2cc3c(cc2N1CC=C)OCO3,False
O=Cc1ccc(Br)cc1N1CCC2CCCCC21,False
CCCNc1cc(C(=O)N(CCO)CCO)cc(Cl)n1,False
C=C(C)C(=O)OCCC(=O)OCCCC(=O)O,False
CCOC(=O)C1=C(C)N=c2sc(=Cc3cc(Br)c(OCc4ccc(Cl)cc4)c(OC)c3)c(=O)n2C1c1cc(OC)ccc1OC,False
Cc1cc(C(=O)Nc2ccc3sccc3c2)sc1Br,False
CCCCCCCCCCCCO[Si](Oc1ccc(F)c(F)c1F)(c1ccccc1)c1ccccc1,False
CN=C(NCc1ccco1)NCC1(c2ccc(F)cc2)CCOCC1,False
C#CC(C)N1CCCC1C1CCCN1,False
CN1CCN(C(C(=O)N(C)C2CCN(C)C2=O)c2ccccc2)CC1,False
CC(OC(=O)COc1ccccc1[N+](=O)[O-])C(=O)Nc1c(Cl)cc(Cl)cc1Cl,False
CCCO[Si](CCCCCCCC(F)(F)F)(OCCC)OCCC,False
CC(C)(C)OC(=O)N1C2CCC(C2)C1C(=O)NC(C#N)Cc1ccc(N2CCN(C(=O)C3CC3)CC2)cc1,False
CCCCc1ccc(C)c(C(=O)OC)c1CSc1ccccc1.CCCCc1ccc(C)c2c1COC2=O,False
NCCNCCCCNC=O,False
Cc1nn(C)c(C)c1CCC(=O)NN1C(=O)NC(C)(c2ccccc2)C1=O,False
NCc1nnsc1Br,False
COc1ccc(C2C(=O)C3C=C4C(C)(C)CCCC4(C)C32)cc1,False
CC(C)(SSCC(NC(=O)CCC(NC(=O)c1ccc(NCc2cnc3nc(N)[nH]c(=N)c3n2)cc1)C(=O)O)C(=O)O)C(NC(=O)C(CCC(=O)NCC(O)C(O)C(O)C(O)CO)NC(=O)C(CCC=O)NC(=O)C(CCC(=O)NCC(O)C(O)C(O)C(O)CO)NC(=O)C(CCC(=O)O)NC(=O)C(CCC(=O)NCC(O)C(O)C(O)C(O)CO)NC(=O)CCC(NC(=O)c1ccc(NCc2cnc3nc(N)[nH]c(=O)c3n2)cc1)C(=O)O)C(=O)O,False
CCOc1cc(OC(C)C)c(F)c(C(Nc2ccc(C(=N)N)cc2)c2nc(-c3cccc(S(C)(=O)=O)c3)cn2C(c2ccccc2)(c2ccccc2)c2ccccc2)c1,False
CN1CCC(CNC(=O)CCC([NH])C(=O)NC(CCC(=O)NCC2CCN(C)C2c2cccnc2)C(=O)NC(CCC(=O)NCC2CCN(C)C2c2cccnc2)C(=O)NC(CCC(=O)NCC2CCN(C)C2c2cccnc2)C(=O)NC(CCC(=O)O)C(=O)O)C1c1cccnc1,False
CCC=CCC=CCC=CCC=CCC=CCCCCCCCCCCCC(=O)OC(C=CCCCCCCCCCCCC)C(COP(=O)(O)OCC[N+](C)(C)C)NC(=O)CCCCCCCCCC=CCCCCCC,False
CC(=Cc1cccc2ccccc12)C(=O)c1c(C)cc(C)[nH]c1=O,False
Cc1cccc(N2CCN(S(=O)(=O)N3CCCCCC3)CC2)c1C,True
Cc1nc2cc(OCC(O)CN3CCN(CCCCOC45C=CC=CC4C(=O)CO5)CC3)ccc2s1,False
O=C[B]N1CCCC(NC(=O)C2CCC3CN2C(=O)N3OS(=O)(=O)O)CC1,False
COC(=O)C(N)Cc1ccc(CO)cc1.Cl,False
Cc1cc(C=O)cc(Cl)c1C=O,False
O=C(COc1cccc(C2c3sc(=O)[nH]c3SC3C4CCC(C4)C23)c1)Nc1ccc(Cl)cc1,False
Cc1nn(C)cc1C(=O)N1CCCC(CCBr)C1,False
O=C(NCC1CCC(CC(=O)N2Cc3ccccc3C2)N1CC1CC1)c1cocn1,False
COc1ccc2c(c1)c(C=O)c1n2CCOC1,False
CCNC(=NCC(=O)N(C)C)N1CCC(OCC2CCCO2)CC1,False
CCCCCCOC(CNCCC)c1cccc(F)c1,False
Cc1coc(SCCNCc2ccoc2)n1,True
NC(=NO)c1cc(COc2cc(F)c(Cl)cc2Br)ccn1,False
Cc1cc(C)cc([N+](C)(C)C)c1.[I-],False
CC(C)(C)[N-]C(C=O)C([N-]C(C)(C)C)c1ccccc1.[O]=[Os+2]=[O],False
CC(C)(C)C(CN1CCCCS1=O)NC(=O)NCC=O,False
C=C.CCOC(C)OCC.O=Cc1ccccc1CCCCC1CCCCC1,False
Cc1ccc(C)c(Oc2ccc(CNC(=O)c3nn(C(C)C)c(=O)c4ccccc34)cn2)c1,False
CN(C(=O)OC(C)(C)C)C1C(O)C(OC2C(NC(=O)CO)CC(NC(=O)OC(C)(C)C)C(C3OC(CNCCCN)=CCC3NC(=O)OC(C)(C)C)C2O)OCC1(C)O,False
CC=CC=CC(=O)N(C)CC(=O)Nc1c(C)cc(C)cc1C,False
CCOC(=O)CC#Cc1cnccc1C=O,False
COc1cc(C2C3C(NNC3c3cc(Cl)ccc3O)C(=O)N2Cc2cccnc2)ccc1O,False
O=CNC1CCN(CCCO)CC1,False
C=Cc1ccccc1C(CC)O[Si]C(C)COCC,True
N=C(N)SCCCC(C=O)C=O,False
COc1cc2c(cc1C=O)N(C(C)C)C(=O)CC2,False
CCCn1cccc1C(=O)OC1CC2CCC1(C)C2(C)C,False
CCC(=O)c1ccc2c(c1)N(CCCN(C)C)c1ccccc1S2.O=C([O-])C=CC(=O)[O-],False
C=O.CCC=CC=CC=O.CCC=CC=CC=O.[Ru],False
CC.CCc1nn(CC(C)NC(=O)OC(C)(C)C)c(CC)c1S(=O)(=O)c1ccc(NC(=O)c2ccccc2C)cc1,False
COc1ccc2c(c1)oc(=O)n2C=O,False
O=CC1=NOC2C=CCCC2C1,False
c1cc(N2CC3CC(C3)C2)c2c(n1)NCC2,False
c1ccc(-c2nc(-c3cccc(-n4c5cc(-c6ccc7c(c6)c6ccccc6n7-c6ccccc6)ccc5c5ccc(-c6ccc7c(c6)c6ccccc6n7-c6ccccc6)cc54)c3)cc(-c3cccc(-n4c5cc(-c6ccc7c(c6)c6ccccc6n7-c6ccccc6)ccc5c5ccc(-c6ccc7c(c6)c6ccccc6n7-c6ccccc6)cc54)c3)n2)cc1,False
CC=C(Cl)C=C(C=CCl)S(=O)(=O)N1CCC(N2C(=O)OCc3cc(Br)ccc32)CC1,False
O=C1CCC(C(=O)NCC(O)c2cc3ccccc3s2)CN1,False
CC1CCCc2nc(-c3cnn(C)c3)c(N)n21,False
CCn1c(Sc2ccc([N+](=O)[O-])cc2Cl)nnc1-c1ccccc1C,True
CC(C)C(C)(C)C(C)(C)C=O,False
CC=CC(Oc1ccc(C(=O)O)cc1)C1CCNC1,False
CC=CC(=O)N1CCn2c(C)ccc2C1C,False
CC(CO)Nc1nc2ccc(C(=O)O)cc2o1,False
CCOC(=O)C1(Nc2ccc(Cl)cc2)CCSC1C,False
COc1cc(C=C2N=C(c3ccc([N+](=O)[O-])c(C)c3)OC2=O)cc(I)c1OC(=O)c1ccc(C)cc1,False
CCCC(C)N(C)CC1(C=O)CCCC(C)C1,False
C=C(C(CN1CC(Nc2cccc(C)c2)CC1C=O)NC(=O)OC(C)(C)C)N1CCCC1C#N,False
COC(=O)c1cc(-c2ccccc2)c2c(c1)c(-c1ccccc1)nn2C,False
Cc1cc(C#N)c(NCC2CCCN2C)nc1C.O=CO,False
CCC1(CC)OCc2cc(C=O)ccc2O1,False
CN(C)C(=NCc1ccccc1OC1CCCC1)N(C)C,True
O=C(Nc1nnns1)c1csc(C#CCO)c1,False
CCCCC(=O)CCCCCNC(=O)c1ccc(N=Nc2ccccc2)cc1,False
Cl.NC1CCCN(C(=O)c2oc3ccccc3c2COc2ccccc2Cl)C1,False
CON=C(C(=O)[O-])C1=CSC(=Nc2ccccc2)NN1,False
COC(=O)C=C(C(=O)OC)C(C(=O)OC)=C(I)C(=O)OC,False
Cn1c(=O)c2c(ncn2CCCC(=O)Nc2nc(-c3ccc(Cl)cc3)cs2)n(C)c1=O,False
COC(=O)C1C(C=O)CCCN1C(=O)OC(C)(C)C,False
COc1ccc(OCCCC#N)c(N)c1,True
CC(O)C=CC1C(O)=CCC1CC=CCCCC(=O)ON1C(=O)CCC1=O,False
C=CC(=O)NCCCCCCCCCCCCCCCCCCC,False
CC(=O)C(C)(C)c1ccccc1.OO,False
CC(=O)OCc1ccc(-n2c(-c3cccnc3N)nc3cc(C)c(C#N)nc32)cc1,False
CCCN1CCc2c(sc(NC(=O)c3ccc(S(=O)(=O)N4CCCCC4CC)cc3)c2C(N)=O)C1,False
CC1(C(=O)N2CCN(c3nsc4ccccc34)CC2)COC1,False
CCOC(=O)C1=C(C)N=c2sc(=Cc3cc(-c4ccccc4)n(-c4ccc(Br)cc4)c3-c3ccccc3)c(=O)n2C1c1cc(OC)c(OC)cc1Br,False
Cc1cc(OC(N)=O)cc(-c2ccc3ncccc3c2)c1,False
CCc1cc(CC)c(CC(C)S(=O)(=O)CC)c(CN)c1,True
C=CC(=O)NCCCc1ccc(-c2ccc(-c3ccc(-c4ccc(CCCCC)cc4)cc3)cc2CCC)cc1CC,False
Cn1cc(C(N)C(=O)N2CCNCC2)cn1,False
N#CCn1ccc(NC(=O)CNC(=O)C2CC2)n1,False
C=CCOC(=O)N(CC(=O)N1CCC2(CC1)OCc1ccccc12)C(C(=O)OC)c1ccc(Cl)cc1,False
O=[P+](OC1C=Cc2cccc3cccc1c23)c1ccccc1,True
C.CI.Cn1cc(-c2cnc3[nH]cc(-c4cn(C)c5cnccc45)c3c2)cn1.Cn1cc(-c2cnc3c(c2)c(I)cn3C(=O)OC(C)(C)C)cn1.Cn1cc(I)c2ccncc21.Cn1ccc2c(I)cnc-2c1.IC1=CCc2cnccc21.O=CO[O-].[Cs+].[Cs+],False
CC(NC=O)C1(C)CC1.CNCc1ccc(CNc2cc(-c3ccccc3O)nc3c(Br)cnn23)cc1,False
Cc1nnc2[nH]c(=O)n(-c3ccccc3)c(=O)c2c1C,False
CCN(CC)C(=O)C1=C(C)N=c2sc(=Cc3ccc(C)c([N+](=O)[O-])c3)c(=O)n2C1c1cc(OC)ccc1OC,False
CCCCOCOOC=O,False
C#CCN1C(=O)SC(=Cc2cc(CC=C)c(O)c(OC)c2)C1=O,False
O=[N+]([O-])c1cc(OCc2ccccc2)c(OCc2ccccc2)c(COCc2ccccc2)c1P1(=O)OCCCC1O,True
CCCCCCCCCOc1ncc(-c2ccc(OCCOCCOCCCCCC)cc2)cn1,True
CC(c1ccccc1)n1nnc(S(=O)(=O)C(C)C)c1N,True
O=C1C=CC2CCC3CCCC123,False
O=CC(O)(C(=O)Oc1ccc([N+](=O)[O-])cc1)C(O)C(=O)O,False
C=O.CCC(OC1OC(C)C(OC2CC(C)(OC(C)=O)C(OC(C)=O)C(C)O2)C(N(C)C)C1O)C(CC=O)CC(C)C(C)C=CC=CCC(C)OC(=O)CC(C)OC.CCC=O.CO,False
CC1(Cc2ccc(Cl)cc2)OCC(CCC(=O)O)O1,False
Br.NCCc1ccc2ccc(O)cc2c1,True
CC(=O)C1CC12CCC1(C)C(=CCC3C1CCC1(C)C(Cl)=C(C=O)CC31)C2,False
COc1ccccc1CCNC(=O)NC1CCCCC1,False
CCCCC(=O)Oc1ccc(C=C(C#N)c2ccccc2OC)cc1,False
CC=C(C)C1OC(=O)C(C)NC(=O)C(CC(C)C)NC(=O)CN(C)C(=O)C(Cc2ccccc2)N(C)C(=O)C(CC(C)C)OCC(C)=CCC(O)C1C,False
C=O.CNC(=O)C(CCC=O)N(C)Cc1c(C)cccc1N,False
CC(C)Cn1ncnc1CSc1ccc(C(=O)O)cn1,False
CC(NC(=O)C(CC#N)(Cc1c[nH]c2ccccc12)OC(=O)NCc1ccccc1)c1ccccc1,False
CN(Cc1ccc(C#CCN)cc1)Cc1cccs1,False
CC1(CC=O)CC(c2cccc(Cl)c2)C(c2ccc(Cl)cc2)N(c2ccnc(Cl)n2)C1=O,False
NC1=CN(c2ccccc2)CC=C1c1ccccc1,False
O=Cc1cccn1-c1c(C2=CC(=O)N(c3ccccc3)C2=O)ccc2ccccc12,False
Cc1cccc(N(C=O)N2CCC3(CC2)CC(=O)c2ccccc2O3)c1,False
CC1CC(OS(=O)(=O)c2ccc(Br)cc2)CN1C(=O)CNC=O,False
CCCCCCn1cc[n+](C)c1.[Br-].[Br-].[Br-].[Br-].[Fe+3],False
Cl.O=CN(c1ccc(Cl)cc1)c1cccc(Cl)c1,False
C=Cc1c(C=CC)c(C#CCCCN)cn1C1CCN(C(=O)OC(C)(C)C)CC1,False
CCOC(=O)C1=C(C)N=c2sc(=Cc3cc(Br)c(OCc4ccc([N+](=O)[O-])cc4)c([N+](=O)[O-])c3)c(=O)n2C1c1ccc(OCC)cc1,False
O=Cc1ccn2cc(CNC(=O)c3cc(=O)n4ccccc4n3)nc2c1,False
COc1ccc(OC)c(NC(=O)Cc2csc(NC(=O)c3ncccn3)n2)c1,False
CCCCCCCc1cc(C)cc(C)c1,False
CNCCC[Si](C)(C)O[Si](C)(C)CCCNC.CNc1cc(C(C)(C)c2ccc(CO)c(CN)c2)ccc1OC.COC.COc1cc(C)cc(C)c1C(c1ccccc1)c1c(C)cc(C)cc1CO.COc1ccc(C(=O)c2ccc(CO)cc2)c(CO)c1OC.COc1ccc(C(=O)c2ccccc2)c(CO)c1.COc1ccc(C(C)(C)c2ccc(C(C)(c3ccc(C)cc3)c3ccc(C)cc3)cc2)cc1.COc1ccc(C(C)(C)c2ccc(CO)c(CO)c2OC)c(CO)c1OC.COc1ccc(C(C)(C)c2ccc(CO)cc2)cc1.COc1ccc(C(C)(c2ccc(CO)cc2)c2ccc(OC)cc2)cc1.COc1ccc(C(c2ccc(CO)cc2)c2ccc(OC)cc2)cc1,False
COc1cc(F)cc(F)c1C1COCCN1,False
CO.O=Cc1ccccc1C(=O)Nc1ccc([N+](=O)[O-])cc1,False
OB(O)c1cc(F)cc(COC(C(F)(F)F)C(F)(F)F)c1,False
Cc1cn(NC=O)c(C(N)=O)c1C,False
O=Cc1cc2ccccc2n1Cc1ccc(S(=O)(=O)c2ccccc2)cc1,False
Cc1ccc(N(Cc2ccccc2)C(=O)c2cc(S(=O)(=O)N3CCCC3)cn2C)cc1,False
c1ccc(-c2ccc(-c3ccc(N(c4ccc(-c5cccc(-n6c7ccccc7c7ccccc76)c5)cc4)c4ccccc4-c4cccc5oc6ccccc6c45)cc3)cc2)cc1.c1ccc(-c2ccc(-c3cccc(N(c4ccc(-c5cccc(-n6c7ccccc7c7ccccc76)c5)cc4)c4ccccc4-c4cccc5oc6ccccc6c45)c3)cc2)cc1.c1ccc(-c2cccc(-c3ccccc3N(c3ccc(-c4cccc(-n5c6ccccc6c6ccccc65)c4)cc3)c3ccccc3-c3cccc4oc5ccccc5c34)c2)cc1,True
OCc1c(-c2cc(F)cc(F)c2)noc1-c1cc(F)cc(F)c1,False
CCC(C)C(NC(=O)C(N)Cc1ccc(O)cc1)C(=O)NC(CCC(N)=O)C(=O)NC(CC(N)=O)C(=O)NC(CNC=O)C(=O)N(C)CC(=O)NC(Cc1ccc(O)cc1)C(=O)NCC(N)=O,False
CC(=O)n1cc(C2=NCC(c3cn(S(=O)(=O)c4ccc(C)cc4)c4cc(Br)ccc34)NC2=O)c2ccc(Br)cc21,False
CCN(CC)Cc1nncn1N.S,False
CC(Cn1ccnc1)NC(=O)c1cn(CCN)nn1,False
COc1ccc(-c2ccc(C=O)c(C)n2)cc1Cl,False
CC=C(C)C(=O)OC(C)(CC)CCCCCC,False
COc1ccccc1NC(=O)c1cnc(NN)cn1,False
COCCCNCCCOC(C)OCCCN,True
COc1cccc(C(=O)N(Cc2cccnc2)c2nc3c(C)cccc3s2)c1OC,False
O=Cc1[nH+]c(Cl)ccc1Cl,False
CC=CCC(C(=O)O)C1CC2CCC1O2,False
C=CC(=CCCC)CC1COC(=O)N1C(=O)CBr,False
CC=CCC(C)C(O)C1C(=O)NC(CC)C(=O)N(C)C(C(=O)OC)C(=O)N(C)C(CC(C)(C)C)C(=O)NC(C(C)C)C(=O)N(C)C(CC(C)C)C(=O)NC(C)C(=O)NC(C)C(=O)N(C)C(CC(C)C)C(=O)N(C)C(CC(C)C)C(=O)N(C)C(C(C)C)C(=O)N1C,False
CCC(=O)C(C)CCCCN.CCC(=O)C(C)CCCCNC(=O)OC(C)(C)C,False
CC=CC(=O)NCCc1nc2ccccc2n1CCOc1ccc(Cl)cc1,False
CCS(=O)(=O)Nc1cc(CC2=NCCN2)ccc1C,True
CCCn1c(=O)n(CC(=O)Nc2ccc([N+](=O)[O-])cc2)c2ccccc21,False
Cc1cc(C)c(NC(=O)CC2C=NSC2)c(C)c1,False
O=CNCCC(=O)NCC(=O)OC(=NC1CCCCC1)NC1CCCCC1,False
CC(C)C.CNC(C)CN(C(=O)c1cnc(C2=CC=C=C=C2)[nH]1)C(C=O)CC(C)C,False
CC(C)(C)c1cc(-c2cc(-c3ccccc3)nc(-c3[c-]c(N(c4ccccc4)c4ccccn4)ccc3)n2)c(O)c(C(C)(C)C)c1.CC(C)(C)c1cc(-c2cnc(-c3ccccc3)c(-c3[c-]c(N(c4ccccc4)c4ccccn4)ccc3)n2)c(O)c(C(C)(C)C)c1.CC(C)(C)c1cc(-c2nc(-c3[c-]c(N(c4ccccc4)c4ccccn4)ccc3)cc(-c3ccccc3)n2)c(O)c(C(C)(C)C)c1.Cc1cc(C)c(O)c(-c2nnnc(-c3[c-]c(N(c4ccccc4)c4ccccn4)ccc3)n2)c1.[Pt].[Pt].[Pt].[Pt],True
CC.CC.CC(C=CC=C(C)C=CC1=C(C)C(=O)C(CC(=O)CCC(=O)O)CC1(C)C)=CC=CC=C(C)C=CC=C(C)C=CC1=C(C)C(=O)C(OC(=O)CCC(=O)O)CC1(C)C,False
CCC1C(=O)N(C)c2cnc(C(Br)(C=O)c3ccnn3COCC[Si](C)(C)C)nc2N1C(C)C,False
CCn1nccc1CNc1c(Cl)ccc2scnc12,False
CCC1SC(=O)N(C(NC(=O)N2C=CN=CC2)c2ccccc2)N=C1c1ccc(OC)c(OC2CCCC2)c1,False
COC(=O)C(CC=C(C)C)NC(=O)c1ccnc2ccccc12,False
Cc1ccc(S(=O)(=O)NCC2=CCNCC2)cc1C.Cl,True
CCN(CC)c1ccc(NC(=O)CNc2ccc(C)c(Cl)c2)c(C)c1,False
CCN(C)C(=O)CNCc1c(Cl)cccc1[N+](=O)[O-],False
O=CC=CC(Cc1ccccc1)=[N+]([O-])c1ccccc1,False
CC(c1ccc(F)cc1)(c1cc(F)c(O)c(F)c1)c1cc(F)c(O)c(F)c1,False
CN1Cc2ccccc2CC1CN1CCOCC1.Cc1c(C(=O)N(Cc2ccccc2C#N)c2ccc3c(cnn3PI)c2)cc(-c2cc(Cl)ccc2C=O)n1C,False
CCOC(=O)N=C(OCC)OC(=O)OCC,False
CS(=O)(=O)OCCCN1CCC(F)CC1,False
CCC(C)C(NC(=O)CN)C(=O)NC(CCCCN)C(=O)NC(CCCCN)C(=O)NC(Cc1ccccc1)C(=O)NC(CC(C)C)C(=O)NC(CCCCN)C(=O)NC(CCCCN)C(=O)NC(C)C(=O)NCC(=O)NC(CCCCN)C(=O)NC(Cc1ccccc1)C(=O)NCC(=O)NC(CCCCN)C(=O)NC(C)C(=O)NC(Cc1ccccc1)C(N)=O,False
CCOC(=O)CCCc1cccc(OCC(O)CNC(C)(C)Cc2ccc3ccccc3c2)c1C#N,False
O=C(CN1CCCC(c2nc3ccccc3o2)C1)N1N=C(c2cccs2)CC1c1cccs1,False
O=C(O)C(=O)CCCC(N=C([O-])C=Cc1ccccc1)C(=O)[O-].[Li+].[Li+],False
CC=CCn1nc(C(CCCC)(OC)OC)nc1Cc1ccc(-c2ccccc2C(=O)O)cc1,False
C=c1[nH]ccc1=C(C)N=CC.CC(C)=O.CC(C)c1ccccc1.CCCCC(CC)c1cccc(C)c1,False
C=C(C)C(=O)Oc1ccc2cc(C3(c4ccc5cc(OC(O)C(=C)C)ccc5c4)c4cc5ccccc5cc4-c4cc5ccccc5cc43)ccc2c1,False
O=CN1CCN(C(=O)c2cnc(Nc3cccc(Br)c3)nc2)CC1,False
O=Cc1ccc2nc(-c3ccc4c(c3)OCO4)[nH]c2c1,False
CC(NC(c1cc(F)cc(F)c1)C(C)(C)O)C(Cc1ccc(Cl)cc1)c1cccc(C#N)c1,False
NC(=O)C(C(O)C=O)C1CCCCC1,False
CC=C1C[NH+]2CCC34c5ccccc5N(C)C3(O)C2CC1C4(CO)C(=O)OC,False
CN(CCCN=C(N)N1CCOCC1)CC(F)(F)F.I,False
O=C(O)c1ccc(C(C(=O)c2ccccc2)C(=O)c2ccccc2)cc1,False
CCC1CN(CC2(C(C)C)CC2)C(c2ccccc2)CN1,False
CC(=O)c1ccc(NC(=O)CSc2ncnc3nc(N4CCCCC4)sc23)cc1,False
O=C(c1cc2cc(Br)ccc2oc1=O)C12CC3CC(CC(C3)C1)C2,False
CN(CC(N)CO)CC1CCOCC1,True
CC(C)(C)OCCC1CN(C(=O)OC(C)(C)C)CCC1O,False
COC(=O)CSCC(=O)N(CCOC(C)C)c1ccc(C(=O)N2CCN(CCc3ccc(Cl)cc3)CC2)cc1,False
Cc1cc(NC(=O)CN2CCN(C3CCCN(c4ccccc4)C3=O)CC2)no1,False
CC=CCC1=C(C(=O)NC)C(=O)c2ccccc21,False
CN1CCCC1COc1nc2c(c(N3CCN(C(=O)CCC4CC4)C(CC#N)C3)n1)CCC(c1cccc3ccccc13)C2.O=CO,False
O=CC(=CNc1ccc(Cl)c(C(=O)O)c1)c1nc2cc(Cl)ccc2o1,False
CCCn1ncc(Br)c1C(O)c1ccc(C(F)(F)F)cn1,False
Cc1cc2ccc(N(C(=O)C3CC(O)CN3)C(C(=O)NC3CCCCC3)c3cccnc3)cc2[nH]1,False
CCCNC(=O)NC(=O)C[NH+]1CCN(S(=O)(=O)c2ccc(C(C)(C)C)cc2)CC1,False
O=Cc1c(Cl)ncnc1C1CC1,False
CN1CCC(NCc2ccccc2CC(=O)O)C1=O,False
C=CCc1ccc2c(c1C=CC)c1c(n2-c2cc(OCCOC(C)=O)cc(OCCOC(=O)C=C)c2)CCc2ccccc2-1,False
CN1CCN(c2ccnc(NCCNc3ccnc4cc(Cl)ccc34)n2)CC1,False
CCOC(=O)C1CCCN(Cn2cc(C=O)c3ccccc32)C1,False
NC1CCN(Cc2ncc(Br)cc2Br)C1,False
CC(N)c1cc(Cl)ccc1OCc1cn2ccsc2n1,True
C=C1C(CO)C(O)CC1n1cc(C)c(=O)[nH]c1=O,False
CCCOCCCC(=O)C(CS)NC(=O)CCN1C(=O)CC(SCC(NC(C)=O)C(=O)NCCOCCOCCOCCOCCOCCOCCOCCOCCOCCOCCOCCOCCC(=O)NC2CCCCNC(=O)CCOCCOCCNC(=O)C(NC(C)=O)CSC3CC(=O)N(CCC(=O)NC(CS)C(=O)CCCOCCOCCC(=O)NC(CCCCCC(=O)CCC)C(=O)CC(C(N)=O)CCCCNC(=O)CCN4C(=O)CC(SCC(NC(C)=O)C(=O)NC(C(=O)NC(CSC)C(N)=O)CCCCNC(=O)CCN5C(=O)CC(SCCC(=O)NC(N)NC(=O)CCSC6CC(=O)N(CCC(=O)CCCCCC(C(=O)NC(CCCCNC(C)=O)NC=O)NC(=O)C(CC(C)=O)CCCCNC(=O)CCN7C(=O)CC(SCC(C(N)=O)NC2=O)C7=O)C6=O)C5=O)C4=O)C3=O)C1=O,False
CCCNCc1c(C)nc(Cc2ccccc2C)nc1C,False
CC(c1nc(C2CC2)no1)N1CCC(C)(CN)C1.Cl,True
CCCc1nnsc1C(=O)Nc1ccc(C(C)=NO)cc1,False
CCOC(=O)C=Cc1cc(N)cc(C(=O)OC)c1,False
CCCCCCCC1(CCCCCCC)c2cc3c(cc2-c2c1cc(I)c1nsnc21)C(CCCCCCC)(CCCCCCC)c1cc(I)c2nsnc2c1-3,False
COc1c(C(N)CCC(=O)O)ccc2[nH]ccc12,False
CC(c1ncno1)N1CCC(Cn2cnc(-c3cccnc3)cc2=O)CC1,False
CCCCc1ccc(C2Oc3cc(C=O)c([N+](=O)[O-])cc3O2)cc1,False
CC(C)(C)c1ccc2cc(-c3[c-]cccc3)ncc2c1.CC1(C)CCC2CCC(C)(C)C(O)=C2C1=O.[Ir],False
CCOC(=O)C1C2CN(C(=O)O)CC21,False
CCCCCCC(CCCCCCCCCCC(=O)OCCCOC(=O)CCCCCCCCCCC(CCCCCC)OC(C)=O)OC(C)=O,False
CC1CC(C)(C)CC2(C1)NC(=O)N(CC(=O)NN1C(=O)NC(C)(CCc3ccccc3)C1=O)C2=O,False
CC(C)(C)OC(=O)N1CCCC(Nc2ncccc2-c2ccccc2)C1,False
O=CC1CCC(CO)N1Cc1ccccc1,False
COC(=O)CCN1CCCC(C2CCN(c3cnc4c(C)nn(Cc5ccc(Cl)cc5Cl)c4n3)CC2C)C1,False
COc1ccc(CN(Cc2ccc(OC)cc2OC)S(=O)(=O)c2ccc(C(=O)O)cc2)c(OC)c1,False
In1cc(CN(CCN(Cc2ccccn2)Cc2ccccn2)Cc2cn(I)nn2)nn1,False
CON=C(OCc1ccccc1)c1ccccc1,True
Cc1ccc(OCc2cncc(-c3ccc(Cl)cc3)c2)c(C)c1,True
Cc1cc(CN=C=O)cc(O)c1C,False
CC(CN)CNCCCCN.Cl.Cl.Cl,False
CC(C)c1cc(-c2nn3c(CSCc4ccccc4)nnc3s2)n[nH]1,False
O=c1[nH]c(=O)n(C2CCCCC2)c(O)c1C=NCCCn1ccnc1,False
CCC(C)C(C(=O)NNC=O)N1C(=O)c2ccccc2C1c1c(-c2ccc(C)cc2)[nH]c2ccccc12,False
C1C2CC3C4CC5CC(C14)C(C2)C3C5.CC(C(=O)O)C(=O)OC(C)(C)C,False
CS(=O)(=O)CCn1ccc2c(Cl)cccc21,True
CCC1CCCC(n2cccc2C=O)C1,False
CC(C)(F)C=CC(F)F,True
CC1COCCN1CC(=O)Nc1cc2cc(-c3cnn(C)c3)ccc2nn1,False
CI=C(C=O)C(CC(=O)OCCc1ccc(O)c(O)c1)CC(O)O,False
CC1(C)c2ccccc2-c2c1c1sc3ccccc3c1c1c2c2ccccc2n1-c1ccc(-c2nc(-c3ccccc3)cc(-c3ccccc3)n2)cc1,False
C=C(O)C(C(C)=O)C(C#Cc1ccccc1)C#Cc1ccccc1,False
Cc1ncccc1OC(=O)N1CCC(C(C2CC2)N(C=O)c2ccc(Cl)s2)CC1,False
CCCCCNC(=O)Nc1ccc(Oc2ccc(N)cc2)c(Cl)c1,False
CC=CCC(C(C)C)C(C)C(=O)OCC,False
Cc1cc(C)nc(NCCOCC(N)=O)n1,False
CCOC(=O)C(COC)(C(=O)OCC)c1ccccc1Br,False
CCc1ccc(C(=O)N(C)Cc2cc(C#CCO)cs2)s1,False
CC(Cl)=CC(Cl)=CC=C(C)c1cn(CC=O)c(C=C2C3=CC(C=CCCC=C3)c3ccccc32)n1,False
CC(C)(C)C1(Cc2cc(F)ccc2Br)CCCN1,False
CC=CCCNC(=O)c1sc2c(c(C)nn2C)c1N,False
CCC(CC)C(=O)N1CCCC1N(C=O)C(Cc1ccc2ccccc2c1)C(=O)NCC(CN)OC.Cl,False
CCOc1ccc2c(C(=O)C3NC4CNC3C4)nsc2c1.O=CO,False
O=CC1CCC2(n3cccn3)CCC1N2C(=O)O,False
COC(=O)CCNSC(C=O)CC1C=CC1,False
CCCCCCCCCCCCCCCCCN1C=CN(CCCCCCCCCCCCCCC)C1,False
CCOC(=O)NC1=Nc2cc(-c3cccc(Cc4n[nH]c(=O)c5ccccc45)c3)ccc2C1,False
COc1ccc(S(=O)(=O)Nc2ccc(C(=O)Nc3nc(-c4csc(NC(=O)c5ccc(NS(=O)(=O)c6ccc(OC)cc6)cc5)n4)cs3)cc2)cc1,False
C=Cc1cccc(C(C)C(=O)OCOC(C)=O)c1.C=Cc1cccc(CC(=O)OCOC(C)=O)c1,False
COc1ncccc1-c1ccc(C=O)cc1[N+](=O)[O-],False
O=CNCC1CC=CCC1,False
CCNC(=NCC1CCN(S(C)(=O)=O)CC1)NCCc1ccccc1F.I,False
CCOc1c(Br)cc(C=c2sc3nc4ccccc4n3c2=O)cc1Br,False
CN1CC=C(C2=Cc3ccccc3Oc3ccccc32)CC1,True
CC1C(=O)NC(=O)CN1c1ccc(C=O)cn1,False
CC1(CNC2CSc3ccccc32)COC1,True
Cc1ccc(C)c(OCc2cc(C(=O)NCc3cn4c(C)cccc4n3)no2)c1,False
CC(C)(C)c1ccc(C(=O)Nc2nnc(-c3cccs3)s2)cc1,False
CCc1nsc(Sc2ccc(N)cc2C(F)(F)F)n1,False
CC(C)(C)OC(=O)N1CC(I)C1.CC(C)(C)OC(=O)N1CC(Oc2ccc(Br)nc2)C1.O=CO[O-].Oc1ccc(Br)nc1.[Cs+].[Cs+],False
COc1cc(-c2sccc2Br)c(OC)cc1-c1sccc1Br,True
NC(=O)CCOc1ccccc1NC=O,False
CCc1ccc(OC)c(-c2cc3c(C)cccn3c2C=O)c1,False
C=CCOC(=O)C1NCSC1(C)C,False
N#Cc1cc2ccsc2c(C=O)c1S,False
CCc1cccc(CCCNCCOC)c1,True
Cc1ccsc1C=Cc1ccnc(SCc2cccc(Cl)c2)n1,False
CN1CCC(N2CCC(CN3CCC(N4CCCCC4)CC3)C2)CC1,False
COc1cc(COC=O)cc(OC)c1OC,False
COc1ccc(Br)c(NC2CCN(CC=C(C)C)CC2)c1,True
CO.Cc1cc(OCCCS(C)(=O)=O)cc(C)c1-c1cc(COc2ccc3c(c2)OCC3CC=O)ccc1COc1ccccc1,False
CCCCCn1c(SCC(=O)NCCCC)nc2cc(Cl)ccc2c1=O,False
O=C([O-])C1CCNC1.[Li+],False
CC(CCC(=O)O)CNC(=O)N1CCN(C)CC1C,False
CCCCC(CC)(C(=O)O)c1cccc(C)c1N,False
CCOC(=O)C1=C(C)N=c2sc(=Cc3ccc(OCc4ccccc4)c(OCC)c3)c(=O)n2C1c1cccs1,False
Cc1[nH]c(C(=O)O)c(C)c1S(=O)(=O)N(CCO)CCO,False
Cc1nc(NCCOc2ccccc2)nc(NC2CC(C(C)(C)O)C(O)C2O)c1-c1nc2c(C)nccc2s1,True
CC(C)c1cccc(NC(=O)C(=O)NCC#N)c1,False
O=C(O)CNc1ccc(C(=O)C=Cc2cccs2)cc1,False
Cc1ccc(S(=O)(=O)C(C)(C)C)c(C(=O)O)c1,True
C=CC.CC=CN=CC.CNCCC1(C)C(=CC=O)CCC2C1CCC1(C)C(c3cncc(OC)c3)CCC21,False
NC(=O)c1nnsc1NC=O,False
CC(=CC=CC(C)CNC(=O)N1CCCC1)C1OC(=O)CC(C)CCC(C)(O)C(OC(=O)N2CCN(C3CCCCCC3)CC2)C=CC1C.CC(=CC=CC(C)COC(=O)N1CCCC1)C1OC(=O)CC(C)CCC(C)(O)C(OC(=O)N2CCN(C)CC2)C=CC1C.CC(=CC=CC(C)c1ccccn1)C1OC(=O)CC(C)CCC(C)(O)C(OC(=O)N(C)C2CCN(C)CC2)C=CC1C.CC(=CC=CC(C)c1ccccn1)C1OC(=O)CC(C)CCC(C)(O)C(OC(=O)N2CC3CC2CN3C)C=CC1C.CC(=CC=CC(C)c1ccccn1)C1OC(=O)CC(C)CCC(C)(O)C(OC(=O)N2CCOCC2)C=CC1C,False
Nc1cccc2c(=O)n(CC3(O)CCCCC3)ccc12,False
Cc1cc2c3c(c1)N(c1cc(-c4csc5ccccc45)ccc1-c1ccccc1)c1sc4ccc(C(C)(C)C)cc4c1B3c1c(sc3ccc(C(C)(C)C)cc13)N2c1cc(-c2csc3ccccc23)ccc1-c1ccccc1,False
CSCC(C)CNc1cc(Br)ncn1,False
CCC1CCCCN1CCNC(=NC)NCC(C1CC1)N(C)C,False
CCC1OC(=O)C(C)C(=O)C(C)C(OC2OC(C)CC(C)C2C)C(C)(C)CC(C)C(=O)C(C)C2C1OC(=O)N2NCCC(C)n1cnc(-c2cccnc2)c1.CCC1OC(=O)C(C)C(=O)C(C)C(OC2OC(C)CC(C)C2O)C(C)(C)CC(C)C(=O)C(C)C2C1OC(=O)N2NCCC(C)n1cnc(-c2cccnc2)c1,False
CN(CC(=O)C=O)C(=O)OC(C)(C)C,False
CCCOc1ccccc1C1C(C(=O)OCC)=C(C)N=c2sc(=Cc3ccc(-c4ccc(C)cc4Br)o3)c(=O)n21,False
CC(=O)N(C=O)c1ccc2c(c1)C(N)CC2,False
C=CC1CCCC(Oc2ccc(C)c(C)c2C(=CC(=CC)c2oc3ccccc3c2C)C(=O)OC)C1,False
CCOc1cc(C=c2sc3n(c2=O)C(c2ccccc2)C(C(=O)OC)=C(CC)N=3)c(Br)cc1OCc1ccccc1,False
Cc1ccc(C(=O)c2cccc(C=O)c2)cc1C,False
COc1cc(OC)cc(C(=O)NCCNC(=O)c2ccccn2)c1,False
O=P(O)(O)Cc1noc(-c2ccncc2)n1,True
O=Cc1ccc2cc(O)cc(S(=O)(=O)O)c2c1,False
CCCCCCCC(=O)N1CCN(c2cc(Cl)nc(SCC(=O)N3CCC(Cc4ccccc4)CC3)n2)CC1C,False
COCCNN=C(N)c1ccc(CCN)cc1,True
COc1cc(C=CC(=O)CC(=O)C=Cc2ccc(OC(=O)C(C)CC(=O)OC(C)(C)C)c(OC)c2)ccc1OC(=O)C(C)CC(=O)OC(C)(C)C,False
Cc1ccc(C(O)COCCC2CCC2)cc1C,True
CS(=O)(=O)N(CC(=O)NC1CCCC1)c1ccccc1Oc1ccccc1,False
C#CCC1(C#N)CCN(C(=O)OC(C)(C)C)CC1,False
CC(C)S(=O)(=O)c1ccc(CCNCC=O)cc1,False
Cc1cc(C)c([N+](=O)[O-])c(C)c1C(=O)N1CC(C(=O)O)C(c2ccccc2)C1,False
CC(C)(C)OC(=O)NC(Cc1ccccc1)C1CC(Cc2ccccc2)(O[Si](C)(C)C)C(=O)O1,False
O=[N+]([O-])c1ccc2c(c1)CN(c1ncc(Cc3ccc(Br)cc3)s1)CC2,True
CC1CCN(C(=O)CN2C(=O)CC3(CCCCC3)C2=O)CC1,False
CCN1CCN(S(=O)(=O)c2ccc(Br)c(C)c2)CC1,True
CC1CC(N2CCN(Cc3nnc(-c4ccccc4)s3)C(=O)C2=O)C1,False
CN1C(=O)CC(C)(C2CCCN(C=O)C2)NC1(C)C,False
CCOC(=O)c1c(C)[nH]c(C(=O)CSc2nnc(-c3cccs3)n2CC2CCCO2)c1C,False
COc1cnc(-c2nn(Cc3ccc(Cl)cc3Cl)c3ccccc23)nc1NC1=CCNC=C1,True
CC(=O)OC(COc1ccc(CC(NC(=O)C(C(C)C)n2cc(COc3ccc4nc(S(=O)O)sc4c3)nn2)C(=O)C=O)cc1)COS(=O)(=O)c1ccc(C)cc1,False
Oc1ccc2c(c1)-c1ccccc1C2,True
C=C(C)CCC(NN)C(C)(CC)N1CCCC1,False
CC1(C)COc2ccc(C(Cl)C3(C)CCCO3)cc21,True
N#Cc1cncc(SNC(c2ccccc2C(F)(F)F)C(F)(F)F)c1,False
CCCCCCCC(=O)N1CCN(CCN(CC=Cc2ccccc2OC)C(=O)c2ccc(OC)cc2)CC1,False
CC(C)N=C1C(=N)C(c2cccc3c2ccc2ccccc23)=CC=C1N(c1cccc2c1=NC(C)(C)N=2)c1ccc(-c2ccc3ccc4ccccc4c3c2)c2c1=NC(C)(C)N=2,False
c1ccc(-c2ccc3ccc4c5ccccc5nc(-c5ccc(-c6ccc(-c7cn8ccccc8n7)cc6)cc5)c4c3n2)cc1.c1ccc(-c2ccc3ccc4c5ccccc5nc(-c5ccc(-c6ccc7nc(-c8ccccc8)cn7c6)cc5)c4c3n2)cc1.c1ccc(-c2ccc3ccc4c5ccccc5nc(-c5ccc(-c6cccc(-c7cn8ccccc8n7)c6)cc5)c4c3n2)cc1,False
CCCCC.CN1c2ccccc2N(C)c2ccccc21,False
CC(C)(C)c1cc(CC2CCN(CC(F)(F)F)C2)ncn1.CC(C)(C)c1ccnc(CC2CCC2)c1.CC(C)(C)c1ccnc(CC2CCOCC2)c1.CC(C)(C)c1ccnc(CCC2CC2)c1.CC(C)(C)c1ccnc(CCc2ccccn2)c1.CC(C)(C)c1ccnc(CCc2cccnc2)c1.CC(C)(C)c1ccnc(CCc2ccncc2)c1.CC(C)(C)c1cncc(OC2CCOCC2)c1.CN(C)CCN(C)c1cc(C(C)(C)C)ccn1.CN1CCC(Cc2cc(C(C)(C)C)ncn2)C1,False
CC(C)(CCn1cnc2cc(OC=O)c(Cl)cc21)NCC(O)c1cccc(NS(=O)(=O)c2ccccc2)c1,False
CSC1CC(=O)N(CCOCCOCCOCCOCCOCCOCCC(=O)NC(C(=O)CC(CCCNC(N)=O)C(=O)Nc2ccc(COC(=O)N(C)CCN(C)C(=O)Oc3cc4c(c5ccccc35)C(CCl)CN4C(=O)c3ccc(C(=O)N4CC(CCl)c5c4cc(OP(=O)(O)O)c4ccccc54)s3)cc2)C(C)C)C1=O,False
O=C(N=c1sc(N=Nc2ccc(Cl)cc2)nn1-c1ccc(Cl)cc1)c1ccccc1,False
Cc1ccc(C(=O)NCC2(c3ccccn3)C(C)C2C)cc1C,False
O=C(NCCSc1ccccc1)c1ccc(NS(=O)(=O)c2cccc([N+](=O)[O-])c2)cc1,False
CC(=O)C=CC=Cc1c2ccccc2cc2ccccc12,False
N=Cc1nc(-c2ccccc2)n(-c2ccc(C3=NC(c4ccc(-c5cccc6c5sc5ccccc56)cc4)N=C3c3ccc(-n4c(-c5ccccc5)nc(C=N)c4C=N)cc3)cc2)c1C=N,False
CC(C)c1cccc(Oc2cc(Br)ccc2C=O)c1,False
CCN(CC)C(C)C1CN(C(=O)Nc2ccc(OC(C)C)cc2)N=C1c1ccc(OC(C)C)cc1,False
CCNC(=NCc1ccc(NCCOC)cc1)NCC.I,True
CCCCNCC1OC(C23CC4C(C)CCC4C4(C=O)CC2C=C(C(C)C)C43C(=O)O)CC1CCCC,False
C#C.CCCCCCCCCCCCCCCCN(CCCCCCCC(CCCCCCCC)CCCCCCCC)CCCNC(=O)COC.CO.O=CO,False
CCn1cccc1CNCc1cccc2cccnc12,False
Cc1ccc(S)cc1C(=O)Nc1nc2c(s1)CCCC2,False
CC=CCOc1cc(C)c(OC=CCNCC=NOC)c(C)c1,True
CCN(CC)S(=O)(=O)CCNS(=O)(=O)c1ccc(C)c(C)c1,True
C=CCOc1ccc(C=c2sc3n(c2=O)C(c2cccc(OC)c2)C(C(=O)Nc2ccccc2)=C(C)N=3)cc1,False
O=Cc1ccc(SC2CS(=O)(=O)CC2O)cc1,False
Cc1ccc(CCCNCCC(C)(C)C(=O)O)cn1,False
CCOC(=O)c1c(CCc2ccccc2)[nH]c2c(cnn2CC)c1=O,False
COC(=O)C(=O)N(C)CCc1ccc(Br)cc1,False
[C-]#[N+]c1cnc2ccc(-c3cccnc3-c3cccc(C)n3)cn12,False
CN(C)S(=O)(=O)n1c(C=O)cnc1C1CCOCC1,False
CN1CC(c2nccc(OCc3ccccc3)n2)C(=O)C1=O,False
CC(C)C(NC(=O)C(NC(=O)NC(Cc1ccccc1)C(=O)O)C1CCN=C(N)N1)C(=O)NC(C=O)CCCN=C(N)N,False
CCOC(=O)C=Cc1c(-c2ccccc2)oc(=O)c2c3c(sc12)CCCCC3,False
COc1cc(NC(=O)CCN(C)C2CCC(OC(=O)C(O)(c3cccs3)c3cccs3)CC2)c(Cl)cc1C=O,False
CCC(=O)C(C)(C)CN1CCC(Cc2ccccc2CCc2cccc(Cl)c2)CC1,False
COc1ccc(CCN2CCN(C(C)C(=O)Nc3ccc4c(c3)OCCO4)CC2)cc1,False
CCOC(=O)c1nc(CN(OC(C)(C)C)C(=O)O)sc1C(=O)OCC,False
NCC1CC(=O)Cc2cc(OCCCCN3CCN(c4cccc(Cl)c4Cl)CC3)ccc21.O=C(CN1C(=O)C=CC1=O)ON1C(=O)CCC1=O.O=C1Cc2cc(OCCCCN3CCN(c4cccc(Cl)c4Cl)CC3)ccc2C(CNC(=O)CN2C(=O)C=CC2=O)C1,False
CCCC[Si](C)(C)Oc1ccc2c(c1)Cc1ccccc1-2,True
CCCC1CCCC2C3CC(CN(Cc4ccn5ncnc5c4)C3)CN12.O=CO,False
CCCCCC1(C=O)CCC(c2ccc(-c3ccc(C4CCC(CC)CC4)cc3)cc2)CC1,False
CCSc1cc(Cc2nc3ccc(Cl)cc3n2COCC[Si](C)(C)C)[nH]n1,True
CC=C(C)C(=S)N(C(=O)CC)C(CC)CCC,False
CC(=O)Cl.COC(Cl)C12CC3CC(CC(C3)C1)C2.COC(OC)C12CC3CC(CC(C3)C1)C2.COC(OC)OC.O=CC12CC3CC(CC(C3)C1)C2,False
O=CCC(O)c1cncc(Br)c1,False
Cc1ccc(C)c(N(c2cccc3c2oc2c(-c4ccccc4)cccc23)c2c3ccccc3c3c4c2oc2cccc(c5ccc(C)cc5n3-c3cccc5c3oc3c(-c6ccccc6)cccc35)c24)c1,True
Cc1cc(C)cc(C(=O)N(c2cc(C)cc(C)c2)C2C=CS(=O)(=O)C2)c1,False
CC(C)(C)n1nc(C=O)cc1C1CCC1,False
COC(=O)c1c(NC(=O)CN(C)CCCOc2cccc(S(C)(=O)=O)c2)sc(C)c1C,False
O=C1CN(S(=O)(=O)c2cc([N+](=O)[O-])ccc2Sc2cc(Cl)ccc2Cl)CCN1,False
COc1cccc(CN2CC3CCC(C2)N(Cc2ccccc2)C3)c1OC,True
CC=C(C=C(CC)NC(=O)Nc1ccccc1)NC(=O)NC,False
COC1CN(c2ccc(C=O)cc2[N+](=O)[O-])CC1OC,False
CC(O)C(=O)N1CCC(CCn2cnc(=N)c3[nH]c(Sc4ccc5c(c4)CCO5)nc32)CC1,False
CC1(C)C=CC(C)(O)C=NC(O)=C1,True
CC(=NOC(=O)N(CCC1NCCC1=O)COC=O)C1CCC2C3CCC4=CC(=O)CCC4(C)C3CCC12C,False
CC(=NC(C)CCc1cccs1)NC#N,False
COCCN(C(=O)c1ccc(Br)cc1N)C(C)C,False
COc1cnc2c(NCCn3nc(-c4cc(C)cs4)ccc3=O)ccnc2c1,False
Cc1c[nH+]c(C(=O)NC(C)c2nc3cccc(C#Cc4cnn(C)c4)c3c(=O)n2-c2ccccc2)c(N)n1,False
C=O.CCC(C)(C)C(=O)OCCOC(=O)c1cc2c(c([N+](=O)[O-])c1)-c1c(cc([N+](=O)[O-])cc1[N+](=O)[O-])C2=O.O=CCCCC=O,False
O=C1NCCCN1c1cccc(Nc2nc3ccccn3c(=O)c2[N+](=O)[O-])c1,False
CCC=CC=CC=CC=CCCCCCCCC(=O)OC(COC(=O)CCCCCCCCCCCCCCCCCCCCC)COP(=O)(O)OC1C(O)C(O)C(O)C(O)C1O,False
COc1cccc(NC(=O)NC2N=C(C)c3cccc(C)c3N(CC(=O)N3CC4CCC(CC4)C3)C2=O)c1,False
CC(C)N(CCCO)C(=O)c1ccnc(N(C)C)c1,False
O=C1CN(C(=O)c2cc(Cl)cc(Cl)c2)CCCN1,False
CCOC(=O)CCN(C)c1cc(OCC)nc(C)n1,False
C#Cc1ccc(NC(=O)c2cc(OC)ccc2N(C=O)c2ccc(C=NN(C)C)cc2)cc1,False
COC(=O)C1CN(c2nc(-c3ccc(C)c(Cl)c3)c(CC(C)C)s2)CCN1C=O,False
CC(O)C(=O)NC1CC(C(C)C)C1,False
C1=CCCCCC=C1.CC.O=S(=O)([O-])C(F)(F)F.[Rh],False
O=C(O)CCC1CCCN(C(=O)CCCS(=O)(=O)N2CCCC2)C1,False
CC1(C)C=CC=CC=CSC1,False
CCC1SCCSC1C(Cc1ccccc1C)NN,False
O=CNCc1ccccc1-n1cccc1,False
Cn1c(=O)n(CC2CCC(C(=O)Nc3ccnc(OCCO)c3)CC2)c2ccc(Cl)cc21,False
CC1CN(Cc2cnn(C)n2)CC1Br,False
COc1cc(N2CC3CCC(C2)C3Cc2nc(Oc3cccc(F)c3)n(CC(F)(F)F)n2)ccn1.COc1cc(N2CC3CCC(C2)C3N)ccn1.Fc1cccc(Oc2nc(Br)nn2CC(F)(F)F)c1,False
CCCCCCCCCC(=O)C(O)(OCc1ccccc1)C(=O)O,False
COC(=O)C(N)(c1ccccc1)C(C)O,False
Cc1ccc(CNC(=O)CSc2nccn3nc(-c4cccc5ccccc45)cc23)cc1,False
OCC1OC(c2ccc(Cl)c(Cc3ccc(OCC4OCc5ccccc54)c(F)c3)c2)C(O)C(O)C1O,False
CC=CCCNCC(C)C(=O)OCc1ccccc1,False
CC1(CN2CCN(Cc3nccn3C(F)F)CC2)CCNC1.Cl,False
Cc1noc(C)c1C(C)CNC(=O)c1ccsc1Cl,False
CC(C)C(NCCNS(C)(=O)=O)c1ccccc1,True
CC#CCCC(COCC)NC,True
CC(C)C(=O)N(C)C1CCC(CC(=O)Nc2cc(-c3ccccc3)c(Br)cn2)CC1,False
O=NC(c1ccccc1)c1cn2c3c(cccc13)C(=O)NCC2,False
CCC(CC)(OC(C)=O)C(=O)OC1CCC2(C)C(=CCC3C2CCC24CN(C)C(C)C2CCC34)C1,False
Cl.Cl.O=CC1(c2ccccc2)CCN(CCN2CCOCC2)CC1,False
O=C(O)CCSCc1nc2ccc(Cl)cc2[nH]1,False
CCC(C)(CNC(=O)N1CCOCC1C)C(=O)O,False
C=C(C=CC(=CC)C(C)=O)C(C)=NC=NC.CC.CCC(C)=CC=NC,False
C=S(=O)(NC(=O)C1(NC(=O)C2CC3(CN2C(=O)C(NC(=O)C(NC=O)C2CCCCC2)C(C)(C)C)C(C)(C)C32CCC2)CC1CC)N1CCCC1,False
Cc1ccc(-c2ccc(C)cc2N(c2ccc3c(c2)C(C)(C)c2ccccc2-3)c2ccc3c(c2)C2(CCCC2)c2ccccc2-3)cc1,False
Cc1nc2cnccc2n1C.Cn1c(C=O)nc2cnccc21,False
CCCNC(C)(CO)CN(C)c1ccc(CC)cc1,True
CCCC(CC)OC(C)OC(CC)CCC,True
CCc1ccc(C=O)o1.O=Cc1cc(CO)co1,False
COCC(C)n1c(C)cc(C(=O)COC(=O)C2=Cc3cc(Cl)ccc3OC2)c1C,False
NNC(=O)CCCCSc1ccncn1,False
Cc1ccc(Nc2cc(-c3c(C)nc4ccccn34)ccn2)cc1.O=CNO,False
CCC(C)C(C(CC(=O)N1CCCC1C(OC)C(C)C(=O)NC(Cc1ccccc1)c1nccs1)OC)N(C)C(=O)C(CC(=O)C(C(C)C)N(C)Cc1ccc(OC(C)C)cc1)C(C)C,False
CCCCN(C)C(c1ccncc1)C(N)CC,False
O=C(O)c1nc(Cl)c2ccccn12,False
CCC(C(N)=O)N(C)C1CCN(CC)CC1,False
O=C(CC1CCCCC1)N1CCCC(COc2ccc(-c3ccn[nH]3)nc2)C1,False
COCC(=O)N1CCN(C(=O)Cn2ncc3ccccc32)CCC(=O)NCC2CCCN(C2)c2nc3cc(OC)c(OC)c(OC)c3cc2C1.O=CO,False
Cc1ncnc(C)c1N.Cl,False
CC1(c2ncc(C=O)o2)CCS(=O)(=O)C1,False
CCCNCCCCCCC[P+](=O)OCCC(=O)O,False
[B]c1ccc(C(=O)OCC)n1-c1ccc(N(C)C)cc1,False
CC(C=O)c1c(I)cccc1CO,False
COc1cccc(OC2CN3CCC2CC3)c1,True
CNCCCCC(C=O)NC(=O)C(C)O,False
Cc1cc(C)cc(N=Nc2ccc(O)c3cc(S(N)(=O)=O)ccc23)c1,True
C#CCN1CCC2NC(=O)CCC2C1,False
CC(C)CCNc1ccnc(N2CCN(C=O)CC2)n1,False
CCCn1nccc1C(=O)C1(C)CCCC1,False
O=CC(=O)NC(CN1CCCC1)C(O)c1ccc2c(c1)OCCO2,False
C=C1CCC(C)(CCC2=C(C)C(=O)C(C)=C(C)C2=O)O1.C=C1CCC(C)(CCc2c(C)c(O)c(C)c(C)c2O)O1.CC(=O)C(C)=CCCC(C)=CCCC(C)=CCCC(C)(O)CCC1=C(C)C(=O)C(C)=C(C)C1=O.CC(=O)C(C)CCCC(C)(O)CCC1=C(C)C(=O)C(C)=C(C)C1=O.CC(=O)C(C)CCCC(C)=CCCC(C)(O)CCC1=C(C)C(=O)C(C)=C(C)C1=O.CC(=O)C(C)CCCC1(C)CCc2c(C)c(O)c(C)c(C)c2O1.CC(=O)CCC(C)(O)CCC1=C(C)C(=O)C(C)=C(C)C1=O.CC(=O)CCC(C)=CCCC(C)(O)CCC1=C(C)C(=O)C(C)=C(C)C1=O.CC(=O)CCC(C)=CCCC(C)=CCCC(C)(O)CCC1=C(C)C(=O)C(C)=C(C)C1=O.CC(=O)CCC1(C)CCc2c(C)c(O)c(C)c(C)c2O1.CC(C)=CCCC(C)=CCCC(C)=CCCC(C)(O)CCC12OC1(C)C(=O)C(C)=C(C)C2=O.CC(C)=CCCC(C)=CCCC(C)=CCCC(C)(O)CCC1=C(C)C(=O)C2(C)OC2(C)C1=O.CCC(C)=CCCC(C)=CCCC(C)=CCCC(C)(O)CCC1=C(C)C(=O)C(C)=C(C)C1=O,False
CC(C)(CC1CC(=O)CC(O[Si](C)(C)C(C)(C)C)C1O[Si](C)(C)C)[Si](C)(C)O,False
COC(=O)c1ccc(C2=NCCN2c2ccc(OC)c(OC)c2)cc1,False
CCCCCCCCCC(=O)OC(C(=O)OC1CC2CCC(C1)[N+]21CCCC1)(c1ccccc1)c1ccccc1,False
CC(CN(C)N=O)C[N+](=O)[O-],True
CC(C)C(=O)NC(C(C)C)C1CCCC1,False
CCC(C(=O)N1CCC2(CC1)NC(=O)c1ccccc1N2)c1ccccc1,False
COc1ccc(CC(=O)NCc2ccc(C)cc2)cc1C,False
COCCOc1cc(CC(=O)O)cc(Oc2cccc(-c3cnn(CCC(C)C)c3)c2)c1,False
CCCCCCCCCCCCCCCCCCCCCC(=O)Oc1c(C)c([N+](=O)[O-])cc(C=O)c1O,False
C=CCOC12Oc3ccc(Oc4ccc(-c5ccccc5)cc4)cc3C3C(CCCCO)C(CCCCO)C=C(C(=NOC(C)(C)C)CC1N(Cc1ccc4c(c1)OCO4)C(=O)CCC1CCCC1)C32,False
CC(C)CCn1cc(N=C(N)N)cc1C=O,False
COC(=O)NCC(=O)Nc1ncccc1OCC1CCCCC1,False
COc1ncc(CNC2c3ccccc3CC23CCOCC3)c(C)n1,True
COc1cc(OCCNCc2ccc(O)cc2)ccc1C=N.NC(=O)c1ccc(O)c(Cl)c1,False
CCOC(=O)C1CCN(Cc2ccncc2)CC1.CCOC(=O)C1CCNCC1.O=Cc1ccncc1,False
CC(C)(C)OC=O.CC(C)COC(=O)c1ccc(OC(N)C2CCNCC2)c(-c2ccnn2C)c1,False
CB(O)NC(Cc1ccccc1)C(=O)NCCNC(=O)C(Cc1ccccc1)NB(C)O.CC(C)(C)OC(=O)NC(Cc1ccccc1)C(=O)O.NC(Cc1ccccc1)C(=O)NCCNC(=O)C(N)Cc1ccccc1.NCCN.[BH]OC=C,False
CCC=CCC=CCC=CCC=CCC=CCCCC(=O)OC(COC(=O)CCCCCCCCCCCCCCCCCC)COC(=O)CCCCCCCCCCCCCCCCCCC=CCC=CCC=CCCCCCCC,False
Cn1c(CO)nnc1C1(C)CCCO1,True
Cc1cc(Cl)ccc1NC(C)c1ccccc1[N+](=O)[O-],True
COc1ccc(S(=O)(=O)NCC(=O)N(C)C)cc1,False
CCCCCCCCCCCCCCCCNc1ccc(C(=O)C=O)c(CC(C)(C)C(=O)O)c1,False
O=CC1CN(c2cc(-c3ccc[nH]3)ccc2O)S(=O)(=O)N1,False
CN=C1CC(=O)C(N=Nc2ccc(N=Nc3ccc(N=Nc4ccc(OC=O)cc4)c(C)c3)c3ccccc23)C(=O)N1,False
CCS(=O)(=O)Nc1cc(C(=O)NCc2nccc(C)n2)cc(C(=O)NC(Cc2ccccc2)C(O)CNCc2cccc(OC)c2)c1,False
C=CC(=O)N1CCN(C(=O)c2ccc(S(=O)(=O)c3ccccc3)cc2)CC1CC,False
Cc1nc(NCC(C)C)cc(Oc2cc(C#N)ccc2-c2ncc(CN)cn2)n1,True
CCC=CCCCCCCCCCCCCCCCCOC(=O)C1CCC(=O)N1,False
COC(CC(=O)O)NC(=O)CCc1ccccc1,False
O=CCCCCCN1Cc2cc(-c3ccccc3)ccc2C1=O,False
CCCCCCCCCCCCC(CCCCCCCCCC)CN(C)c1cc2c(cc1=C(C=O)c1ccc(-c3ccc(-c4cccs4)s3)s1)NC(=O)C=2c1ccc(Br)s1,False
CCNC(=NCc1c(CC)nn(C)c1OC)NCC,True
CC1C(N2CCCC2)N(C(=O)Cc2ccccc2[N+](=O)[O-])CCN1C(=O)O,False
CCNC(=NCc1ccc(C)cc1OC1CCCC1)NCC(O)c1ccncc1,True
Cc1cccn2c(CCC(=O)O)nc(C=O)c12,False
O=S(=O)(OP(c1ccccc1)(c1ccccc1)(c1ccccc1)c1ccncc1)C(F)(F)F,False
C[n+]1cc(Sc2ccccc2NNC=O)c2ccccc2c1,False
Cc1ccc(N2C(=O)CC3(CCCC3)C2=O)c(C(=O)O)c1,False
CCCCCCCCN(CCCCCCCC)c1cc(C)c(I)cc1I,False
C=CCOC(=O)C1=C(COC(C)=O)CSC2C(CC(=O)Cc3cccs3)C(=O)N12,False
COCCc1ccc(OCC(O)CNC(C)C)c(COC)c1,True
CC(O)C1CCN(CC2(C=O)CCCOC2)C1,False
O=C(C(c1ccccc1)c1ccccc1)N1CCN(C2CCCCC2)CC1,False
CCCNc1ccc(NS(=O)(=O)c2c(C)cc(C)cc2C)nn1,True
CC=CC=CC(=O)O.I,False
[NH2+]=Cc1cccn(O)c1=O,False
CCN(CC)C(=O)C1=C(C)N=c2sc(=Cc3ccc(OCc4ccc(Cl)cc4Cl)cc3)c(=O)n2C1c1cc(OC)ccc1OC,False
CC(=O)SCCC#Cc1ccc(CC(=O)O)nc1,False
CC12C=CC(=O)C=C1CCC1C2C(=O)CC2(C)C1CCC2(O)C(=O)CO.CCC1(O)CC2CN(CCc3c([nH]c4ccccc34)C(C(=O)OC)(c3ccc4c(c3OC)N(C=O)C3C(O)(C(=O)OC)C(OC(C)=O)C5(CC)C=CCN6CCC43C65)C2)C1.COc1cc(C2c3cc4c(cc3C(OC3OC5COC(C)OC5C(O)C3O)C3COC(=O)C23)OCO4)cc(OC)c1O.COc1cccc2c1C(=O)c1c(O)c3c(c(O)c1C2=O)CC(O)(C(=O)CO)CC3OC1CC(N)C(O)C(C)O1.O=P1(N(CCCl)CCCl)NCCCO1,False
C#CC(=O)OC(C)(C)C.CC(C)(C)OC(=O)N1C(C)(C)COS1(=O)=O.CSc1ncc(C(=O)C=CC(=O)OC(C)(C)C)c(Cl)n1.CSc1ncc(C(O)C#CC(=O)OC(C)(C)C)c(Cl)n1.CSc1ncc(C=O)c(Cl)n1.CSc1ncc2c(n1)N(CC(C)(C)NC(=O)OC(C)(C)C)C(C(=O)OC(C)(C)C)CC2=O.CSc1ncc2c(n1)N1CC(C)(C)NC(=O)C1CC2=O.CSc1ncc2c(n1)NC(C(=O)OC(C)(C)C)CC2=O.N,False
CCOC(=O)C1=C(C)N=c2sc(=Cc3cc(OCC)c(OCc4ccc(Br)cc4)cc3Br)c(=O)n2C1c1ccccc1,False
C=CCc1ccc(C=CC(=O)c2ccc(OC(=CC)CC)cc2OCC(=O)O)cc1,False
O=C(O)CCCC(=O)OCC1COC(=O)O1,False
CCOC(=O)C1=C(C)N=c2sc(=Cc3cc(OC)c(OCc4ccccc4)cc3[N+](=O)[O-])c(=O)n2C1c1ccc(OCC)cc1,False
CC(C)C(C=O)C(=O)NC(N)=O,False
CC(C)(C)OC(=O)N(Cc1ccccc1)C(C=O)CC1CCCCC1.[B]B([B])B(B([B])[B])B(B([B])[B])B(B(B([B])[B])B([B])[B])B(B(B(B(B([B])[B])B([B])[B])B(B([B])[B])B([B])[B])B(B(B([B])[B])B([B])[B])B(B([B])[B])B([B])[B])B(B(B(B(B([B])[B])B([B])[B])B(B([B])[B])B([B])[B])B(B(B([B])[B])B([B])[B])B(B([B])[B])B([B])[B])B(B(B(B(B(B([B])[B])B([B])[B])B(B([B])[B])B([B])[B])B(B(B([B])[B])B([B])[B])B(B([B])[B])B([B])[B])B(B(B(B([B])[B])B([B])[B])B(B([B])[B])B([B])[B])B(B(B([B])[B])B([B])[B])B(B([B])[B])B([B])[B])B(B(B(B(B([B])[B])B([B])[B])B(B([B])[B])B([B])[B])B(B(B([B])[B])B([B])[B])B(B([B])[B])B([B])[B])B(B(B(B([B])[B])B([B])[B])B(B([B])[B])B([B])[B])B(B(B([B])[B])B([B])[B])B(B([B])[B])B([B])[B],False
CCOC(=O)C1(C)CCC(NN)CC1,False
C=CC(=O)OCCOCCOCCOC1(C(C)(C)C2(OCCOCCOCCOC(=O)C=C)CCC(C)CC2)CCC(C)CC1,False
C#Cc1cc(C=O)cc(C(=O)OC)c1C,False
C=NC(=NC=CC)C(=O)CCC(=O)c1ccc2c(c1)CCCC2,False
c1ccc(-c2cc(-c3ccc4c5ccccc5n(-c5ccccc5)c4c3)cc(-n3c4ccccc4c4c5c6ccccc6n(-c6ccccc6)c5ccc43)c2)cc1,False
CC=CCCCCC(=O)Nc1ccccc1S(=O)(=O)NC(=O)CN,False
C=C(C)C1CCC2(CCC)CCC3(C)C(CCC4C5(C)CCC(OC(=O)CC(C)(C)C=O)C(C)(C)C5CCC43C)C12,False
CC(=O)NC1C(=O)N(CCC(C=O)CO)C(=S)SC1c1ccc(Cl)cc1,False
O=C(NC1CCN(c2ncccn2)CC1)c1cn[nH]c1-c1ccc(Cl)cc1,False
O=Cc1ccccc1OS(=O)(=O)c1ccccc1,True
O=Cc1cn(-c2ccccc2)nn1,False
Cc1ccc(NC(=O)c2nc3c(s2)CN(C)CC3)c2cccnc12,False
COC1CCC2(C)C3=C(CCC2C1)C1=CCC(C(C)CCC(C)C(C)C)C1(C)CC3,True
COc1ccc(CNC(=O)Cc2cn(C)c3ccccc23)c(OC)c1,False
COc1ccc(CC(O)c2cncc(C)c2)cc1OC,True
C#CCC(C)OC(=O)c1ccc2nncn2c1,False
CC(C)C(C)(O[SiH2]CC[SiH2]OC(C)(C(C)C)C(C)C)C(C)C,True
Cc1ccc(C(=O)Nc2ccc(Nc3nc(N4CC(N)CC(N)C4)nc(N4CC(N)CC(O)C4)n3)cc2O)cc1,False
CCC1CN(c2nc(Cl)nc3[nH]ncc23)CCN1C,False
CC1CC(NCCCn2ccnc2)CCO1,True
CSC.[B]Cl,False
Fc1cccc(F)c1-c1cccc2c1N(c1ccc(C3CNCCO3)nc1)CN=C2,False
CCCCCS(=O)ON,True
C=C(CC(C)(C)CC=O)C1(CCC=O)C=C(C(=O)OC)CCC1,False
CCCNCc1cnc(N(CC)c2ccccc2)c(Cl)c1,False
CNC(=O)c1cc(Nc2ccc3c(c2)SC(NC2CCCCC2)N3)ccn1.CO,False
CC1(CNS(=O)(=O)C2CCCNC2)CCC1,True
CCC(CC)CC(C)N(C)C(=O)C(=Cc1oc(-c2cc(OC)cc(OC)c2)cc1CCCNC)SC=S,False
CC(C)c1nccc2c(SN3CCN(C)CC3)cccc12.NCC=O,False
Cc1nn(Cc2ccccc2Cl)c(C)c1NC(=O)C=Cc1cnn(C)c1,False
CSc1cc(-n2c(-c3ccccc3)nc3ccc(C)nc32)ccc1NC=O,False
CC(C)(C)OC(=O)N1CCC(C(=O)Nc2ccc(C3OCCO3)cc2)CC1.CC(C)(C)OC(=O)N1CCC(COC(=O)Nc2ccc(C3OCCO3)cc2)CC1.COc1cc(CC(=O)OCC2CCN(C(=O)CCN3CCC(OC(=O)Nc4ccccc4-c4ccccc4)CC3)CC2)c(Cl)cc1C=O.COc1cc(Cl)c(NC(=O)OCC2CCN(C(=O)OC(C)(C)C)CC2)cc1OC.COc1cc(Cl)c(NC(=O)OCC2CCNCC2)cc1OC.COc1ccc(NC(=O)C2CCNCC2)cc1.COc1ccc(NC(=O)OCC2CCNCC2)cc1.O=Cc1ccc(CC(=O)C2CCN(C(=O)CCN3CCC(OC(=O)Nc4ccccc4-c4ccccc4)CC3)CC2)cc1.O=Cc1ccc(CC(=O)OCC2CCN(C(=O)CCN3CCC(OC(=O)Nc4ccccc4-c4ccccc4)CC3)CC2)cc1,False
CCC(CC)CCC(CC)OC(=O)CCCCCCCCC(=O)OCCCC(C)C,False
Brc1nn(C2CCCCO2)c2cc3c(cc12)CCC3,True
CC.CC(C)(C)CC1NCC(c2cccc(Cl)c2)C1C(=O)Nc1cccc(Cl)c1.O=CNC1CCCCC1,False
Cc1ccccc1CS(=O)(=O)Cc1cccc(CN)c1,True
CCCNC(COCCOCCC)(C(=O)O)C1CC1,False
COc1ccc(CN(C)C(=O)C(C)NC(=O)c2ccco2)c(OC)c1,False
Cc1ccc(OCCOC(=O)c2cc(S(N)(=O)=O)ccc2C)cc1,False
CNc1c(C(=O)Nc2ccc(Cl)cn2)oc2ccc(N)nc12,False
ISN1Cc2ccccc2C1,False
CC1(C)CN(c2cccc(Cl)c2)CCC1O,True
CNC(CC(C)(C)O)C(=O)O,False
CCc1ccc2c(C(=O)O)cn(C(N)=O)c2c1.CCc1ccc2c(C=O)cn(C(N)=O)c2c1,False
C#CCN(CC=O)c1cnc(N(CC)CC)nc1N(C)C,False
CCc1nncn1CCNC(=NC)NCCCOC1CCCc2ccccc21.I,True
CN(c1ccc(C2CC2N)cc1)N(C(=O)OCc1ccccc1)C(C=O)Cc1ccccc1,False
CC1(C)COCCN1S(=O)(=O)c1cc(CCl)cs1,True
C=CC(CC=CCC)CCO,True
COc1ccc(C(C=O)=c2ccc3c4c(ccc3c2OC)=C(c2ccc(OC)cc2)C(=O)O4)cc1,False
Cc1ccc2nc(NC(=O)NC(=S)n3c(C)nc4ccccc4c3=O)sc2c1,False
COc1ccc(NCc2ccc3nc(SC)sc3c2)c([N+](=O)[O-])c1,True
O=COc1cccc(NO)c1,False
C#Cc1c(-c2ccccc2)ccc(-c2ccc3c4c(cccc24)C(=O)N(c2ccccc2)C3=O)c1C=CC,False
CCCCc1ccc(-n2nc3cc(C)c(NC(=O)C=Cc4ccc(Cl)c([N+](=O)[O-])c4)cc3n2)cc1,False
CCOC(=O)c1ccc(N2CCN(C(=O)c3cc(C)cc(Br)c3O)CC2)nc1,False
COc1cc(OC)c(NC(=O)OC(C)(C)C)cc1CCl,False
CNc1ccc(-c2cn(C3CC3)c3ncnc(N)c23)cc1F,False
COc1ccccc1CCNc1nc(N)ns1,True
Cc1cc2c(C(=O)C(C)(C)C)c(O)c(O)cc2c(O)c1-c1c(C)cc2c(C(=O)C(C)(C)C)c(O)c(O)cc2c1O,False
COc1ccc2ccccc2c1CCNC1CCCn2nccc21,True
COc1cnn(C)c1C1=CC(N)CCCC1,True
CCCS(=O)(=O)N1CCCC1C(=O)N1CCC(C(C)N)CC1,False
C=C(c1cccc(OC)c1)S(=O)(=O)F,False
CC(CC(N)=O)NC(=O)NCCC(C)(C)C(=O)O,False
CC.CC(CCCCNC(=O)COCCOCCNC=O)NS.CCOCCOCCNC(=O)CCC(NC)C(=O)O.O=CCCCCCCCCCCCCCCC(=O)O.O=CS,False
CC(=O)c1cc(I)cc(C#N)c1C,False
COc1cc(CNCC2(O)CCC2)ccc1C(N)=NO,True
CCn1c(COc2cccc(F)c2)cc2cccc(CN)c21,False
O=CC1CCC(NC(=O)c2ccccc2)CC1,False
Clc1nc(-c2ccccc2)nc(-c2cccc(C34CC5CC(C3)C54)c2)n1,False
CC=Cc1ccc2n(c1=O)CC1C(CO)C(C(=O)N3CCCCC3)N(C(=O)CC3CC3)C21.CC=Cc1ccc2n(c1=O)CC1C(CO)C(C(=O)N3CCCCC3)N(C(=O)CC3CC3)C21,False
CC(C1CC1)N(C)CCOc1ccc(C#CCCO)cc1,True
COc1cnc2cccc(C(O)C(O)C3CCC(NCc4ccc5c(n4)NC(=O)CO5)CO3)c2n1,False
Cc1nn(C)cc1-c1cc(C(=O)N2CCN(Cc3ccccc3Cl)CC2)c2ccccc2n1,False
CC1C(NC2CC2)c2cccc(Cl)c2S(=O)(=O)C1C,True
COc1cc2[s+]c3ccccc3nc2c(C)c1C,True
CC(=O)OC1CC(O)CCC1(C)C1CCC2(C)C(CCC23OCCO3)C1C=O,False
CN=C(C=O)CC(N)=NCc1cccc(Cl)c1,False
C=CCN1CC(CC(=O)OC)n2c(=O)c(=O)[nH]c3cc(Br)cc1c32,False
COCCCOc1cc(CN(C(=O)CC(C)C)C2CC2)cc(OC)c1,False
C=CCNCCOCCOc1ccc(C(C)C)c(C)c1.O=C(O)C(=O)O,False
CCCCCCCCCCCCCCCCCCOc1cc(N=Cc2cc(O)c(C=O)cc2O)c(N=Cc2cc(O)c(C=Nc3cc(OCCCCCCCCCCCCCCCCCC)c(OCCCCCCCCCCCCCCCCCC)cc3N=Cc3cc(O)c(C=Nc4cc(OCCCCCCCCCCCCCCCCCC)c(OCCCCCCCCCCCCCCCCCC)cc4N=Cc4cc(O)c(C=O)cc4O)cc3O)cc2O)cc1OCCCCCCCCCCCCCCCCCC,False
CCCCCOc1ccc(-c2ccc(-c3ccc(C(=O)NC4CC(O)C(OCC[N+](C)(C)C)NC(=O)C5C(O)C(C)CN5C(=O)C(C(C)O)NC(=O)C(C(O)C(O)c5ccc(O)c(NC(=O)CCNC(=O)C(Cc6ccccc6)NC(=O)C(CC(C)C)NC(=O)C(CCSC)NC=O)c5)CC(=O)C5CC(O)CN5C(=O)C(C(C)O)NC4=O)cc3)cc2)cc1,False
CC12CC(CO)C(O)CC1CCC1C2CCC2(C)C1CCC2(C)O,True
CC(C)CCCC(C)C1CCC2C3CC=C4CC(OC(=O)CC[P+](=O)OCC=O)CCC4(C)C3CCC12C,False
CCCn1ccc(CNC2CC=CC2)c1,False
O=C(c1cccc(-n2cccc2)c1)N1CC(=O)N2CCc3ccccc3C2C1,False
Cc1nc2cc(CCC=O)ccc2n1C,False
COCCNC(=O)C1CCC2CCCCC2N1,False
CCCP(=O)(O)OP(C)(=O)O,True
CC(CNC(=O)OCC1c2ccccc2-c2ccccc21)CC(=O)NC(C(=O)O)C1CCC1,False
CCCCCCCOc1c(Cl)cc(Cl)cc1CNC(C)C,True
CCn1nc(C)c(Cl)c1CNCCC(N)=O,False
CCOC1CCN(C(=O)c2cc(N)cn2C)CC1,False
Cc1c(C)c(C)c(S(=O)(=O)NCCC(=O)OC(C)C(N)=O)c(C)c1C,False
COC1C(N(C)CC(=O)O)Cn2c3ccccc3c3c4c(c5c6ccccc6n(c5c32)C1OC)CNC4=O,False
C.C.C.C.C.C.C.C.C.C.C.C.C.C.C.CCC1OC(n2cc(C)c(=O)[nH]c2=O)CC1OP([O-])(=S)OCC1OC(n2cc(C)c(=O)[nH]c2=O)CC1OP(=O)([S-])OCC1OC(n2cc(C)c(N)nc2=O)C(OCCOC)C1OP(=O)([O-])OCC1OC(n2cc(C)c(=O)[nH]c2=O)C(OCCOC)C1OP([O-])(=S)OCC1OC(n2cc(C)c(N)nc2=O)C(OCCOC)C1OP([O-])(=S)OCC1OC(n2cc(C)c(N)nc2=O)C(OCCOC)C1O.CCC1OC(n2cnc3c(N)ncnc32)CC1OP([O-])(=S)OCC1OC(n2cc(C)c(=O)[nH]c2=O)CC1OP([O-])(=S)OCC1OC(n2cc(C)c(=O)[nH]c2=O)CC1OP([O-])(=S)OCC1OC(n2cc(C)c(N)nc2=O)CC1OP([O-])(=S)OCC1OC(n2cnc3c(N)ncnc32)CC1OP([O-])(=S)OCC1OC(n2cc(C)c(=O)[nH]c2=O)CC1OP([O-])(=S)OCC1OC(n2cnc3c(=O)[nH]c(N)nc32)CC1OP([O-])(=S)OC.COCCOC1C(OP(=O)([O-])OCC2OC(n3cc(C)c(=O)[nH]c3=O)C(OCCOC)C2OP(=O)([O-])OCC2OC(n3cc(C)c(=O)[nH]c3=O)C(OCCOC)C2OP(=O)([O-])OCC2OC(n3cnc4c(N)ncnc43)C(OCCOC)C2OP(=O)([O-])OCC2OC(n3cc(C)c(=O)[nH]c3=O)C(OCCOC)C2OP(=O)([O-])OCC2OC(n3cc(C)c(=O)[nH]c3=O)CC2OP([O-])(=S)OC)C(COP([O-])(=S)OC2C(CO)OC(n3cnc4c(=O)[nH]c(N)nc43)C2OCCOC)OC1n1cc(C)c(N)nc1=O.[Na+].[Na+].[Na+].[Na+].[Na+].[Na+].[Na+].[Na+].[Na+].[Na+].[Na+].[Na+].[Na+].[Na+].[Na+].[Na+].[Na+].[Na+].[Na+],False
CCCCOC(=O)COC1CCC(C(C)(C)C2CCC(C(C)CC)CC2)CC1.CCCCSOC(=O)CC,False
O=Cc1c(O)cncc1O,False
COC(=O)C1CCc2oncc21,False
CC(NC(=O)C(Cc1c[nH]c2ccccc12)NC(=O)C(CCC(N)=O)NC(=O)CN(C)S(=O)c1ccc([N+](C)(C)C)c(N)c1)C(=O)NC(C(N)=O)C(C)C,False
CCCCCCCCCCCCCCCCCC=O.O.O=S(=O)(O)O.[Cr],False
CC=CCCNC(C)(CN)Cc1ccc(Br)cc1,False
COCCC#N.I,True
FC(Cl)C(F)(F)C(F)(Br)C(F)F,True
CC(C)(CCC(=CCO)c1ccc(F)cc1)[Si](C)(C)O,False
CCC1C(CO)CCN1C=O,False
C=CC.C=NC(=CN(C)CN(C)CC(CC)N(C)C(=O)OC(C)(C)C)CN(C)C1CCCc2cccnc21,False
CS(=O)(=O)C(O)c1cc(C(F)(F)F)cc(Cl)c1F,False
CC1Cc2cc(C(N)=O)ccc2N(C)C1C1CC1.CC=O.Cc1ccc(N)cn1,False
c1ccc(-c2cccc(-c3nc(-c4ccccc4)nc(-c4cccc5c4-c4cc(-c6nc(-c7ccccc7)nc(-c7ccccc7)n6)ccc4C54c5ccccc5Oc5ccccc54)n3)c2)cc1,True
CCCCCCCCCC(=O)C(C=O)OS(=O)OC,False
COC(=O)CC(O)CNC(=O)CNC(=O)C(CS)NC(=O)C(CCc1ccc(O)cc1)NC(=O)CCCNc1cccc2c1C(=O)N(C1CCC(=O)NC1=O)C2=O,False
CC(=CCCC(C=O)=CC=CC1=CC(=O)OC1O)CCC1=C(C)CCCC1(C)C,False
C.C.O=C(O)C(=O)c1ccccc1.O=C=O.O=Cc1ccccc1,False
CN1CCN(C(=O)c2ccnn2C)CC1c1nnn2cc(-c3ccncc3)ccc12,False
CON=C(C(=O)NC1C(=O)N2CC(CSC)(C(=O)OC(C)(C)C)CSC12)c1csc(NC=O)n1,False
CN(C(=S)Nc1ccc(N=Nc2ccccc2)cc1)C1CCCCC1,False
Brc1ccc(C=Nc2ccccc2)c(OCc2ccccc2)c1.C.CC1C(c2ccccc2)OC(C)(SC2C(=O)N(c3ccccc3)C2c2ccc(Br)cc2OCc2ccccc2)C(=O)N1C.CC1C(c2ccccc2)OC(C)(SCC(=O)O)C(=O)N1C.COC(=O)C1SC(=O)N(c2ccccc2)C1c1ccc(Br)cc1OCc1ccccc1.Nc1ccccc1.O=C1C(S)C(c2ccc(Br)cc2OCc2ccccc2)N1c1ccccc1.O=Cc1ccc(Br)cc1O,False
COc1ccc(CN)cc1.O=Cc1ccccc1,False
CCC(N)C(=O)N1CC(CO)OCC1C,False
Cc1nn(C)c(C)c1-c1cccc(C(=O)NCc2nc3ccccc3[nH]2)c1,False
CCn1c(CNC(=O)c2n[nH]c3c2CCC3)nc2ccccc21,False
COc1ccccc1N(C)CC1(C=O)CCCOC1,False
COc1cccc(N2CC(C(=O)OCC(=O)NC(=O)NCc3ccco3)CC2=O)c1,False
CC1(C)CC(CC(=O)OCCCCOC(=O)NC2CC(C)(C)CC(C)(COC#N)C2)CC(C)(CN=C=O)C1,False
O=C(CSc1nc2sc3c(c2c(=O)n1-c1ccccc1)CCCC3)Nc1ccc2nc(SCC(=O)NC3CC3)sc2c1,False
[BH]SOC1CC2=CC=C3C4CC=C(C(C)CCC#N)C4(C)CCC3C2(C)C(OS[BH])C1.[BH]SOC1CC2=CC=C3C4CC=C(C(C)CCC=O)C4(C)CCC3C2(C)C(OS[BH])C1,False
CCc1cccnc1C(=O)c1ccc(C2CCC2)cc1,False
CC#N.CC(C)=O.[Fe],False
CC(CN)Oc1cccc([N+](=O)[O-])c1,True
CC1CCC(O)C(OCC(F)F)C1,False
Cc1ccc(CCC(=O)N2CCCC2CCCBr)cc1,False
CCN1C(=O)SC(=Cc2cc(Cl)c(OCc3cccc4ccccc34)c(Cl)c2)C1=O,False
CCOc1ccc(-c2occ3c(OCc4ccccc4)c(C=O)ncc23)cc1,False
Cc1csc(COC=O)n1,False
CN(CCCN(C)c1nc(-n2ccnc2)ns1)Cc1ccc2c(c1)OCCO2,True
CCN1CCCC2COc3cc(C(F)(F)F)ccc3C21,False
CCCCN1CC(CC)(CC)NC(CCC)(CCC)C1C=O,False
O=C(NCC1C=C(c2ccc(-c3ccccc3CN3CCCCCC3)cc2)NO1)c1ccc(Cl)s1,False
COc1ccc(C(=O)OCC(=O)Nc2cccc(Cl)c2)c(OC)c1OC,False
N#CCCCCN1CCn2c(nnc2-c2ccccc2)C1,False
O=C(NC(Cc1ccccc1)c1cc(-c2ccccc2)c2ccccc2n1)OCc1ccccc1,False
COc1ccc(C=Cc2cccc(Cl)c2Cl)cc1.O=Cc1cccc(Cl)c1Cl,False
O=C(CN1CC2CCCNC2C1)NCc1ccc(Cl)cc1,False
Oc1ccc2c(c1)CCC(c1ccccc1)C2c1ccc(Oc2ccc(N3CCNCC3)cn2)cc1,True
O=C(NC1CC2COC(c3ccc(Cl)cc3)CN2C1)c1cccn2cnnc12,False
CCC(=CCNC(C)C(=O)N(CC)CC)C(=O)OC,False
CCOC(C)CNC(=O)CNCC1CC1,False
Cc1ccccc1C=NC1CCCCC1N=Cc1ccccc1P(c1ccccc1)c1ccccc1.Cc1ccccc1C=O.ClCCl.NC1CCCCC1N.O=[S](O)(=[Mg])OO,False
COc1cccc(COc2nn(Cc3cccc(F)c3)c(N)c2C#N)c1,False
CCC(C)CCC(C)C(=O)C=O,False
Cn1ccnc1Cc1cccc2c1CCC2=O,False
CCCC(C)(C=O)CN(CC1CC1)C1CC1,False
CC(C)C(CCCCCCCc1ccccc1)C(=O)[N+]1(C=O)CCCC1C,False
COc1cccc(N2CC(C)(O)CNCC2C)c1,True
CCOc1ccc(CNCC=O)cc1C,False
CC(NCCCOC1CCOC1)C1(C)CC1,True
Cn1cc(NNC=O)c2ccccc21,False
O=Cc1ccccc1S(=O)c1ccc(Cl)cc1,False
CN(CCn1ncc2c(-c3ccnn3C)ncnc21)Cc1ccc(F)cc1,False
CC1(C)c2ccccc2-c2ccc(-c3ccc(N(c4ccccc4)c4ccc5c6ccc7ccccc7c6n(-c6ccccc6)c5c4)cc3)cc21,False
C=C(Nc1ncc[nH]1)c1ccc(NCC2(c3ncccc3F)CCC2)nn1,False
C.C.Cc1cccc(-c2nc3ccc(-c4ccc5nc(C)[nH]c5c4)cc3[nH]2)c1,False
Cc1ccc(C(=O)N2CCN(c3ccc(Nc4ccccn4)nn3)CC2)cc1,False
CN.COc1c(NC2CCN(Cc3ccc(-c4nc5ccn(C=O)c(=N)c5cc4-c4ccccc4)cc3)CC2)c(=O)c1=O,False
COc1ccccc1OC(C)(C)C,True
CCN1C(=O)CC(SN2CCCC2C=O)C1=O,False
C#CC.C#CC(C)(C)O.C=C.C=C.CC#CC.CC(C)(C)[O-].CC=O.CC=O.CCCC.CCCC.CCCCC.CCCCC.[CH3-].[K+].[Na+].[OH-].[Pd],False
CC1CCCC2(CC[N+]3=C(N2)NC2(CCCC(C)O2)CC3)O1.c1ccc([B-](c2ccccc2)(c2ccccc2)c2ccccc2)cc1,True
O=C(O)c1ccc(CN2CC(=O)N3CCCCC3C2=O)s1,False
CC=C(OS(=O)(=O)C(F)(F)F)C(=CC)S(C)(C)C,False
CC.CC=C(N=C(C)C)c1ccccc1CC.Cc1cccc(Cl)c1,False
Cc1cc(C=CC(=O)O)ccc1N1CCCC(C)C1C,False
C=c1c2c(C=CC)c(CC)sc2c2cccc3c(-c4nc(C5=CCCC=C5)nc(-c5ccccc5)n4)cc(CC)c1c32,False
O=C(O)CCCCCCCCC(=O)OCC(COC(=O)CCCCCCCCC(=O)O)(COC(=O)CCCCCCCCC(=O)O)COC(=O)CCCCCCCCC(=O)O,False
CC(C)c1nnc(C(=O)N2CCc3[nH]cnc3C2c2cc3cccc(C#N)n3n2)o1,False
NC(=O)C1CC2CCC1(c1ccncc1)O2,False
COc1ccc(C)c(C(=O)CCl)c1Cl,False
CC(C)c1cnc(-c2ccc(F)cc2N)[nH]1,False
C=CC=CC=CC=C1C=CC=Cc2ccccc2C12c1cc(-c3ccc(CC=CC=C(C=CNC)c4ccccc4)cc3)ccc1-c1cc3ccccc3cc12.Cc1ccccc1,False
CCC1CCCCCN1c1ncc(Br)cc1CNC1CC1,False
CCC(C(=O)c1ccc(O)cc1)N1CC=C(c2ccc(Cl)cc2)CC1,False
C=C(C=c1c(-c2cc3c(N4CCCCC4)ccnc3[nH]2)n[nH]c1=CC)c1cncc(CNCc2ccccc2)c1,False
O=C(O)c1ccc(N=NS(=O)(=O)c2ccccc2)cc1,False
COC(=O)C=Cc1cc(I)c(OC)c(C=O)c1,False
CC1(C)C2CCC1(CS(=O)(=O)[O-])C(=O)C2.c1ccc2c(-c3cc(-c4cccc5ccccc45)c([S+](c4c(-c5cccc6ccccc56)cc(-c5cccc6ccccc56)cc4-c4cccc5ccccc45)c4c(-c5cccc6ccccc56)cc(-c5cccc6ccccc56)cc4-c4cccc5ccccc45)c(-c4cccc5ccccc45)c3)cccc2c1,False
COC1(c2noc(CC(=O)C3CC3)n2)CCCCCC1,False
O=CC(C(=O)O)(c1ccccc1)[N+](=O)[O-],False
CC(=O)OCc1ccc(OC2CC(O)CC(C(=O)O)O2)cc1OCCCNC(=O)CCCCCN(C)C(=O)C=CC=O,False
Clc1cccc(-c2nc3ccc(NC4CCCC4)nc3o2)c1,True
c1cnc(NCCc2ncc[nH]2)cn1,False
Cn1nccc1C(=O)N1CCC2(CC(Nc3ccccn3)CCO2)C1,False
CCCCCCCCOc1ccc2c(c1)OCC21CCN(CCCC(=O)O)CC1,False
CCOc1cc(C=NOCc2ccccc2C#N)cc(Cl)c1OCc1ccc(F)cc1,False
COc1ccccc1S(=O)(=O)NC1CCC(CCn2cc(C3CC3)nn2)OC1CO,True
CC.CC(C)(C)CP.CC(C)N(C=O)C(C)C,False
CC=Cc1c(N)n(-c2ccc(-c3ccc(-n4c5ccccc5c5ccccc54)cc3)cc2)c2cc3c(cc12)C(C1=[N+]=CC=C1)(c1ccccn1)c1ccccc1-3,False
COc1ccc(-n2nc(C(=O)NC(C)c3ccc4c(c3)OCCO4)c3c4ccccc4n(C)c3c2=O)cc1Cl,False
CC(C)=C1OCN(c2ccc(CN)cc2)C1C(=O)C=O,False
COc1ccc(CN2C(=O)CC2(Cc2ccccc2)C(=O)OC(C)(C)C)cc1,False
COc1nccc(N(C)C)c1NC(C)c1ccc(F)cc1,False
CC1(c2nc3ncccc3[nH]2)CCCS1,False
CCCCN(C(=O)c1cnccc1Cl)C(C)CC,False
CC(C)C(C)(C#N)NC(=O)CN(CCC#N)CCN1CCOCC1,False
O=Cc1ccncc1N1CCc2cc(Cl)ccc2C1=O,False
CC1CC(C(=O)N2CCSCC2C)CCN1.Cl,False
Cc1ccc(OCCCC(CCCOc2ccc(C)cc2)(CCCOc2ccc(C)cc2)c2cc(C(CCCOc3ccc(C)cc3)(CCCOc3ccc(C)cc3)CCCOc3ccc(C)cc3)cc(C(CCCOc3ccc(C)cc3)(CCCOc3ccc(C)cc3)CCCOc3ccc(C)cc3)c2)cc1.F[P-](F)(F)(F)(F)F.F[P-](F)(F)(F)(F)F.F[P-](F)(F)(F)(F)F.F[P-](F)(F)(F)(F)F.F[P-](F)(F)(F)(F)F.F[P-](F)(F)(F)(F)F.F[P-](F)(F)(F)(F)F.F[P-](F)(F)(F)(F)F.F[P-](F)(F)(F)(F)F.[CH]1[CH][CH][CH][CH]1.[CH]1[CH][CH][CH][CH]1.[CH]1[CH][CH][CH][CH]1.[CH]1[CH][CH][CH][CH]1.[CH]1[CH][CH][CH][CH]1.[CH]1[CH][CH][CH][CH]1.[CH]1[CH][CH][CH][CH]1.[CH]1[CH][CH][CH][CH]1.[CH]1[CH][CH][CH][CH]1.[Fe+2].[Fe+2].[Fe+2].[Fe+2].[Fe+2].[Fe+2].[Fe+2].[Fe+2].[Fe+2],False
CC1C(N)C(CO)CN1C=O,False
CC(=O)C(=Cc1ccc(Cl)c(Cl)c1)C(=O)NCCCc1ccccc1,False
CCCCCOc1cc(N2CCCN(Cc3ccnc4c3c(C)cn4C(=O)OC(C)(C)C)C2=O)ccc1OC,False
CCN1C(=O)NC2CSC(CCCCC(=O)NCCOCCOCCOCCO)C21,False
O=Cc1ccc(OCC(=O)Nc2cccc(Cl)c2Cl)cc1,False
CCC(CC)(CN)C(=O)Nc1cccc2cc(Br)cnc12,False
CC(C)C(C=O)NC(=O)C1(C)CCCN1C,False
CCCOC(=O)c1ccc(NC(=O)COC(=O)c2ccccc2C)cc1,False
CC1CC2CC(C)CC(c3ccc(-c4nc(-c5ccccc5)nc(-c5ccc(-c6ccc7oc8c(C#N)cccc8c7c6)cc5)n4)cc3)(C1)C2,True
CS(=O)(=O)N(c1ccccc1)C(C(=O)OC1CN2CCC1CC2)c1ccccc1,False
C=CCn1c(=O)c2cnc(Nc3ccc4c(c3)CC(=O)NC43CC3)nc2n1-c1cccc(C(C)(C)C)n1,False
COc1cc2nn(-c3cnc4cccnn34)cc2cc1C(=O)NC1CCC(n2ccnn2)CC1,False
CC(C)c1cc(C(=O)N2CCN(C(=O)OC(C)(C)C)C(C(C)C)C2)nnc1-c1nc(-c2ccccc2)co1,False
C=C(C)C1CCC2(COC(=O)CCCC[P+](c3ccccc3)(c3ccccc3)c3ccccc3)CCC3(C)C(CCC4C5(C)CCC(OC=O)C(C)(C)C5CCC43C)C12.[Br-],False
CCOC(=O)C1=C(n2ccc(C=O)c2)C(=O)N(Cc2ccccc2)C1,False
CCC=CC(N)(CC)CC,False
CCCC(C)(CC)C(=O)c1cc2c(cc1C(C)C)CCC1C(C)(C=O)CCCC21C,False
CC[n+]1c(N)cc(N)nc1SCC1(C(=O)[O-])CSC2C(NC(=O)C(=NOC)c3nsc(N)n3)C(=O)N2C1,False
CC=C(C(=O)O)C(=CC)C(=O)Nc1ccc(Cc2ccc(NC)cc2)cc1,False
COCCN1C2=CCCCC2=Nc2c1nc(N)[nH]c2=O,False
Cc1csc(-c2ccc(OCC(=O)NCCC(C)C)cc2)n1,False
CCOC(C)(C=O)OCCc1ccccc1,False
NNC(CC1CCOC1)c1ccc2ncccc2c1,True
NC(=O)C(Cc1c[nH]c2ccccc12)NC=O,False
CC1(C)OB(c2cc(N3CCOCC3)ccc2C2CC2)OC1(C)C,True
Cc1ccc(S(=O)(=O)NC(C(=O)NC(Cc2ccccc2)C(=O)O)C(C)(C)C)cc1,False
CCC(C)(SC)C(=O)N(C)CN=O,False
CCOC(=O)C1=C(C)N=c2sc(=Cc3cccc(OS(=O)(=O)c4ccccc4)c3)c(=O)n2C1c1ccc(Cl)cc1,False
CC(OC(=O)C(Cc1ccccc1)NC(N)=O)C(=O)NC1(C#N)CCCCC1,False
CCC(CNc1cccc(C#N)c1[N+](=O)[O-])C(=O)O,False
N#Cc1nc(N)cc(OC(F)(F)F)c1C(F)F,False
Cc1cc(CN(C)C(=O)C(CC(C)C)N2C(=O)C3CC=CCC3C2=O)no1,False
COCCNCc1ccccc1Oc1ccc(C)cc1,True
CC.COc1cccc2c(C(C)C)cc(C(C)C)nc12,True
NOCc1ccc(CF)cc1,False
CC(=O)C(C)C(C(C)C)C1CC1.CC=O.CCC(C)CC1(CC)CCCN(C(C(=O)NC(Cc2nc(-c3ccc4c(c3)c(CC(C)(C)CC)c(-c3cccnc3C(C)OC)n4CC)cs2)C(=O)N2CCCCN2)C2CCCC2)C1.CCCC,False
COC(=O)C(N)CC1Cc2cc(C)ccc2O1,False
C=CC(O)CCC1C(=CC)CCC2C1CCC1(C)C(=CC)CCC21,True
CCNC(C)Cc1cc2ccccn2c1,False
CC1(C(=O)O)CCCN1C(=O)C1(N)CCCCC1,False
CCC(C=O)c1ccc(S(N)(=O)=O)cc1,False
CCC=CCC=CCC=CCC=CCC=CCC=CCCC(=O)CCCCOC(=O)c1cc(NC(=O)CCC=CCC=CCC=CCC=CCC=CCC=CCC)ccc1OC(=O)CCC=CCC=CCC=CCC=CCC=CCC=CCC.CCC=CCC=CCC=CCC=CCC=CCC=CCCC(=O)Nc1ccc(C)c(C(=O)O)c1.CCC=CCC=CCC=CCC=CCC=CCC=CCCC(=O)Nc1ccc(O)c(C(=O)OCC)c1.CCC=CCC=CCC=CCC=CCC=CCC=CCCC(=O)Nc1ccc(OC(=O)CCC=CCC=CCC=CCC=CCC=CCC=CCC)c(C(=O)O)c1.CCC=CCC=CCC=CCCCCCCCC(=O)Cc1ccc(O)c(C(C)=O)c1,False
CN1CCC(N(C)CCN(C)C(=O)C(N)CC(N)=O)CC1,False
Nc1cccc2c1N(C(=O)C=Cc1ccccc1)CC2,False
CCOC(=O)Cc1ccc(C=CC=O)cc1,False
CCC(CC)COC(=O)C(C)CP(=O)(Oc1ccccc1)Oc1ccc([N+](=O)[O-])cc1,False
CC(=Cc1ccc(O)c2ccccc12)CCC1OB(O)CC2C1=C(C)CC1C(=O)N(CCCCCC(=O)O)C(=O)C12,False
CN(C)c1ccc(C=NNc2nc(SCC(=O)NCc3ccccc3)n[nH]2)cc1,False
CCC1(CC)CCN(c2nc(CNCC(C)C)co2)C1,True
CC1(O)OC1c1cccc(C(F)(F)F)c1,False
COc1ccc(S(=O)(=O)N2N=C(c3c(-c4ccccc4)c4cc(Br)ccc4[nH]c3=O)CC2c2ccco2)cc1,False
CNC(C)C(=O)N(S)C=O,False
Cc1cccnc1COc1ccc2c(-c3ccc4c(c3C)CCCO4)c(C(OC(C)(C)C)C(=O)O)n(C)c(=O)c2c1,False
CC(=O)N1CC(C)(N2C(=O)c3cccc(N)c3C2=O)C1,False
CC=CC(=O)N(C=O)CC(COCCOCCOCCOCCOCCC(=O)O)(CN1C(=O)C=CC1=O)CN1C(=O)C=CC1=O,False
CN(C)c1ccc(C(=O)n2cc(C=O)c3ccccc32)cc1,False
C=CC(C)(C)n1cc(C)c2ccccc21.CC(C)C.CC(C)CC(C(=O)O)N(C=O)CCC=CCC(C)N(C)C.CN(CC=O)C(=O)CN.CNCC=O.Cc1ccc2ncncc2c1.Cc1ccccc1.NCC=O.NCC=O,False
C#CCC(N)C(=O)c1ccc(Cl)cc1Cl,False
N#CC1(C(=O)Nc2cccc(Cl)c2)CCCC1,False
CCCCCCCC=CCCCCC=CC=CC=CCCC(=O)O,False
COCCCN1C(=O)C(=O)C(=C(O)c2ccc(OCc3ccccc3)c(C)c2)C1c1cccnc1,False
COc1cc(N2CCC(N(C)C)CC2)ccc1N1c2cc[nH]c2CN(S(=O)(=O)C2CC2)C1N,True
CC(C)c1ccc(OCC(=O)NNC(=S)NC(=O)Cc2ccc(Cl)cc2)cc1,False
C=CCN(C(=O)N(CCC)CC(=O)O)C(C)(C)C,False
Cc1cc(-c2ccc3nc4n(c3c2)C(c2ccccc2)COC4)cnc1OC(C)C,True
CC(=NCC12CC3(C)CC(C)(C1)CC(OCCN(C)C(=O)OCc1ccc(NC(=O)CNC(=O)C(NC(=O)CCCCCN4C(=O)C=CC4=O)C(C)C)cc1)(C3)C2)C(=CN)c1ccc(-c2ccc3cncc(C(=O)Nc4nc5ccccc5s4)c3c2)nc1C(=O)O,False
COc1ccc(C(=O)NCCn2cc(SCC(=O)Nc3ccc(Cl)c(Cl)c3)c3ccccc32)cc1OC,False
CCCCOC(=O)c1ncc(Cl)c(Cl)c1C(=O)O,False
CC(C)(C)c1cc(-c2ccccc2SCCCCSc2ccccc2-c2cc(C(C)(C)C)cc(C(C)(C)C)c2O)c(O)c(C(C)(C)C)c1.Cc1cc(-c2ccccc2SCCCCSc2ccccc2-c2cc(C)cc(-c3cccc4ccccc34)c2O)c(O)c(-c2cccc3ccccc23)c1.Cc1cc(-c2ccccc2SCCSc2ccccc2-c2cc(C)cc(-c3cccc4ccccc34)c2O)c(O)c(-c2cccc3ccccc23)c1,True
CCC(Oc1cc(C)ccc1C)C(NC)c1ccccc1,True
CC(=O)N(CC1CN(Cc2ccc(Cl)c(Cl)c2)CCO1)Sc1ccc2cc(C(=O)O)ccc2c1,False
CC.CC.CC=CN=C(c1cccnc1)N(C)C=C(C)C(=O)NC,False
COc1ccc(CCNC2CCN(C)CC2)cc1OC.O=C(O)C(=O)O,False
CC(NC(=O)c1ccoc1)C(=O)NCCNc1nc2ccccc2s1,False
Cc1cccc(SCC(NN)c2cc(C)cc(C)c2)c1,False
CCC(CO)NC(=O)NCCc1c[nH]c2cc(C)ccc12,False
C=C=CC(=O)O[SiH](c1ccccc1)C1CCCCC1,False
COc1ccc(OC)c(C(O)CNCc2ccccc2C(F)(F)F)c1,False
C=C(CC)C(=O)OC(C)C(C)(C)C(C)C,False
C=C.CC=Cc1ccc(O)c(C(N)=O)c1.CC=Cc1ccc(OCc2ccccc2)c(C(N)=O)c1.COc1ccc(C=O)cc1C#N.COc1ccc(C=O)cc1C(N)=O.NC(=O)c1cc(C=O)ccc1O,False
O=C1NC(=O)C2(Cl)C3(Cl)C=CC(Cl)(C3(Cl)Cl)C12Cl,False
CC[Si](CC)(CC)OC(C)(C=CC1CC=CC(=O)O1)C(CC(C#CI)O[Si](C)(C)C(C)(C)C)OCc1ccc(OC)cc1,False
O=C(O)c1ccc(C(CCCCCCO)c2ccc(Br)cc2)cc1,False
O=[N+]([O-])c1cccc(OCCCN2CCC(O)CC2)c1,True
CCNC(COCC1CCCC1)c1ccccc1,True
COc1ccc(-c2cc(OC)c(-c3ccc(-c4ccc(-c5ccc(-c6cc(OC)ccc6OC)cc5)cc4)cc3)cc2OC)cc1,True
CC.Cc1oc(=O)oc1C,False
N#CC(C(=O)NC1CCN(c2ncccn2)CC1)C1(c2oc(CO)cc(=O)c2O)CCOCC1,False
CC(=O)C(=O)Nc1cc2ccccc2cc1NC(=O)c1cc2cc(Cl)ccc2[nH]1,False
CC1CCCn2c1nc(-c1ccccc1)c2-c1ccccc1,False
CC1CC(C)(C)CCC1N1CCSCC1CC(=O)O,False
CC=CC(=O)N(C(C)=O)C(C)(C)CC(C)O,False
CC1(C(=O)NCCCCNC(=O)C2(C)CC2(Br)Br)CC1(Br)Br,False
CC=CCCC(=O)CC(O)CCNC(C)=O,False
COc1c[c-]cc(C)c1OC.[CH3-].[Y],True
CN(CCC=O)c1ccnc2ccccc12,False
Cc1cc2c(-c3ccccc3)cccc2[cH-]1.Cc1cc2c(-c3ccccc3)cccc2[cH-]1.Cl.Cl.[In].[Zr+2],False
O=CNc1ccc(C(=O)NCc2ccco2)cc1,False
N#[N+]c1ccc([O-])cc2cccc1-2,True
CCCc1nc(C=O)c2cc(OC)ccn12,False
Cc1[nH]c2ccc(F)cc2c1Cc1cc2c(cc1F)S(=O)(=O)C=CC2(F)F,False
CCn1nc(C)cc1C(=O)Nc1nc2cc(C=O)cc(OC)c2n1CC=CCn1c(NC)nc2cc(C(N)=O)cc(OCCCNC)c21,False
CC(C=O)Cc1cccc(Cl)c1CC(=O)O,False
CC(=O)Nc1cc(C)c(C(Br)C=O)c(C)c1,False
CN1c2cc3c(cc2N(c2ccccc2)C1(C)C)nc1cc(Cl)ccc1[n+]3-c1ccccc1,False
CC(CCC=O)NC(=O)c1ccc(-c2ccc(NC(=O)c3ccco3)cc2)cc1,False
COCCC(C)NCc1ccccc1COC,True
N#Cc1cccc(N2c3cc(C#N)ccc3B3c4ccc(C#N)cc4N(c4ccccc4)c4cc(C5CCCCC5)cc2c43)c1,False
COC(C)(C)CC(N)Cc1cc(F)ccc1F,False
C=CCCOC(=O)N(CCOCCO)C1CC(=NOC2CCCCO2)C2=CC(CCCCO)C(CCCCO)C3c4cc(OCCN5CC5)ccc4OC1(OCC=C)C23,False
COc1ccc(CCC2=CC(=O)CCC2)cc1,False
CC(C)=CCCC(C)=CCC(CC(C)CCC=C(C)C)OP(=O)(O)OP(=O)(O)O,True
CCCN.CNc1nc2c(s1)CCCC2,False
CCNc1c(N)cnn1CC(=O)O,False
O=C(COC1CCC2C(=O)C(c3ccc(Cl)cc3)=COC2C1)c1ccccc1,False
CN(CCS(C)(=O)=O)c1ccc(CN)c(Br)c1,True
CC(C)(C)c1cc(C(=O)Nc2ccc(CN)c3ccccc23)n(Cc2ccccc2)n1,False
CCCCNC(=O)c1cc(-c2cnn(CC)c2)nc2ccccc12,False
CCC=C(CC(C)(C)C)N1CC(C)(C)CC1C=O,False
CCOC(=O)CNC(=O)CSc1nnc(-c2cccnc2)n1-c1ccc(Cl)cc1,False
CC(C)c1ccc(C(C)C)cc1.CCCCc1ccc(C(C)C)cc1.CCCN(CCC)S(=O)(=O)c1ccc(C(C)C)cc1.CCCOc1ccc(C(C)C)cc1.COCCOc1ccc(C(C)C)cc1.COCCOc1ccc(C(C)C)cc1OC,True
CN1CCCN(c2ccc(C(=O)Nc3ccc(Cl)c(-c4nccc5ccccc45)c3)c(Cl)c2)S1(=O)=O,False
CCCCOC(=O)c1cc2c(cc1C)-c1nc-2nc2[nH]c(nc3nc(nc4[nH]c(n1)c1cc(C(=O)OCCCC)c(CCCC)cc41)-c1cc4c(cc1-3)-c1nc-4nc3[nH]c(nc4nc(nc5[nH]c(n1)c1cc(C(=O)OCCCC)c(CCCC)cc51)-c1cc5c(cc1-4)-c1nc-5nc4[nH]c(nc5nc(nc6[nH]c(n1)c1cc(C(=O)OCCCC)c(CCCC)cc61)-c1cc(CCCC)c(CCCC)cc1-5)c1cc(CCCC)c(C(=O)OCCCC)cc41)c1cc(CCCC)c(C(=O)OCCCC)cc31)c1cc(CCCC)c(C(=O)OCCCC)cc21,False
C=C(NC1CCCCC1C)c1cccc(C)c1Cl,False
CC=CNC(CNC(=O)C(CSC)NC)C(N)=O,False
O=C(O)OC1CCCCCC(NP)C1,False
C=C(C)C1CC2(C)CCC(C)(C)C2C1CC(C)=CC,False
CCC1(CC(=O)O)CC(c2cccc(Cl)c2)C(c2ccc(Cl)cc2)N(C(CNS(=O)(=O)c2cccs2)C2CC2)C1=O,False
FC(F)(F)CCCNc1ccccn1,True
CCOC(=O)NC1C(O)OC(CO)C(O)C1OC(C)C(=O)NC(C)C(=O)NC(CCC(=O)O)C(N)=O,False
CCCCCC(=O)OC12C(O)C(C)C3(O)C(C4OC4(CO)C(O)C4(O)C(=O)C(C)=CC43)C1C2(C)C,False
COC1CC[Si]2(CCCOC2(OC)OC2CCCO2)O1,True
Cc1c(Cl)nc(C(C)C)nc1Oc1cnn(C(C)C)c1,True
CCCCCCCOC(=O)c1ccc(N)cc1,False
C=C(CN(C)CCOC(C)C)C(=O)O,False
COCCNC(=O)C1COC2(CCN(C(=O)c3ccco3)CC2)N1C(=O)c1ccccc1,False
C1=CN(Cc2cccc(C3CCCC3)c2)Cc2[nH]cnc21,False
Cn1cccc1-c1noc(CNC(=O)c2cc(=O)[nH]c3ccccc23)n1,False
C=C(C(=O)OCC)S(=O)(=O)c1ccccc1N(C)C,False
CN(C)c1ccc2c(c1)OC(N)=C(C#N)C2c1ccc(F)c(C(F)(F)F)c1,False
COc1c(Cl)cc(C=Nc2ccc(C)cc2)cc1Cl,True
CC(C)(C)C(N)C(=O)N1CC(O)CC1C(=O)NCC#Cc1ccc(Cl)cc1,False
CCOC(=O)c1cnn(-c2ccc(N(C)C)nn2)c1C,False
CCNC(=NCc1ccc(N2CCCCCC2)nc1)NCCCOCC1CCOC1.I,True
COCCCc1cc(C=Cc2cc(-c3cncn3C)nc3cc(Cl)c(CCC#N)cc23)ccn1.Cc1cc(C=Cc2cc(-c3cncn3C)nc3cc(Cl)c(CCC#N)cc23)n[nH]1.Cc1cc2nc(-c3cncn3C)cc(C=Cc3cncnc3)c2cc1CCC#N.Cc1cc2nc(-c3cncn3C)cc(CCc3ccnn3C)c2cc1CCC#N.Cn1cncc1-c1cc(C=Cc2ccnn2C)c2cc(CCC#N)c(Cl)cc2n1,True
C1=CCc2c(c3cccc4cc5cccc6ccc2c(c65)c43)=C1,False
CCn1c(-c2cccnc2C(C)OC)c(CC(C)(C)COC(C)=O)c2cc(-c3cc(O)cc(CC(NC(=O)C(C(C)C)N4NC5CCOC5C4=O)C(=O)N4CCCCN4)c3)ccc21,False
CCOC(=O)c1c(NC(=O)C(CC)OC(=O)c2cccc3ocnc23)sc2c1CCCCCC2,False
CC1CCC(O)(CNCc2ccc(O)c(Cl)c2)CC1,True
O=c1[nH]c2cccnc2n1-c1ccc2c(c1)OCO2,False
CCCCCCCCCCCCCCCCCC(=O)N(CCCCc1ccccc1)CC1OC(OC)C(N)C(O)C1O,False
O=C(O)C1COCC2C(CO)=CCC12,False
COC=O.NCC1CCCCC1,False
CC1CCC2(C)C(C=O)=CCCC2C1(C)CC1OC(O)C2(CO2)C12CO2,False
CC=CCCNC(=O)N1CCC(CCC(=O)O)C1,False
Cn1c2c(c3cccc(Cl)c31)CN(CCCOc1ccc(F)cc1)CC2,False
CC=CCCCCC(=O)NC(CCC(=O)O)C(=O)O,False
COCCOC1C(N)CC1Oc1ccc(C)c(F)c1,False
CCC(NC(=O)COc1cc(C)ccc1C)C(=O)O,False
Cc1ccc(C)c(NC(=O)c2ccc(C(=O)N3CCN(C=O)CC3)cc2)c1,False
C=C(C)c1ccc(C(N)=CC(OC(C)c2c(Cl)ccc(F)c2Cl)=C(N)N)cc1,False
CNCCc1cn(CC(=O)N(C)C2CC2)cn1,False
O=C(Nc1cc(Cl)ccc1-n1cnnn1)C(=O)NC(Cc1ccc(NC(=O)N2CCC(O)CC2)cc1)C(=O)Nc1ccc2[nH]c(C(=O)O)cc2c1,False
Cc1csc(-c2ccc(OCC(=O)N3CCc4ccccc43)cc2)n1,False
CNC(=O)NCC(=O)N1CCN(c2ccc(C#N)cc2Cl)CC1,False
CC(C)(C)Cc1sc(Cl)nc1-c1ccc(Cl)c(O)c1,True
CCOC(=O)CCc1cc2c(OC3OC(COC(C)=O)C(OC(C)=O)C(OC(C)=O)C3OC(C)=O)ccc(C=O)c2s1,False
CCN1CCN(S(=O)(=O)c2cc(CC#N)ccc2Oc2cc(C)cc(C)c2)CC1,True
O=CC(O)C(O)C(O)C(O)CO.O=c1c(-c2ccccc2)coc2ccccc12,False
CS(=O)(=O)OC1CCC(O)(CC=O)CC1,False
COC(=O)c1cc(C)c(C2Nc3ccc(OC)cc3C3OCCCC23)c(C)c1,False
NCC[N+]1(CCN)C=NCC1,False
CCCCCCCCCCn1c2ccccc2c2cc(C=CC3=CC(=C(C#N)C#N)CC(C)(C)C3)ccc21,False
CC=Cc1ccc(OCC(=O)NC2CCS(=O)(=O)C2)c(OC)c1,False
CNC(=O)C(NC=O)C(OCc1ccccc1)C(=O)NC1(OC)CNC1=O,False
CC1CCCN(C(=O)CN2CCC(CC(=O)O)CC2)C1,False
CCNCC(=O)Nc1ccc2nccnc2c1,False
COC(=O)CC1NC(=O)N2CCc3cc(Br)cc1c32,False
CC(C)c1cc(C#N)cc2nc(-c3ccc(C(=O)NC(C4CCC(CC=O)CC4)(C4CCC(CC=O)CC4)C4CCC(CC=O)CC4)cc3)oc12,False
CCNc1nnc(C(=O)Nc2cccc(CC)c2)s1,False
C.CCOc1cc(C(=O)NC(C)CC(C)C)ccc1OC,False
O=CC=Cc1ccc(-c2ncccn2)s1,False
OCc1cc2cccc(F)c2[nH]1,False
Cc1cn(C2CC(O)C(CO)O2)c(=O)n(CCCCCCCCCC(=O)Oc2ccc([N+](=O)[O-])cc2)c1=O,False
CCNC(=NCc1cc(C(CC)CC)no1)NCCc1ccc(Cl)nc1,True
O=Cc1ccc(I)[se]1,False
O=C(O)c1ccc(CNC(=O)c2ccc(N3CC4(COC4)C3)c3ccn(Cc4ccc5ncccc5c4)c23)cc1,False
CC(C)(C)OC(=O)NC(CO)c1ccccc1.CC(C)(C)OC(=O)NC(COS(C)(=O)=O)c1ccccc1.CCN(CC)CC.CS(=O)(=O)Cl.CSCC(NC(=O)OC(C)(C)C)c1ccccc1.CSCC([NH3+])c1ccccc1.C[S-].ClCCl.[Cl-].[Na+],False
CC1CN(C2CCc3cc(Br)ccc32)C1.O=CO,False
CCN1CCN(c2ccc(C3=C4C(=O)c5c(NC(=O)NN6CCOCC6)cccc5C4N=N3)cc2)CC1,False
CC(CCNC(C)C)CCc1ccc2c(c1)OCCCO2,True
C=CCCSC(C)(C)C,False
Cc1ccc(CN2CCc3c(nc(CC4CC4)[nH]c3=O)C2)cc1C,False
CC(CCC=O)NC(=O)O,False
C=[N+](c1cnc(N2CCN(c3ncnc4cc(OC)c(OC)cc34)CC2)nc1)C(C)c1ccccc1,True
COC(CNC(=O)NCCCCSC)C(=O)O,False
O=C(O)Nc1ccc2ccoc2c1,False
CCCN(CCC)C(=O)C(Oc1cc(C=O)ccc1OCc1ccccc1)c1ccccc1,False
CSN1Cc2ccc(Cl)cc2C1=O,False
CC(C=O)N1CCN(c2ccc(N)nc2)CC1,False
CCCCCCCCCCC(CC=O)OC,False
O=C(NCCN1C(=O)CNC1=O)c1ccn(-c2cccc(Br)c2)n1,False
N#Cc1cn(-c2cc(-c3ccccc3)nc(NCCN)n2)cn1,False
CN=Cc1ccccc1C=N,False
[CH2-][NH2+]c1c(C)c(N=Nc2cc(C)[nH]n2)c(=O)n(CCCC)c1[O-],False
CC=C1NC(C(=O)NCC(=O)O)=C(O)c2nccc(-c3ccccc3)c21.CC=N,False
CCCCC1C(=O)N(C)C(CCCC)C(=O)NC(CC(C)C)C(=O)NC(C(=O)NCC(=O)NC(CC(=O)NCCCC(NC(=O)CCCCCCCCCCCCCCCCC(=O)O)C(=O)O)C(=O)O)CSCC(=O)NC(Cc2ccc(O)cc2)C(=O)NCCCCCC(=O)NC(CC(N)=O)C(=O)N2CCCC2C(=O)NC(CN)C(=O)NC(CC(C)C)C(=O)N2CC(O)CC2C(=O)NC(CCc2c[nH]c3ccccc23)C(=O)NC(CCN)C(=O)NC(Cc2cn(CC(=O)O)c3ccccc23)C(=O)N1C,False
CCC(c1ccccc1)N1CCN(C(=NC)NCc2nncn2C)CC1.I,False
CC(C#N)CN(C)C(=O)CC(N)C(C)(C)C,False
COc1cc(CNCCNc2ccc([N+](=O)[O-])cc2)cc(Br)c1OCc1cccnc1,True
COc1ccc(-c2ccc(C=CC=O)cc2)cc1OCc1ccccc1,False
CCOC(=O)c1c(CCC=O)c2ccccc2n1C,False
O=C(COc1ccc(-c2cccc(Cl)c2)cc1)NC(Cc1ccc(O)cc1)C(=O)O,False
CNC(=O)CCc1cc(NC(=O)c2ccc(Br)cn2)ccn1,False
Cc1cc(C(=O)NC2Cc3cccnc3C2)c(C)n1Cc1ccncc1,False
CON(C)C(=O)c1ccc(CCC2(NC(=O)OC(C)(C)C)COC(C)(C)OC2)cc1,False
CCC1(c2ccc(C)cc2)NCCNC1=O,False
CCNc1ncc(-c2cc(N)cc(C=O)c2)n(CC(=O)NCc2ccc(C(=N)N)cc2)c1=O,False
CC.CC.CNc1cc(-c2ccc3cc(C#N)cnn23)ncc1-c1nnc(C2CCN(C(C)(C)C)CC2)s1.O=CO,False
C=CCC=Cc1c(C)c(C)c(C=CCC)n1C,False
COc1ccc(OC)c(-c2nnc(CCl)o2)c1,True
NNc1nncc(-c2ccccc2F)n1,False
Cc1nc2c(I)cc(Cl)cc2c(Cl)c1C(C)C,False
CCCCOC(=O)CC1NC(=O)CC1=O,False
CCCN(C1(CN)CCCCC1)S(=O)(=O)c1ccccc1,True
CC=C(C=C(C)C=CC=CC=C(C)C(=O)C1=CC(CCO[Si](CC)(CC)CC)(O[Si](CC)(CC)CC)N(COCC[Si](C)(C)C)C1=O)C(=O)OC,False
Fc1cncc(CNCCCN2CCCC2)c1,False
Cn1cccc(C(=O)N2CC3(CC(c4ccccc4)C3)C2)c1=O,False
C=CC(=O)N1CC(n2nc(C#Cc3ccc4ncnn4c3)c(C(N)=O)c2NC)CC1COC,False
COc1cc(C=O)ccc1OCCN1CCNCC1,False
COCCNCCNC(=O)CS(C)(=O)=O,False
CCONC(=O)C1(C#N)CCCC1,False
COc1cc(F)ccc1-c1ncc2c(ncn2C)n1,False
CC1(C)OB(c2nc(C#N)ccc2O)OC1(C)C,True
CCOC(=O)CCCCCN(CCCC(=O)C(CCCCC(N)=NC)NC(=O)OC(C)(C)C)C(=O)OC1=CCC2(O)C3Cc4ccc(OC)c5c4C2(CCN3C)C1O5,False
CCN1[C]N(CC2CCCN2Cc2ccccc2)C=C1,False
CC(=O)c1c(C)cc(C)c(C=O)c1C,False
CC1CC2=C(Sc3cc(O)ccc3N2)C(=O)N1,False
CC1Cc2ccccc2N1Cc1ccoc1C(=O)NCC(C)(C)C(=O)O,False
CC1CCC(C(=CN)c2nccc(Nc3cc4c(C(C)C)ccc(N5CC(CS(C)(=O)=O)C5N)c4cn3)n2)=N1,True
C=CCCC(NC(=O)OCC1c2ccccc2-c2ccccc21)C(=O)Nc1ccc(C(=O)O)nc1,False
C=C1CCC2C(C)(C)CCCC2(C)C1CC=C(C=O)CC(=O)OCc1cn(Cc2ccccc2Cl)nn1,False
CC(C)N(CCC(=O)O)C(=O)NCc1ccc(Br)s1,False
Cc1c(C=O)ccc2c1cc(C#N)n2CCN1CC(C)N(C(=O)OC(C)(C)C)C(C)C1,False
CCCC1=C(C(=O)OCC)C(c2ccc3c(c2)OCO3)n2c(sc(=Cc3ccc(-c4cc(C(=O)O)ccc4Cl)o3)c2=O)=N1,False
COc1cc(C=C2N=C(c3ccc(Cl)c([N+](=O)[O-])c3)OC2=O)ccc1OCC(C)C,False
CCn1c(=O)c2c(C)c(C=O)sc2n(CCN(C)C)c1=O,False
CC=C(O)C(N)=O.CCC[N+](C)(C)C.[Cl-],False
CP(=O)(O)OC1CC(n2cc(C#CCNC(=O)c3ccc(C=O)cc3)c(N)nc2=O)OC1COO,False
COCCNC(=O)c1cc2c3c(c1)CC(=O)N3CC2,False
CN(C)CCC1(CSc2ccccc2)CN1c1ccc(S(=O)(=O)Nc2ncnc3c2CCN(C2CCN(Cc4ccccc4-c4cccc(Cl)c4)CC2)C3)cc1S(=O)(=O)C(F)(F)F,False
COc1ccc(NC(=O)c2cc(S(=O)(=O)c3ccccc3)ccc2C)cc1,False
CN=C(NCc1cccc2cccnc12)NCC(C)COCc1ccccc1.I,True
COc1ccc2c(CC(=O)N(C(=O)C(Cc3ccc(OCc4ccccc4)cc3)NC(=O)CNC(=O)C(CC(C)C)NC(=O)C3CCCN3)C(C=O)CNc3ccc([N+](=O)[O-])cc3[N+](=O)[O-])cc(=O)oc2c1,False
CNc1scc(C2CC(c3ccccc3)C2)c1C(=O)O.O=Cc1ccccc1,False
CC1(C)CN(C=O)CS1,False
CC(C)(C)NCCNc1c(Br)cc(Br)cc1Br,False
CC=CCC(C)(C)C(CC=COC(C)C=CC=Cc1nc(C(=O)OC(CC=CC=CC=CC(Cc2nc(C(=O)OC)co2)OC)C(C)(C)CC=CC)co1)OSI,False
Cc1ccc(-c2c(-c3ccc(C)s3)c3sc(-c4sc(-c5cc6c(s5)c(-c5ccc(CCCCCCBr)s5)c(-c5ccc(CCCCCCBr)s5)c5sc(C)cc56)c5sc(C)c(F)c45)cc3c3cc(-c4sc(C)c5c(F)c(C)sc45)sc23)s1,False
CCCN(CC(=O)N1CCn2cccc2C1c1ccc(C)cc1)C(=O)c1ccc([N+](=O)[O-])cc1,False
Cc1cc(Cl)cc(OCCC(NC2=NCCO2)c2cccc(Cl)c2Cl)c1,True
NNC(=O)c1cc(C23CC4CC(CC(C4)C2)C3)nc2ccccc12,False
CCCCN1C(=O)SC(=Cc2cn(CCOc3ccc(OC(C)C)cc3)c3ccccc23)C1=O,False
CC1=CN(c2cccc(C=O)n2)c2ccccc2C1,False
Cc1ccc(S(=O)(=O)Nc2cccc(C=O)c2)s1,False
CCc1ccccc1-n1c(=C(C#N)C#N)sc(=Cc2c(Cl)cccc2Cl)c1=O,False
N#CCc1cc(C(F)F)c(F)c(CCl)n1,False
CCCCC=CCCCCCCCC(=O)OC(COC(=O)CCCCCCC)COP(=O)([O-])OCC[N+](C)(C)C,False
O=C(O)C=CC(=O)O.O=C(O)C=CC(=O)O.OCCN1CCN(CCC=C2c3ccccc3CSc3ccc(Cl)cc32)CC1,False
CC(C(=O)c1cccnc1)C(=S)OC(c1ccccc1)c1ccccc1,False
CC(N)CCCN(C)c1cc(F)ccc1F,False
C=C(C=CC=CC)CC.C=CC=C(C=CCC(=O)NCC(N)=NNN)CCc1csc(=CBr)c1=CC(C)=CC.CCC,False
CCOC(=O)C1=C(C)N=c2sc(=Cc3ccc(-c4cccc(C(=O)O)c4)[nH]3)c(=O)n2C1c1ccccc1OC,False
CCO[Si](CC)(OCCC1COC1)c1ccccc1,True
O=C=Nc1ccccc1Cc1ccccc1Cc1ccccc1N=C=O,False
CCOC(=O)C1=C(C)N=c2sc(=Cc3cc(Br)ccc3OCc3ccc(C#N)cc3)c(=O)n2C1c1ccccc1Cl,False
COc1ccc(C(C=O)c2cnccn2)cc1,False
COc1ccc(CC(=O)NC(C)c2oc3ccccc3c2C)cc1S(=O)(=O)N1CCOCC1,False
CC1CCC(CCNc2ccncc2Br)CC1,False
Cc1csc(CCNC(=O)NC(CC(=O)O)C2CC2)n1,False
CC=CCCNC(=O)N1CCCCCC1,False
NCc1ccc(OCC2CCOc3ccccc32)cc1Cl,True
CC(C)(C)[Si](C)(C)OC(C#N)CCCBr,True
CC1CCC(O)C(OC2CC(C(=O)O)OC(OC3CCC4(C)C(CCC5(C)C4CC=C4C6CC(C)(C)CCC6(C(=O)O)C(O)CC45C)C3(C)C=O)C2OC2OC(C)CC(O)C2O)O1,False
CC(CCNCc1cn[nH]c1-c1cccs1)S(C)=O,True
CCC(C)CC(=O)N(C)C(CC(OC)c1nc(C(=O)NC(Cc2ccc(NC(=O)CNC(=O)CCCCCN(C)C(=O)C=CC=O)cc2)CC(C)C)cs1)C(C)C.CN(C)CCCCCC(N)=O,False
CCCCCCCCCC(S)CC(=O)O,False
CCC(C)C(C)=Cc1ccccc1C,False
CCCC(NC(=O)CN(C)C(=O)c1ccccc1)C(=O)O,False
CCC(C=O)CCCn1ncnc1C(Cl)(Cl)C(Cl)(Cl)Cl,False
CC(C)(Oc1ccc(Cl)cc1)C(=O)Oc1ccc(C#N)cc1Cl,False
Cc1ccc(CCN(C(=O)C23CCCN2C(=O)C(OC(N)=O)CCCCCC=CC2CC2NC3=O)S(N)(=O)=O)cc1,False
Brc1ccccc1.CC.CC.CC.CC.CCc1ccccc1.O=Cc1ccccc1.OCc1ccccc1,False
Cc1cccc(C2CC(C(=O)NCCOCCOCCOCCOCCOCCNC=O)CN(C(=O)C(C#N)=CC(C)(C)CN3CCOCC3)C2)c1,False
CC(C)Oc1ncccc1NCC1(CC#N)CC1,True
COC1=CCc2cnc(Nc3ccc(N4CCN(CCC=O)CC4)cc3)nc2C1C(C)C,False
CCNC(c1ccc(C)c(Cl)c1)c1ccc(Br)cc1OC,True
O=S(=O)(CCCCNC1CC1)CC1CCCO1,True
CC(C)C(NC(=O)C1CCCN1C(=O)C(NC(=O)C(N)C(C)O)C(C)C)C(=O)O,False
CCCC(C)(C)CCC(C)(CCO)CCC(C)(C)C1(C)CCC2C(C)(C)c3oncc3CC2(C)C1CC(C)=O,False
CCOc1ccc(NC2=C([n+]3ccc(C)cc3)C(=O)c3ccccc3C2=O)cc1,False
CC(C)OC(=O)NS(=O)(=O)NC(CCl)c1ccccc1,False
COC(=O)c1cc(OC2CCOC2)ccc1[N+](=O)[O-],False
CCCC(COC)NCCSC(F)(F)F,False
CC=C(C)C(=NC)C(=O)C(C)C,False
C=Cc1oc2ccc(C)cc2c1C=CC.CCc1ccccc1.Cc1ccc(C)c(F)c1.Cc1ccc2c(c1)C(c1ccccc1)(c1ccccc1)c1cc(C)c3ccccc3c1-2.Cc1ccc2ccccc2c1,False
Cc1nccc(NCC(O)c2ccc(N)cc2)n1,True
CCc1cc(-c2ccc3cc(-c4ccc(-c5ccc(I)cc5)cc4)ccc3c2)cc(C(F)(F)F)c1,False
CC1C=CC(CN=C(N=C(N)c2ccccc2)N(C)c2ccccc2-c2ccccc2-c2ccc3c(c2)c2ccccc2n3-c2cccc3c2oc2ccccc23)=CC1,True
CN(CC=O)c1cc2c(c(-c3ccc(C#N)cc3)c1)CN(C(=O)O)C2,False
COc1ccc(C=NN=C2NC(=O)C(CC(=O)Nc3cc([N+](=O)[O-])ccc3Cl)S2)cc1,False
Cc1cc2c(n1C(C)C1CCCCC1)CCCC2=O,False
CCCC1CCC(Cc2cccc(C=O)c2)CC1,False
CCOc1ncccc1CNc1nc(OC)nc(N2CCCCCC2)n1,True
C=C(C=Cc1ccco1)NNC(=O)C(O)c1ccccc1,False
COc1ccc(N2CCN(C(c3ccc(F)cc3)c3ccc(F)cc3)CC2)c(OC)c1OC,False
C=C(C=CC(=CC)C(=O)OC(C)(C)C)C1c2[nH]c3ccccc3c2CC(CO)N1C(=O)CCl,False
CCOC(=O)C(N)CCSCc1cccc(O)c1,False
CCOC(=O)C1CNCC12CCCOC2,False
O=CC12CCC(CC1)CC2,False
Cc1noc(Cl)c1CCC(=O)N(C)CC(=O)Nc1c(Cl)cccc1Cl,False
CCC(C=O)=CC1CCC1,False
CCN1Cc2cnc(C=O)cc2C1,False
C.CC(C)CS(=O)(=O)Nc1ccc2c(NC(=O)Cc3ccc4c(c3)OCCO4)n[nH]c2c1.CC(C)CS(=O)(=O)Nc1ccc2c(NC(=O)Cc3ccc4c(c3)OCCO4)nn(C(=O)Cc3ccc4c(c3)OCCO4)c2c1,False
CNCC(O)CN.NCC(O)CNC(=O)CCN(CCC=O)CCC(=O)NCC(O)CN,False
COc1cccc(CC2(C#N)CCCCCCC2)c1,True
CCN(CC)CCNCC1CSc2ccccc21,False
CCNC(=S)NNC(=O)c1cc(-c2cccnc2)nc2ccccc12,False
C=C(C)C=NC(=C(C=O)CC)C(C)OC,False
Cn1cc(S(=O)(=O)NCCN2CCCCC2)cc1C(=O)O,False
O=C(NNc1ccccc1)c1ccccc1.O=CCCc1ccc(CS(=O)(=O)c2ccccc2)cc1,False
CC(C)n1nc(N2CC(C(C)(C)C(N)=O)C2)c2cnc(Nc3ccnc(N4CCC(C)(O)CC4)n3)cc21,False
CCC(C)(C)C(=O)OCCCC(=O)OCCCCCC(=O)CCCCCC(=O)CCCCCC(=O)CCCCCC(=O)CCCCCC(=O)CCCCCC(=O)CCCCCC(=O)CCCCCC(=O)CCCCCC(=O)CCCCCC(=O)OC,False
CC(CCNC(=O)Nc1c(Cl)cccc1Cl)CCC(=O)O,False
CC(C)(CCS(=O)(=O)CCC[N+](C)(C)C)NC(=O)OCc1ccccc1.O=C[O-],False
CCC1CCC(N2CCN(c3cc(C)ccc3C)CC2)CC1,False
NC(=S)C1(NC(=O)CCc2ccco2)CCCCC1,False
CC(C(=O)N1CCN(c2ccc(Cl)cc2)C(c2ccc(Cl)cc2)C1)c1ccccc1,False
NCCCCC(NC(=O)C(N)CO)C(=O)NCC(=O)NC(CCCN(O)C=O)C(=O)NC(CO)C(=O)NC(CO)C(=O)NCC(=O)NC1CCCCNC(=O)C(CO)NC(=O)C(CCCN(O)C=O)NC1=O,False
CC=CC(O)C(=O)NC(CC(=O)O)C(=O)N(C)C(CC(=O)O)C(=O)N(C)C12CC1CN(C(=N)N)C2=O,False
CN(CC(N)=O)C(=O)C(Cc1cccnc1)NC(=O)C(CC(N)=O)NC(=O)C(N)CCC(=O)O,False
CCOC(=O)c1c(Cl)cc(C)cc1CBr,False
Cc1cccc(C(=O)Nc2nc(C(C)(C)C)cs2)n1,False
CN=C(NCCNS(C)(=O)=O)NCCc1ccco1.I,True
NS(=O)(=O)c1ccc(Nc2ncc(Br)c(NC3CCCCC3)n2)cn1,True
CC(=O)NC(Cc1ccccc1)C(=O)NC(Cc1cc(C#Cc2ccccc2)c2oc(-c3ccccc3)c(C(=O)OC3CCC(C)CC3)c2c1)C(=O)NCCO,False
CC1CN(C(=O)CCCCCCN)CC(c2ccccc2)O1,False
CCC(Br)(CC)C(=O)NC(N)=O.N,False
CC1CN(CC=C(CCNCC2OC(n3ccc(N)nc3=O)CC2O)CC(=O)NCCC(=CCN2CC(C)C(=O)NC2=O)CC(=O)NCCC(=CCN2CC(C)C(=O)NC2=O)CC(=O)NCCC(=CCN2CC(C)C(=O)NC2=O)CC(=O)NCCC(=CCn2cnc3c(NCc4ccccc4)ncnc32)CC(=O)NCCC(=CCn2cnc3c(NCc4ccccc4)ncnc32)CC(=O)NCCC(=CCN2CC(C)C(=O)NC2=O)CC(=O)NCCC(=CCn2cnc3c(NCc4ccccc4)ncnc32)CC(=O)NCCC(=CCN2CC(C)C(=O)NC2=O)CC(=O)NCCC(=CCn2cnc3c(NCc4ccccc4)ncnc32)CC(=O)NCC(=O)O)C(=O)NC1=O,False
CC(=O)Oc1ccccc1COC=O,False
CCCN(Cc1ccc(NN)nc1)CC1CC1,False
Cc1nccn1-c1ccc(CNC(=O)CSCc2cccc(Cl)c2)cn1,False
N=C(N)C1CCN(CC2CCC2)CC1,False
COC(=O)c1ccc(CNC2(CO)CCc3ccccc32)s1,False
CC(C)CN(c1ccncc1Br)C1CC1,False
Nc1nc(OCc2ccncc2)nc2c1cnn2N1CCCC1,True
Cc1ccc(CCCNCCCc2ccc(Cl)c(Cl)c2)cc1.N=S(=O)=O,True
CCC(C)(C)N(C)Cc1cc(CNC(C)(C)C)no1,True
CCNCc1cnc(-c2ncc(Cl)cc2Cl)s1,False
COc1ccc(C2(c3ccc(OC)cc3)CCCN(Cc3cccc(C(=O)N4CC=CC4)c3)C2)cc1,False
Cn1cnnc1CCNCc1ccc(OC(F)(F)F)cc1,False
CCCCC(CC)COP(=O)(OCC(CC)CCCC)Oc1ccc(N(C)C)cc1,True
CC(C)Cn1c(CCc2ccccc2)nc2nc(N3CCCC(N)C3)n(Cc3ccccc3)c2c1=O,False
CC(C)(C)c1cccc(C(=O)Nc2cc3cn(C4CCC(C=O)CC4)nc3cc2C(C)(C)O)n1,False
CC1c2ccccc2C=C(CO)N1C,True
CCC(=O)C(CCC=O)C(C)=O,False
CCCCCCCCCCCCCCN(CC)CCCCCC=O,False
C.C.O=COc1cccc(-[n+]2ccc(-c3cc[n+](-c4cccc(C(=O)O)c4)cc3)cc2)c1.[Cl-].[Cl-],False
CC1(C)c2ccc(-c3ccc4cc(-c5c6ccccc6c(-c6cccnc6)c6ccccc56)ccc4c3)cc2-c2c1ccc1ccccc21,False
CCNC(=NCCc1ccc(C)c(OC)c1)NCCNC(=O)C(C)C,False
CNC(=O)C1=C(OCc2ccccc2)C(O)C=CN1NC(C)(CCC=O)c1ccccc1,False
O=S(=O)(NCC1CCCOC1)c1c(F)cc(F)cc1Br,False
CCC1(CC)COC(=O)NN(C=O)C2=C(C=C(C)C(=O)C2)C1,False
Oc1c(Cc2ccc(-n3cccc3)cc2)ccc2ccc(C#CCc3ccccc3)cc12,True
Cc1oc(C(=O)O)cc1S(=O)(=O)N(C)CCC#N,False
CNCc1ccc(P)c(Nc2c(C=N)c(=O)c2=O)c1,False
COc1cc(CNc2ccc(F)cc2[N+](=O)[O-])cc(OC)c1OC,False
C=C1C(C)C(C=O)C(=C)C2CCCC12,False
CC(C)NCCCC1CCC2C3CCC4CC(NCCNNN)CCSC4C3CCC12C,False
Cc1cccc(-c2ccccc2C=O)c1C(=O)OCc1ccccc1,False
O=C(O)Cn1cc(CNC(=O)c2cc(O)[nH]c(=O)c2)nn1,False
Cn1ccnc1C1c2n[nH]c(=O)c3cccc(c23)NC1c1ccc(C=O)cc1,False
CCNc1nc(C2CCCC(C)C2)nc(C2CC2)c1I,False
COc1cc(C(C)(C)CNCC=O)c(OC)cc1C,False
O=C(O)C1CCC(n2nc3ccccc3n2)C(O)C1,False
CNC(c1c(C)cc(C)cc1F)C1(OC)CCCCCC1,False
Cl.N=NC(N)N,False
COc1ccc(NC(=O)c2cc(NCc3ccccc3)ncn2)cc1OC,False
CCC(O)CCNC(=O)c1c(C)ccc(C)c1C(=O)O,False
NC(=NO)C1CN(c2ncnc3nc[nH]c23)CCO1,True
Cc1ccc(-n2nc(C(=O)N(C)CCC(=O)O)c3c2CCC3)cc1,False
C.C1CCOC1.CC(C)(C)OC(=O)N1CCOCC1C(=O)Nc1ccc(C#Cc2cn[nH]c2-c2cc(Cl)ccc2O)cc1.CC(C)(C)OC(=O)N1CCOCC1C(=O)O.C[IH]P.Nc1ccc(C#Cc2cn[nH]c2-c2cc(Cl)ccc2O)cc1.O.[Li+].[OH-],False
CCCC1CCCCN1C(CC)C(NC)c1ccccc1,False
COc1cc(S(=O)(=O)O)c(C)cc1N.O=C(Nc1ccc(S(=O)(=O)O)c2cc(S(=O)(=O)O)cc(O)c12)c1ccc(C(CCCl)=S(=O)=O)cc1,False
O.O=P([O-])([O-])[O-].O=P([O-])([O-])[O-].[Er+3].[Y+3],True
CC(CN1CCCCC1)NC1CCS(=O)(=O)C1,True
COc1cccc(N(C)CC2(C=O)CCCOC2)c1,False
CC(CCCN)Oc1ccc2c(c1)CCC2,True
O=C(COc1ccccc1-c1ccccc1)Nc1nc(-c2ccc[nH]2)cs1,False
CCC(C)n1c2c(cc(C(=O)NN)c1=O)CN(C)CC2,False
C1=C(c2ccccc2)c2ccccc2NC1n1c2ccccc2c2cc3c4c5oc6ccccc6c5ccc4n(-c4ccccc4)c3cc21,True
COC1(OC)C2C=CC1C(OC(=O)c1ccccc1)C2,False
CC(C)CC1=NC(c2ccccc2)(C(C[N+](=O)[O-])c2ccccc2)OC1=O,False
CN(C)C(=O)Cn1cnc(C=O)c1,False
Cc1ccccc1NC(=O)C(c1c(C)cccc1C)N(C(=O)CNC(=O)OC(C)(C)C)C1CC1,False
CC(C)(C)OC=O.CC1CN(CCCN)CCN1,False
OCCc1ccc(OC(F)F)cc1F,False
Cc1ccc(C)c(C2C=CC=[N+]2C)c1,False
O=C(C=Cc1ccccc1)[n+]1ccccc1,False
CC=NC(CCC(=O)O)C(=O)NCC(=O)NC(C(=O)NC(Cc1ccccc1)C(=O)NC(C(=O)NC(CO)C(=O)NC(CC(=O)O)C(=O)NC(C(=O)NC(CO)C(=O)NC(CO)C(=O)NC(Cc1ccc(O)cc1)C(=O)NC(CC(C)C)C(=O)NC(CCC(=O)O)C(=O)NCC(=O)NC(CCC(N)=O)C(=O)NC(C)C(=O)NC(C)C(=O)NC(CCCCN)C(=O)NC(CCC(=O)O)C(=O)NC(Cc1ccccc1)C(=O)NC(C(=O)NC(C)C(=O)NC(Cc1c[nH]c2ccccc12)C(=O)NC(CC(C)C)C(=O)NC(C(=O)NC(CCCNC(=N)N)C(=O)NCC(=O)NC(CCCNC(=N)N)C(=O)NCC(=O)O)C(C)C)C(C)CC)C(C)C)C(C)O)C(C)O,False
CON(O)Cc1ccccc1.Cl,True
Cc1nc2ccccc2n1-c1ccc(-c2c3ccccc3c(-c3ccc(-c4ccccc4)cc3)c3ccccc23)cc1,False
C=CCN(CCc1ccccc1)C(=O)C1CC1c1ccccc1Cl,False
C=C1C(O)CC(=CC=C2CCCC3(C)C2CCC3C(C)C(=O)C=CC=CC)CC1O,False
O=Cc1ccc(OCC(O)COc2ccc(C=O)cc2)cc1,False
CC(C)C(C=O)N(CC(N)CCC=CS(=O)(=O)OCc1ccccc1)C(=O)OCc1ccccc1,False
NC(c1ccc2ccccc2c1)c1c(F)cc(F)cc1F,False
Cc1cc(C(=O)N2CCN(C(=O)O)CC2C(O)CC(=O)OC(C)(C)C)c(-c2ccccc2)n1-c1ccccc1,False
C=CC.CCCCCCCCC(=O)[O-].[NH4+],False
CC(=NNC(=O)c1nonc1N)c1cccs1,False
CCCC(CC=O)c1ccc(C(=O)OC)cc1,False
C=CC1CC1(NC(=O)C1CC(Oc2cc(-c3csc(NC(C)C)n3)nc3cc(OC)ccc23)CN1C(=O)C(NC(=O)NC(CN1C(=O)c2ccccc2C1=O)C(C)(C)C)C1CCCCC1)C(=O)O,False
COc1cc(C)cc(C)c1NC(=O)NCCC(=O)O,False
O=C(CNC(=O)c1ccc(Br)cc1)NNC(=O)c1ccc(Cl)cc1,False
CC(C)n1cnc2cnc(Nc3ccnc(C4=CC[NH2+]CC4)n3)cc21,False
C=CCCOc1cccs1,True
CC1COc2cc(Cl)ccc2N1C(=O)N1CC2(C1)CN(C(N)=CC=CN)C2,False
N#Cc1ccnc(N2CCC3(CC2)OCCO3)c1Cl,True
Cc1sc2ncnc(C(C)C(C)Br)c2c1C,False
Cc1c(CNCCC(=O)NCC(C)C)cnn1C,False
CCc1cc(O)c(CC)c(-c2cc(CC)cc(O)c2CC)c1,True
Cc1ccc(NC(C)(C)c2nnnn2-c2ccccc2)cc1,False
CCC(N)C(c1ccccc1Br)N1CCC(O)CC1,True
C[N+](C)(CCCCCCCCCCC(=O)OCc1ccc([N+](=O)[O-])cc1)CCP(=O)(O)O,False
COC(=O)C12CC(=O)OC1c1ccc(S)cc1C2,False
CCn1c(C)cc(C(=O)OCc2ccccc2C#N)c1C,False
CC1CN(CC(O)CN2CCc3ccccc3C2)C(=O)c2ccc(OC3CCN(C)CC3)cc2O1,False
CC(C=O)=CC(C)=CC1(C)C2OC(=O)C1(C)C(=O)C2C,False
CCOc1ccc(C(CCO)N2CCNCC2)cc1OC.Cl,True
CN=N[Si](C)(C)C,False
NNC(Cc1ccc(Br)cc1)c1cccc(F)c1Cl,False
CCC(C)c1ccc(OCCNCCN(CC)CC)cc1,True
CC(C)CNC(=S)Nc1ccc(OCc2ccccc2)cc1,True
CC(Nc1c(Cl)cccc1C(F)(F)F)c1ccc(Br)cc1,False
CCc1nc(C(=O)NCc2cccc(NC(C)=O)c2)nn1-c1c(Cl)cccc1Cl,False
CCC=CCC=CCC=CCC=CCC=CCCCC(=O)OCC(COP(=O)(O)OCC[N+](C)(C)C)OC(=O)CCCC(O)C=CC=CCC=CCCCCCCCC,False
O=C(OCc1ccc(-n2cccn2)cc1)c1ccc(N2CCCCC2=O)cc1,False
CCC(N(O)C=O)S(=O)(=O)Cc1ccc2sccc2c1,False
CC(C)[n+]1ccn(N2CCCC2CSc2ccccc2)c1,False
Cc1ccc2c(c1)c1cc(C)ccc1n2-c1cccc(C)c1C(=O)N(C=O)c1c(-c2ccccc2)cccc1-c1ccccc1,False
COc1cc(C=O)c(Cl)cc1OCC1CC1,False
N=c1c2c(-c3cccc(Br)c3)cc(-c3ccc(Br)cc3)nc2n(C2OC(COC(=O)c3ccccc3)C(OC(=O)c3ccccc3)C2OC(=O)c2ccccc2)c(=O)n1-c1cccc(Cl)c1,False
O=C(Nc1cccc(Cl)c1Cl)c1ccccc1SCc1ccccc1,False
C=C(Cc1c(C=O)[nH]c2ccccc12)c1ccccc1,False
Cc1ccc2nc(-c3ccc(C)o3)c(NC(=O)COCc3ccccc3)n2c1,False
O=C(CSc1nc2ccccc2o1)NN=Cc1cccc(OS(=O)(=O)c2ccccc2[N+](=O)[O-])c1,False
CCc1ccc(OC(CC)C(=O)OC2=CC3=CC(O)CCC3C(CCC3CC(O)CC(=O)O3)C2C)cc1,False
NNC(=O)c1ccccc1-c1ccccc1NNC=O,False
CCCC[As](=O)(O)CCCC,True
Cc1nc(CC2CCC(C)CC2)c(C=O)s1,False
CCOc1ccc(-c2noc(N3CCC(C(=O)N4CCN(c5ccccc5)CC4)CC3)n2)cc1OC,False
COc1cc(N(C)CCOC=O)ccc1Nc1nc(NC2CCCCC2)c2c(C#N)c[nH]c2n1,False
CN=C(NCCCc1nc(C(C)C)no1)NC1CCN(c2ccc(F)cc2F)C1,False
O=CN1CCC(N2Cc3cc(Br)ccc3NC2=O)CC1,False
CCCN(C=O)CCCc1nc(C(=CC(=N)C(C)(C)C)N=CC(C)C)c(Cl)s1,False
CC.CC.CC.CC.CC.CC.CC.CC.CC.CC.CC.CC.CC.CC.CC.c1ccc(-c2ccc(-c3ccccc3)cc2)cc1.c1ccc(-c2cccc(-c3ccccc3)c2)cc1.c1ccc(-c2ccccc2-c2ccccc2)cc1,False
NCc1cccc2c1C=C(CS)S2(=O)=O,True
O=C(NCCCCCCCCCCCCNC(=O)OCCCCc1ccccc1)NC1CCCCC1NC(=O)NCCCCCCCCCCCCNC(=O)OCCCCc1ccccc1,False
CCCc1n[nH]c(=S)n1CCC(C)SC,False
NCC1CCC(C(=O)N2CCCC3C(=O)NCC32)CC1,False
CCCCC(CC)COc1ccc(Sc2cccc3c2C(=O)c2cccc(Sc4ccc(OCC(CC)CC)cc4)c2C3=O)cc1,False
CCCc1cc2cc3ccsc3cc2s1,False
O=C(O)C1CCCN1C(c1cccc(Oc2ccccc2)c1)c1csc2ccccc12,False
O=C[C]1[CH][CH][CH][C]1C1OCCO1.[CH]1[CH][CH][CH][CH]1.[Fe+2],False
CC(C)(C)Cc1ccc(-c2ccnc(-c3[c-]c4ccccc4c(C(C)(C)C)c3)c2)s1.CCC(CC)C(=O)C=C(O)C(CC)CC.Cc1[c-]c(-c2nccc3c2sc2c4ccc(CC(C)(C)C)cc4ccc32)cc(C)c1.[Ir],False
Cc1ccccc1CC(=O)NCc1ccc(S(C)(=O)=O)c(C)c1,False
CCc1cc(NCc2cccc([N+](=O)[O-])c2C)ncn1,True
CC(=O)C=C(C)O.CC(C)(C)c1ccc(-c2cc3cc(-c4[c-]ccc5c4oc4ccccc45)ncc3o2)cc1.[Ir],False
CCCCCCCCCCC=CCCCCCCCCCCCCCCCC(=O)NC(COC1OC(CO)C(OC2OC(CO)C(O)C(O)C2O)C(O)C1O)C(O)C=CCCCCCCCCCCCCCCCCCCCCCC,False
CC1=CC1OC(=O)N(C)CCO,False
COc1ccc(N2CCN(Cc3cc(=O)oc4cc(-c5ccccc5)c(O)cc34)CC2)cc1,False
CC(=O)O.CC(=O)OOC(C)=O.CCCCOc1nc(N)c2c(n1)N(Cc1cccc(C=O)c1)CC(=O)C2.CCCCOc1nc(N)c2c(n1)N(Cc1cccc(CN3CCN(C)CC3)c1)CC(=O)C2.CN1CCNCC1.[B-]OC(C)=O.[Na+],False
CNC(C=O)(Cc1ccccc1)C(=O)O,False
CN(C)NC(=O)c1ccnc(C23CC4CC(CC(C4)C2)C3)c1,False
CNC(=O)Cn1cc(CNC(C)C)nn1,False
CCn1c(=O)[nH]c(=O)c2c(C(=O)N3CCc4ccccc43)cc(C(C)C)nc21,False
CCc1c(N2CCN(C(=O)c3ncc4c(c3O)OCC4)CC2)c(=O)n2nc(C3=CCOCC3)nc2n1CC=O,False
Cc1ccc(C(=O)Nc2ccnc(Cl)n2)c(C)n1,False
CC(=O)CC1(CNC(C)=O)CCCCC1.CCC(CNC(C)=O)CC(C)C.CCC1(CNC(C)=O)CCCCC1.CCC1(CNC(C)=O)CCCCC1.CCCCCC(=O)NCC(CC)CC(C)C.CCCCCC(=O)NCC1(CC)CCCCC1.CCCCCCCCC(=O)NCC1(CC(C)=O)CCCCC1.CCCCCCCCCC(=O)NCC1(CC(C)=O)CCCCC1.CCCCCCCCCCC(=O)NCC1(CC)CCCCC1.CCCCCCCCCCCC(=O)NCC1(CC)CCCCC1,False
CCCCC(C)CC(C=CC1CCC(=O)C1CCCCC=CC(=O)O)OC1CCCCO1,False
C=CC(=O)N1CC(Nc2nc(Nc3cnn(CC)c3)nc3[nH]ccc23)CCC1C,False
C=C1C(=CC)CN(C(=O)C(C=C(C)C)NC(=O)OC)C1c1nc2c([nH]1)CCC1CC(c3ccc4c5c(ccc4c3)NC(CN(CCC)C(=O)C(C=C(C)C)NC(=O)OC)N5)=CC=C21,False
O=Cc1ccc(OCc2cncn2C2CC2)c([N+](=O)[O-])c1,False
CC(C)(C)c1ccc(CCC=O)cc1.[B]B([B])[B],False
Cc1ccc(C(=O)N(C)c2ccc(OC(=O)C3CC(=O)N(c4ccc5c(c4)OCO5)C3)cc2)cc1,False
Cc1cc2c(=O)n(Cc3ccc(C(=O)O)cc3)nc(-c3cccc(Cl)c3)n2n1,False
CN1C(=O)CN(c2ccccc2-c2cc(C(=O)O)nn2C)CC1=O,False
C=C(N=CC(=CC)C(C1CCN(CC)CC1)N1CCCC1)Nc1ncc(F)c(-c2cc(F)c3nc(C)n(C(C)C)c3c2)n1,False
CNC(Cc1nnn(C)n1)c1ccc(Br)cn1,False
NC(=O)c1cccc(C=Nc2ccc(C3CNCC(O)C3)cc2)c1N,False
CCNc1ncnc(OC(C)COC)c1OC,True
Cc1cc2c(cc1C(=O)NCCc1c[nH]c3ccc(O)cc13)nc(-c1ccoc1)n2C1CCCCC1.O=CO,False
CCC=C=C=C1CC2CCC1C2,True
O=C(c1ccc2c(c1)CCCC2)N1CCC(N2CCNCC2)C1,False
CCC=CCC=CCC=CCC=CCC=CCC=CCC=CCC=CCC=CCC=CCC=CCCCCCC(=O)NC(COP(=O)([O-])OCC[N+](C)(C)C)C(O)C=CCCCCCCCCCCCCCCCCCCCCC,False
N#CC(C(=O)c1cc(-c2ccccc2)ccn1)c1nc(C2CC2)cs1,False
Cc1ccc2cc(-c3ccc4cc(C=CC=CC=CNc5ccccc5)ccc4c3)ccc2c1.Cc1ccccc1.Cc1ccccc1.c1ccc2ccccc2c1.c1ccccc1,False
C#C.CC(=O)C1CCC2C3CCC4CCCCC4(C)C3C(=O)CC12C,False
CC(=N)CC(NCC=O)C(=O)O,False
CON(C)C(=O)C(C)CCSC,False
Nc1nc(N)c(N=Nc2ccc(C(F)(F)F)cc2)c(N)n1,False
O=C(COc1ccc(Cl)c(Cl)c1)NCc1nnc2n1CCC2,False
CCCNC.CCN(CC)C(=O)C1=C=CC=C(C2=CC3(CCNCC3)Oc3cccc(C=O)c32)CC=C1,False
Nc1ccnc(N2CCC(Cc3ccc(CO)cc3)C2)n1,True
CC=CCOC(C)(C)C(=O)CCC(=O)O,False
C=C(O)CC(NC(=O)c1ccc(NCC2CNc3nc(N)[nH]c(=O)c3N2C=O)cc1)C(=O)O,False
CCc1cnc(CNC(=O)NC(CCO)C(=O)O)s1,False
COc1ccc(OC)c(NC(=O)CSc2nc(C)c(C)n2C2CCCCC2)c1,False
O=Cc1ncc(-c2ccccc2)n1C1CC1,False
CC=c1[nH]c(=O)[nH]c1=Cc1cnc2c(NC3CC3)cc(-c3csc(CN4CCNCC4)c3)nn12,False
Cc1ccc(C#N)cc1Oc1ccc(C=O)cc1C#N,False
CN1CCN(C2=Nc3cccnc3N(C=O)c3ccccc32)CC1,False
CCC(CC)c1nnc(NC(=O)c2scnc2C)s1,False
COCCCOc1nccc(Br)n1,True
CCCCCC=CCC=CCCCCCCCC(=O)OCCCCCC(O)C(CCCCOC(=O)CCCCCCCC=CCC=CCCCCC)CNCCCN1CCCCC1CC,False
CC(C)(C)C(=O)NC1CCN(c2ccc3ccccc3n2)CC1,False
CNC(C)C(=O)N1CCC(NS(=O)(=O)c2cccc3c(NC(=O)c4ccccc4C)cccc23)C(C)C1,False
CCOc1cc(C(=O)NN=Cc2cc(I)c(OC)c(OC)c2)ccc1OC,False
CC1CN(C(=O)c2cccc(NC(=O)CCc3cccc(Cl)c3)c2)CCO1,False
COC(C)c1ncccc1-c1c(CC(C)(C)COC=O)c2cc(C3CSC(CC(NC(=O)C(C4CCCC4)N(C)C(C)=O)C(=O)N4CCCCN4)=N3)ccc2n1C,False
CC1=CC(C)(C)N(C(C)C)c2ccc(C=NNC(=O)CSc3ccc([N+](=O)[O-])cc3)cc21,False
CC(=O)OC1CCC2(C)C(CCC3C4C(n5cc(-c6ccccc6)nn5)CC(=O)C4(C)CCC32)C1,False
c1nc(Nc2ccc3[nH]ccc3c2)c2ccc(-c3ccc(N4CCOCC4)nc3)cc2n1,True
CCc1ccccc1NC(=O)CN1CCN(c2cccc(Cl)c2)C1=O,False
CN(CC(O)CF)c1ccc(C=Cc2ccc(O)cc2)cc1,False
c1ccc(-c2nc(-c3ccccc3)nc(-c3cccc4c3-c3cccc(-c5nc(-c6ccccc6)c6oc7ccccc7c6n5)c3C43c4ccccc4Oc4ccccc43)n2)cc1,True
CCc1noc(COc2ccc(C=O)cc2[N+](=O)[O-])n1,False
C1=C[CH-]OC=C1.[K+].[O-][Cl+3]([O-])([O-])O,True
CCOc1c(Br)cc(Br)cc1C=c1sc2n(c1=O)C(c1cc(Br)ccc1OC)C(C(=O)OC(C)C)=C(C)N=2,False
NS(=O)(=O)c1cc(-c2nnnn2COC=O)c(NCC2=CCCS2)cc1Cl,False
CS(=O)(=O)N1CCC2OC(C(=O)NCc3cccnc3)CC21,False
OC(c1ccccc1)(C1CCCC1)C1CCN(Cc2ccncc2)CC1,True
CCCCCCn1nnc(C(Cl)(Cl)Cl)c1C(Cl)(Cl)Cl,False
Clc1cc(Cl)c(-c2cccnc2)nc1Cl,False
CCc1cc(F)c(F)c(CS(=O)(=O)Cl)c1,False
C=C(NC)c1ccc2c(c1)CCc1cc(C(=O)NC)ccc1C2(CCNCC(=O)N1CCCC1C#N)c1nnc(-c2ccc(C)cc2)o1,False
CC(C)N1CCN(c2ccc(-c3ncc(N)nc3F)cc2)CC1,False
CCc1cccc(NC(N)=NCc2ccccc2CN(CC)CC)c1.I,False
C=NC(=CC=C(C)N1CCCCC1)Nc1ncc2cc3n(c2n1)C1(CCCC1)CNC3=O,False
O=C(O)CCn1c(-c2ccccc2)c(-c2ccccc2)[n+]([O-])c1-c1cccc(Cl)c1,False
Cc1c(F)cc2cnn(-c3ccc(N4CC5(CCC5)C4)cc3)c2c1F,False
CCNC1CCC(OCCOc2ccc(OC)cc2)CC1,True
CNC(=O)CCCCCNCCO,False
C=O.C=O.[Pd].c1ccc(P(c2ccccc2)c2ccccc2)cc1.c1ccc(P(c2ccccc2)c2ccccc2)cc1.c1ccc(P(c2ccccc2)c2ccccc2)cc1,False
c1ccc(-c2ccc(-c3ccc(C4CC5CCCCC(CCC5)C4)cc3)cn2)cc1,False
CC(C)OC(OC(C)C)c1c(Cl)cccc1Cl,True
O=CC12CCCc3ccc(cc3)CCCC3(C=Nc4ccc5ccc6cccc7ccc4c5c67)C45c6c7c8c9c%10c%11c%12c%13c%14c%15c%16c(c-7c7c%17c%18c(c%19c%20c4c4c6c9c6c%10c9c%12c%10c%12c%13c%13c%15c(c%16%17)c%15c%18c%16c%19c%17c%20c%18c4c6c4c9c%10c6c(c%184)c%17c4c%16c%15c%13c%12c46)C735)C81C%11%142,False
CCC(C=O)c1ccnc(-c2ccc3ccccc3c2)c1,False
COc1cc(C(=O)OCC(=O)c2ccc(Br)s2)ccc1C,False
COc1ccccc1CCn1c(=O)n(C(C)(C)C(=O)N2CCCCC2)c(=O)c2c(C)c(-n3cccn3)sc21,False
O=Cc1ccccc1C(=O)NCC=Cc1ccc(Cl)cc1,False
C=C1CCC(NC(=O)c2ccc3c(c2)OC2CC(C2)N(CC2CCN(c4ccc(C(=O)CC5C(C)(C)C(Oc6cc(C)c(C#N)c(C)c6)C5(C)C)cc4)CC2)CCOCCCCO3)C(=O)N1,False
Cc1c(N)c(F)c(F)c(C#N)c1F,False
COc1cc(C)c(S(=O)(=O)NC(C=O)Cc2ccccc2)c(C)c1C,False
Cc1cc(C(=O)C23C(=O)C=CC(=O)C2CC=CC3C)ccc1[N+](=O)[O-],False
CC(O)Cn1c(CN2C(=O)c3ccccc3C2=O)nc2cc(CC(=O)OCc3ccccc3)ccc21,False
COCC(CCN)OC.Cc1[nH]c2ccc(C=O)cc2c1C,False
CCC[Si](C)(C)[AsH2],False
COc1cccc(-c2nc(CSC3=NCCS3)cs2)c1OC,True
C=CC.CC.CC(C)C(C)NC(=O)c1cc(CN2CCOCC2)on1.CC(C)CC(NC(=O)CNC=O)C(=O)C1(C)CO1.Cc1ccccc1,False
NCc1ccc(C(=O)Nc2nc(-c3ccncc3)cs2)cc1,False
CCOC(=S)C(CC)[Si](OCC)(OCC)OCC,True
COC(=O)Cc1cccc(Cc2cccc(CCC=O)c2)c1,False
O=C(O)C1C2CC2CN1S(=O)(=O)c1[nH]nc2ncccc12,False
CCCCOc1ccc(CCCC)c(OCCCC)c1C=O,False
CC(C)[n+]1snc2ccccc21,False
Cc1ccc(S(=O)(=O)n2cc(CCOc3nc(N)c4ncn(C5OC(CO)C(O)C5O)c4n3)c3ccc(Cl)cc32)cc1,True
O=Cc1nc2c(O)cccc2[nH]1,False
Cc1ccc(CN2C(=O)c3[nH]nc(-c4ccc(Cl)cc4)c3C2c2ccc(C(C)C)cc2)cc1,False
CCCCN(CC)C(=O)C(C)=NC=C(C)c1ccc(OCC(C)C)cc1,False
CC1(C)COC(c2cccc(F)c2-c2cccc3c2N(Cc2ccccc2)CC3)=N1,False
CCC(=O)Oc1cc(OC(=O)CC)c(OC(=O)CC)cc1OC=O,False
COc1ccc(C(NC(=O)CN2CCN(Cc3ccc4c(c3)OCO4)CC2)c2ccccc2)cc1,False
Cc1ccccc1-c1ccn2nc(N)nc2c1,False
Cc1nc2ccc(C(=O)Nc3ccc(Cl)c(Cl)c3)cn2c1N(C)CC1CCCCC1,False
O=C(CNCC(=O)NC(CO)Cc1ccccc1)NC(CO)Cc1ccccc1,False
OCCN(CCO)C1CCN(C2CCNCC2)CC1,True
CC(CN)(NC(=O)C1CSCCS1)C1CC1,False
CC(=O)Nc1ccc(N)c(OS(=O)[O-])c1,False
CCOc1ccc(S(=O)(=O)NC(C)(C)C)cc1CO,True
C=c1ccc(P2(=O)CC=CC2)cc1=C,True
C.Cl.c1ccc2cc(CN3CCC(Nc4ccc5cnccc5c4)C3)ccc2c1,False
CC(C)CCN(C)C1CCC(O)CC1,True
C=CCOC(=O)NC(C=O)CC(=O)OC(c1ccccc1)c1ccccc1,False
CCc1c(C=O)[nH]c(-c2[nH]c(C=O)c(CC)c2C)c1C,False
CN(CC1CCCC1)CC1(C=O)CCCCCC1,False
CCOC(=O)c1[nH]c(C)c(C(=O)C=Cc2cc(OC)c3c(c2)OCCO3)c1C,False
CNC(C)c1ccc(CN(CC=CC2=CCC=CC=C2)Cc2ccc(F)cc2)c(N)c1,False
CCCCc1ccc(NS(=O)(=O)c2cccc(C(=O)OCC(=O)N3CCCC(C)C3)c2)cc1,False
O=C1CN(CCOC2CCCC2)C(=O)C2(CCCCC2)N1,False
COc1ccc(C(C#N)N2CCCC2)cc1Br,True
CCC(C)OC(=O)Cc1oc2ccccc2c1C(=O)c1cc(C)c(OCCN)c(I)c1,False
CC(OC(=O)c1ccc2c(c1)CCC(=O)N2)C(=O)Nc1ccccc1,False
C=C(c1cc2c(cc1C=O)NC(c1c(NCC(O)COc3ccc(C#N)c(Cl)c3)ccnc1C)N2)N(C)C1CCN(C)CC1,False
C=CC(=O)OCCOC(=O)c1cc(C=O)ccc1O,False
CC1(Cc2ccccc2)CC(O)c2ccccc2O1,True
CCNC(C)c1ccnc(SCCCO)c1,True
CCOC1CC(N)(c2nc(Cc3coc(-c4ccc(OC)cc4)n3)no2)C1(C)C,True
CCOc1ccc(C=CC(=O)Nc2cccc(CN3CCCC3C(N)=O)c2)cc1OCC,False
COC(C)c1cc2c(Nc3ccc(C)cn3)c[nH]c2cc1F,False
CCCC(C)(NS(=O)(=O)N1CCOCC1)C(=O)OC,False
CC(C)(C)c1cc(-c2c3ccccc3c(-c3cccc4c3sc3cccc(-c5c6ccccc6c(-c6cc(C(C)(C)C)cc(C(C)(C)C)c6)c6ccccc56)c34)c3ccccc23)cc(C(C)(C)C)c1,False
Cc1cc2c(cc1Cl)SC(NS(=O)(=O)c1ccc(Cl)cc1)=NS2(=O)=O,True
CCOC(=O)C(C)(C)C(=O)CN1CCCCC1C,False
CCOc1cc(C=c2sc3nc4c(C)c(C)ccc4n3c2=O)ccc1O,False
Cc1nccn1Cc1ccc(C(=O)NCCCc2cccc(OC(C)C)c2)cc1,False
COc1ccc(C=CC(=O)Nc2ccc(C)c(C)c2)cc1S(=O)(=O)N1CCCCC1,False
C=Cc1scc2c1OCCO2.O=Cc1scc2c1OCCO2.[B].c1scc2c1OCCO2,False
C=CCOC(=O)NCCNC(=O)c1cc(O)cc(O)c1,False
CC(c1cccc(O)c1)c1nsc2c(Cl)c(C(=O)NC(Cc3cccc(S(C)(=O)=O)c3)C(=O)O)c(Cl)cc12,False
CCCOc1ccc(CCC(=O)N2CCCNCC2)c(C)c1,False
Cc1cc(Br)ccc1Oc1ccc(C=O)cn1,False
O=[N+]([O-])c1c(Br)c(Br)cc2c1nc(N1CCNCC1)n2C1CCC1,True
Cc1cccc(-c2ccccc2)c1N1c2cc3c(cc2B2c4ccccc4N(c4ccccc4)c4cc(N(c5ccccc5)c5ccccc5)cc1c42)B1c2ccccc2N(c2c(-c4ccccc4)cccc2-c2ccccc2)c2cc(N(c4ccccc4)c4c(-c5ccccc5)cccc4-c4ccccc4)cc(c21)S3.Cc1cccc(-c2ccccc2)c1N1c2cc3c(cc2B2c4ccccc4N(c4ccccc4)c4cc(N(c5ccccc5)c5ccccc5)cc1c42)B1c2ccccc2N(c2ccccc2-c2ccccc2)c2cc(N(c4ccccc4)c4ccccc4-c4ccccc4)cc(c21)S3.Cc1cccc(-c2ccccc2)c1N1c2cc3c(cc2B2c4ccccc4N(c4ccccc4-c4ccccc4)c4cc(N(c5ccccc5)c5ccccc5-c5ccccc5)cc1c42)B1c2ccccc2N(c2ccccc2-c2ccccc2)c2cc(N(c4ccccc4)c4ccccc4-c4ccccc4)cc(c21)S3,False
Cc1cc(C)c(Nc2ccc(=O)n(Nc3ccc(C#N)cc3)n2)c(C)c1,False
COc1cc(CN2CCN(C3CCN(Cc4ccccc4)CC3)CC2)cc(OC)c1OC.O=C(O)C(=O)O,False
CNc1nc(NC(C)(C)C)nc(Oc2ccc(C=O)cc2)n1,False
CCSc1ccccc1NC(=O)n1ccnc1,False
C=C1CCC(=C)CC1.O=C(O)C1CC1.O=C(O)C1CC1,False
CCOc1ccc(N(CC)c2ccc(C=O)cc2)cc1,False
CC(CCCCNC(=O)CCC(C)C1CCC2C3C(C)CC4CC(O)CCC4(C)C3CCC12C)C(N)=O,False
COCOC(C(C)C)C12CCC(C)(C)CC1C1C(=O)C=C3C4(C)CC(C=O)C(=O)C(C)(C)C4CCC3(C)C1(C)CC2,False
C=CC(=O)NC1CCC(C(=O)N2CCCC(Nc3ncc(SCc4ncc(C(C)(C)C)o4)s3)C2)CC1.C=CC(=O)NCc1ccc(C(=O)N2CCCC(Nc3ncc(SCc4ncc(C(C)(C)C)o4)s3)C2)cc1.C=CC(=O)Nc1ccc(C(=O)N2CCCC(Nc3ncc(SCc4ncc(C(C)C)o4)s3)C2)cc1.C=CC(=O)Nc1ccc(OC(=O)N2CCCC(Nc3ncc(SCc4ncc(C(C)(C)C)o4)s3)C2)cc1,False
Cc1cc(C=O)c(NC(=O)CN(C)C(=O)OC2c3ccccc3-c3ccccc32)s1,False
c1ccc(-c2nc(-n3c4ccccc4c4c5c6ccccc6oc5c5ccccc5c43)nc3cc(-c4cccc5ccccc45)ccc23)cc1,True
Cc1cccc(NC(N)=NC2CCC(C(=O)OC(C)(C)C)CC2)c1,False
CCOC(=O)CCN(C)C(=O)CC1(OC)CCC1,False
OCCc1ccc(NC2CCCC(C(F)(F)F)C2)cc1,False
COc1ccn2cc(C(=O)O)nc2c1,False
COP(=O)(OC)C(C)c1cnc(C)c2c1COC(C)(C)O2.Cc1ncc(C=O)c2c1OC(C)(C)OC2,False
CC(C)(C)OC=O.O=C(Nc1ccc(C23CN2CCO3)cc1)c1ccccc1O,False
O=C(O)c1ncccc1Cn1nc2ccccn2c1=O,False
CC(C)(C)[Si](OCC(CCC=O)OCc1ccccc1)(c1ccccc1)c1ccccc1,False
Cc1ccc(Br)cc1S(=O)(=O)N1CC(=O)NC(=O)C1C,False
COc1ccc(OCCSc2nc(N)cc(=O)[nH]2)cc1,False
COC(C=O)=C1NC(=O)N(C)C1=O,False
CSCCC(N)C(=O)O.NC(CO)C(=O)O.NC(Cc1cnc[nH]1)C(=O)O.NCC(=O)O,False
CC1(C(=O)NCCCn2ccnc2)CC(c2ccccc2Cl)=NO1,False
Cc1ccc(-n2c(SCC(=O)c3ccc(O)c(O)c3)nnc2-c2ccc(Cl)cc2)cc1,False
O=C(O)CCCC(=O)OCc1cc(=O)c(O)co1,False
CCCCCCCc1ccc2c(c1)Cc1cc(-c3cc(F)c(OC(F)(F)F)c(F)c3)ccc1-2,False
O=C(CSc1cccnn1)Nc1cc(N2CCCCC2)ncn1,False
CCCCS(=O)(=O)NC(Cc1ccc(OCC2CN(c3ccccc3CN)C(=O)O2)cc1)C(=O)O,False
C.CCCCC(CCS(C)(=O)=O)Nc1nc(N)nc(C)c1Cc1cc(CC(=O)O)ccc1OC.[C-]#[N+]Cc1ccc(OC)c(Cc2c(C)nc(N)nc2NC(CCCC)CCS(C)(=O)=O)c1.[C-]#[N+]Cc1ccc(OC)c(Cc2c(C)nc(N)nc2NC(CCCC)CCSC)c1.[K+].[OH-],False
CCN(CC)CCCCNC(=O)c1n[nH]c2c1CNCC2.Cl.Cl,False
CC1CCN(C(=O)CN(CCCc2ccccc2)S(C)(=O)=O)CC1,False
CCC(CC)Oc1ccc(CBr)cc1Cl,True
COc1cc2c(C)c(CC(=O)N3CCOCC3)c(=O)oc2c(C=O)c1O.Cc1c(-c2ccc(C(=O)CCCN3CCOCC3)cc2)c(=O)oc2c(C=O)c(O)ccc12,False
CCCOC1CCN(C(=O)c2cncc(-c3ccc(N)nc3)c2)CC1,False
COc1cc(C=O)ccc1OC(C)Br,False
CC1(C)C=CC=C2C(N)CCC21,False
Cc1c(-c2ccccc2)cccc1-c1cn[nH]c1,False
COc1ccc(O)c(C(C)Nc2cc(Br)ccc2Br)c1,True
COC1(NC(=O)C(OC=O)c2ccccc2)C(=O)N2C=C(C(=O)O)C(C(C)=O)SC21.c1cc2cc-2c1,False
Cc1ccc(C#N)cc1S(=O)(=O)N1CC2CCCC(N)C2C1.Cl,True
O=Cc1[nH]c2ccccc2c1C(=O)C1NCCS1,False
O=C(O)c1ccccc1Nc1c(S(=O)N2CCOCC2)cnc2ccc(Br)cc12,False
CC=CCCNC(=O)c1cnn(C)c1,False
CC(C#N)C1CCC(O[Si](C)(C)C(C)(C)C)CC1,True
CCCOC(=O)Nc1cc(C(=O)O)ccc1O,False
CSc1ccc(C=NNC(=S)Nc2cccc(Cl)c2C)cc1,False
CC(C)OCCCCCS(=O)(=O)NC(C)C(C)(C)C,True
Cc1ccc(C(=O)Nc2ccc(SCC(=O)Nc3nc(-c4ccc(Cl)cc4Cl)cs3)cc2)cc1,False
CC(C)Oc1ccccc1-c1ccc(CN)s1,True
O=S(=O)(O)Oc1ccc2ccccc2c1OS(=O)(=O)O,True
CC(Br)=CC(CC(=O)Cc1nc(C(=O)O)no1)O[Si](C)(C)C(C)(C)C,False
CCCCc1ccoc1C1CCCCC1,True
CCNC(=NCc1ccc(C)cc1OCCCOC)NCc1nncn1-c1ccccc1.I,True
C#Cc1cc(-c2cc(Cl)ccc2Cl)cs1,False
NCc1cn[nH]c1-c1ccc2nc[nH]c2c1,False
CCC(O)Nc1nc2ccc(-c3n[nH]c(=O)c4ccccc34)cc2[nH]1,False
CC.CC=CC1=C(C=CC)C(C)OC1=O,False
COc1ccc(OC)c(Sc2ccc(C=[N+]=[N-])cc2)c1.[Cl-].[Cl-].[Zn+2],True
CNC(=O)C(C)Nc1ccc(N)c(C(C)=O)c1,False
Brc1ccccc1-c1ccccc1-c1ccc2c3ccc(-c4ncncn4)cc3n(-c3ccccc3)c2c1,False
O=C(CCCl)c1ccc(CCC(=O)c2ccccc2)cc1,False
CC(=Nc1ccc(F)cc1)C(=CN)C(C)C,False
CCSC(=O)C=C(C)c1ccccc1,False
CCOC(=O)C1=NCCc2cc(OC)c([N+](=O)[O-])cc21.O=[N+]([O-])[O-].[K+],False
O=C(c1csc2ccccc12)C1COCCN1,False
COCCCNC(=O)C1CCN(C(=O)C=Cc2ccccc2)CC1,False
CCn1c(SCC(=O)N2CCCCCCC2)nc2cc(S(=O)(=O)N3CCOCC3)ccc21,False
COC(=O)c1cc(O)ccc1C=O,False
Cc1cc(N2CCC=C(c3ccccc3C)C2)nc(Cl)n1,False
Cc1ccc(CCCNC(=O)c2occc2COc2ccccc2)c(C)c1,False
COc1c(O)c2c(O)cccc2oc1=O,False
CCOC(=O)C1=C(c2ccccc2)N=c2sc(=Cc3cc(I)c(OC(C)C)c(I)c3)c(=O)n2C1c1ccc(OCC)cc1,False
O=C(NNC(=O)C1CCCC1)c1nn(Cc2ccccc2)c(=O)c2ccccc12,False
CNc1nc(CS(C)(=O)=O)ncc1I,True
CC(C)c1ccc2c(cnn2C2CCCCO2)c1N1CCc2c(nc(OCC3CCCN3C)nc2N2CCN(C(=O)OC(C)(C)C)CC2)C1,False
C.C.C.C.C.CC1(C)OCC2C=CC(=O)N21.CC1(C)OCC2CCC(=O)N21.CC1C(=O)N2C(COC2(C)C)C1C.CC1C(CO)NC(=O)C1(C)C.CC1C2COC(C)(C)N2C(=O)C1(C)C.CC1CC(=O)N2C1COC2(C)C.[B],False
CC(O)CNc1ccc(C(=O)c2ccccc2)cc1,False
O=S(=O)(C=Cc1ccccc1)NCCN1CCOCC1,True
O=C(C=Cc1ccccc1)OC(=O)C1(O)CC(O)C(O)C(O)C1,False
CC(C)(C)c1ccc(CC(I)C=O)cc1,False
CCCC(C)OC1(C(=O)N(C=O)NC(=S)NC2CC2)C=CC=CC1,False
CC(=O)OOCc1cc(C)c2ccccc2n1,False
N#Cc1ccc(Oc2ccc(C=O)cc2)nc1,False
COC(=O)c1cc2cc(C(CC(=O)Cc3cc4c(OC)cc(OC)c(OC)c4c(OC)c3OCc3ccccc3)O[Si](c3ccccc3)(c3ccccc3)C(C)(C)C)c(OCc3ccccc3)c(OC)c2c(=O)o1,False
Cn1nccc1-c1ccc(Sc2cccc(C3(C(N)=O)CCOCC3)c2Cl)cc1,False
C=CC(=O)CC1CCN(C(=O)OC(C)(C)C)C1,False
CC1OC(CO)C(O)C(OC2OC(CO)C(O)C(OC3OC(CO)C(O)C(OC4OC(COC5OC(CO)C(O)C(OC6OC(CO)C(O)C(OC(C=O)OC(C=O)CO)C6O)C5O)C(O)C(OC5OC(CO)C(O)C(OC(OC(C=O)CO)C(O)C=O)C5O)C4O)C3O)C2O)C1O,False
CN(Cc1ccc2c(c1)OCCO2)C(=O)Nc1cnn(CC(N)=O)c1,False
CC(C)Nc1ccccc1C(=O)NC(C)C1CC1,False
Cn1cnnc1C1(C)CCN(c2c(C#N)cccc2-c2cccnc2)CC1,False
CCCCCC(C)(C)CNC(=O)C(C)CCN,False
C=C(C)OC(=O)NC1CC=C(CNCCC2(O)CN(C(=O)OC(C)(C)C)C2)OC1C1C(NC(=O)OC(C)(C)C)CC(NC(=O)C(O)CNC(=O)OC(C)(C)C)C(OC2OCC(C)(O)C(N(C)C(=O)OC(C)(C)C)C2O)C1O,False
CC.CC.O=Cc1nc(C#CCCCOP)cs1,False
O=C1c2cc(Cl)ccc2OC2OC12,False
O=Cc1cc(C(=O)N2CCN(C3COC3)CC2)c2ccccc2n1,False
C=CCOC(=O)CC1Cc2cc(OC)c(OC)cc2C(N)Cc2cc3c(cc21)OCO3,False
CN(CCO)C(=O)N1CCCC1C(=O)O,False
Cc1cccc(CCC(=O)NNC(=O)C(=O)NC2CC2)c1,False
C.CC1OC(OC2C(OC(=O)C34CCC(C)(C)CC3C3=CCC5C6(C)CCC(OC7OC(C(=O)O)C(O)C(OC8OCC(O)C(O)C8O)C7OC7OC(CO)C(O)C(O)C7O)C(C)(C=O)C6CCC5(C)C3(C)CC4O)OC(CO)C(NC(=O)COC3OC(CO)C(O)C3O)C2O)C(O)C(O)C1OC1OCC(O)C(O)C1O,False
CCCc1c(C=CNC=O)c(C(C)=O)c2c(c1CC)OCO2,False
C=CCN(C(=O)OC(C)(C)C)C(CO[Si](C)(C)C(C)(C)C)C(=O)C=CC,False
CC(C)CC(N)(C=O)NC(=O)c1ccc(NC(=O)N2Cc3cccnc3C2)cc1,False
CC#N.CCCCC(=O)N=C(N=CN)c1ccc(C2CCC(CO)O2)[nH]1.CO.COC(=O)CC1CCCCC1,False
CCN(Cc1ccccc1C)C(=O)CNCC1CC1.Cl,False
Nc1ccc(N2CCCC3CCCCC32)c(Br)c1,False
c1ccc(Cc2nc3ccccc3n2C2CCN(C3(c4ccccc4)CCCCCC3)CC2)cc1,False
CC(C)(C)OC(=O)N1CCC(C)(C(=O)Nc2cnc3cccnc3c2)CC1,False
CC.O=Cc1ccc(B2OCCO2)cc1,False
Cc1ccc2nc(-c3ccc(C)c(NC(=S)NC(=O)C=Cc4ccc(C(C)C)cc4)c3)oc2c1,False
NC(C=O)C(O)C(O)C(O)CO.NS(=O)(=O)c1cc(C(=O)O)c(O)c2ccccc12,False
CN(C)c1cc(CNC(=O)C2CCCC(N)C2)c2ccccc2n1.Cl.Cl,False
O=C(NC(=O)C1CCNCC1)C(=O)N1CCOCC1,False
Cc1ccc(C=Cc2nc(SCc3ccc(-c4ccccc4C#N)cc3)n[nH]2)o1,True
CC(C)(C)C(=O)CSc1nnc(N2CCCCC2)n1-c1ccccc1,False
COC(C(=O)N(C)c1cc(Cl)ccc1N)c1ccccc1,False
CCOC(=O)C1(c2ccccc2)CCN(CCCN(C=O)C2=C(C)NC(C)=C(N(C)C=O)C2c2ccc([N+](=O)[O-])cc2)CC1,False
CC(COCCC(N)=O)(COCCC(N)=O)COCC(=O)NCCCCCCC(=O)NCCCCCCCC(=O)ONC(=O)CCC=O,False
COC(=O)C(Cc1ccccc1)N1CCC(C)(O)C([N+](=O)[O-])C1c1ccccc1,False
CCc1cc(CC(=O)c2cccc(OC)c2N)n(CC)n1,False
CCCc1ccc(OCCNC(=O)COc2ccc3c(c2)CCCC3)cc1,False
CC=CC=CC=Cc1nn(-c2ccccc2)c(C)c1C(=O)N1CCc2ccccc2C1CCC,False
CC(O)CN1C=C(c2cccc(C(=O)Nc3cc4sc(N5CCCCC5)nc4nc3N3CCCCC3)n2)CN1,False
Cc1c(N)nc(C2CC2)nc1NCCS(N)(=O)=O,True
O=Cc1ccc(Oc2ccc(Sc3ccc(Cl)c(Cl)c3)cn2)cc1,False
CCc1ccc2c(c1)C(C)(C)C(CC=O)=N2,False
CC(C)(C)c1nc(N2CCN(C(C)(C)C)CC2)sc1C=O,False
C=C1C=CC(=O)C=C1.C=C1C=CC(=[N+](C)C)C=C1.CC.CC(=O)O.CC=C(C)C.CC=CC.CC=CC.CC=O.CC=O.CN.CNC.CNC(C)=O.CO.COC.COC.Cc1ccc(C)s1,False
O=CCCC(NCCN1CCOCC1)C(=O)O,False
O=C(O)CC1(c2ccc(Cl)c(N(Cc3ccccc3)Cc3ccccc3)c2)CC1,False
COc1cc(C=O)c(Br)c(Br)c1OCc1ccccc1,False
O=C(Nc1cccc(CS(=O)C2CCOCC2)c1)c1ccn(-c2ccccc2)n1,False
CN(C)C=O.CN(C)C=O.[O-][O-].[O-][O-].[O]=[Mo+4],False
CC.NC(=CN(N)C1COC2C(NC(=O)c3ccsc3)COC21)CC1CCCCC1,False
CCCCCCC=CCNC=O,False
O=Cn1nc2ccccc2n1,False
CCOC1CC(Nc2ccc(C)c([N+](=O)[O-])c2)C1(C)CC,True
Cc1nc(NC(=O)c2cnc(-c3ccc(Cl)cc3)[nH]c2=O)cc(=O)[nH]1,False
COc1cc(OCCCC(=O)NCCCNCCCc2c3ccccc3cc3ccccc23)ccc1CN(CC(C)C)C(=O)c1ccc(-c2coc3ccccc23)cc1,False
CC(C)(C)OC(=O)NC(Cc1cccc(O[Si](C)(C)C(C)(C)C)c1)C(=O)N1CCCC(C(=O)OCC(Cl)(Cl)Cl)N1.CC(C)(C)OC(=O)NCCc1cccc(O)c1.O=C(OCC(Cl)(Cl)Cl)C1CCCNN1.O=C=O,False
CCOC(=O)c1sc(N=C2NC(=O)C(=Cc3cccc(N)c3)S2)nc1C,False
C#CCN1C(=O)COc2c(OCCC)cc(C=O)cc21,False
COc1cc(C=NNC(=O)c2[nH]c3c(Cl)cc(Br)cc3c2-c2ccccc2Cl)ccc1OC(=O)c1ccccc1,False
COC(=O)c1ccc(NC(=O)c2[nH]c(C)c(Cl)c2Cl)c(OC2CCN(C(=O)OC(C)(C)C)CC2)c1,False
CCc1ccc(-c2nc3sc(C)c(-c4ccc(OC)cc4)n3c2C=O)cc1,False
CNC(c1ccc(Cl)cn1)C1CCCc2cccnc21,False
Nc1ccccc1C(=O)OCC=Cc1ccccc1.O=C1OC(=O)c2ccccc21,False
Cn1nc(C(F)(F)F)cc1-c1nccc(-c2csc(NC3=NCCCN3)n2)n1,False
C=C(c1ccccc1N(CC)CCCCC(C)CC(C)(C)CCCCCNc1cccc(OC(C(=O)O)C(C)C)c1C(=CC)C(=O)C(N)=O)C(C)(O)COC.CN.COC(C(=O)O)C(C)C,False
CC(C(N)=O)n1ccnc1CCc1ccc(Cl)cc1,False
COc1cc(C#N)ccc1NS(=O)(=O)NCC(F)(F)F,False
CC(=O)Nc1sc(NC(=O)C2COc3ccccc3C2)nc1-c1ccccc1.O=CO,False
CC=CC(=O)C(CO)N(CO)CO,False
COCCNCC1CC1c1cc(Br)ccc1F,False
O=C(NCC(O)C(=O)O)c1ccc(N2CCCCC2NC2=NCCCN2)cc1,False
CC(C)C(=O)OCc1ccc(NC=O)cc1.CC(C)C1CC(=O)N(CCC(=O)NCCOCCOCCOCCOCCOCCOCCOCCOCCC(N)=O)C1=O.CC(C)CC(=O)NC(C)C,False
O=C1CCc2ccc(OC3CCC(CO)N(C(=O)O)C3)cc2N1,False
CCC(C)NCc1cccc(OCc2ccc(Cl)cc2Cl)c1,True
CC1CN(Cc2ccc(C(=O)CNCCN3CCC(OC(=O)Nc4ccccc4-c4ccccc4)CC3)cc2)CC(C)O1,False
CC.CC=CCCN(CCN(CCNCCCOC)C(C)C=C(C)C)c1cc(C=O)ccc1CCCCCCC,False
COC(=O)c1ccc2c(C(C)=Nc3ccc(CN(C)Cc4ccc(C)cc4)cc3)c(O)[nH]c2c1,False
Fc1cccc(F)c1Cc1nnc(CBr)n1C1CC1,False
CCC(C=NC1=C(C)C(=O)CCCC(=O)C2(I)CC12)CCC(=O)Nc1cncc(-c2ccc(Cl)cc2)c1,False
Cc1ccc(N2C(=O)CC(N3CCc4c([nH]c5ccc(Cl)cc45)C3C)C2=O)cc1C,False
CCCC(Nc1cc(Cl)ccc1C)c1ccc(Cl)cc1,False
COc1ccc(C(C)NC(=O)N(C)Cc2ccccn2)cc1Br,False
C=CCOCC(NC(=O)COc1ccc2c(c1)CCCC2)C(=O)O,False
COC(=O)CCN(CCN)c1cnn2cc(-c3cnn(C)c3)ccc12,False
Cc1cccc(C(=O)NC(C)c2nnc(SCC(=O)Nc3nc(-c4ccccc4)cs3)n2C)c1,False
CCc1nsc(N2CCN(C(=NC)NCCNC(=O)CC3CCCC3)CC2)n1,False
Cc1cc(Br)ccc1NC(=O)COC(=O)c1ccc(-c2ccc(C=O)o2)cc1,False
C.Cc1ccncn1.ClCc1ccncn1.Cn1c(=O)n(Cl)c(=O)n(Cl)c1=O.N#CC(=Cc1cc(O)c(O)c([N+](=O)[O-])c1)c1ccncn1.O=Cc1cc(O)c(O)c([N+](=O)[O-])c1.[C-]#[N+]Cc1ccncn1,False
Cc1nc(SCc2ccc(C(=O)NCC3CC3)cc2)nc(N2CCN(C)CC2)c1C,False
CN(C)C(C=O)N1CCCC(c2ccc(N)cc2)C1,False
O=Cc1c(O)ccc2cc(N3CCC(N4CCOCC4)C3)ccc12,False
Cc1cc(COc2cccc(C=O)c2)nc(-n2c(C)ccc2C)c1,False
COc1cc(C#N)c(F)cc1NS(=O)(=O)c1c[nH]c2cc(Cl)ccc12,False
O=Cc1cn(CC(O)(Cn2cncn2)c2ccc(Cl)cc2Cl)c2ccccc12,False
C=CC=C(C=CC)C(=O)c1cc2ccccc2o1,False
CS(=O)(=O)CCN1C=Cc2cc(-c3ccc(S(C)(=O)=O)cc3)nc(Nc3ccc(C4CCNCC4)cc3)c2C1C=O,False
Cc1cccc2sc(-c3cc4ccccc4cc3N)nc12,False
NCCNc1ncc2c(n1)CCOC2,True
CC.CCOC(=O)N1CCN(CCOc2ccc(-c3ccn[nH]3)cc2C)CC1,False
CCn1nc2c(c1C=O)CCS(=O)(=O)C2,False
C1=CC(N(c2ccc(-c3ccc4ccc5ccccc5c4c3)cc2)c2ccc(-c3ccc4ccc5oc6ccccc6c5c4c3)cc2)=CCC1,True
FC(F)(F)N=C1N=CC=N1,True
CCC=CC(=O)N(C)C=O,False
CC(C)=CC(=O)N1CSCC1C(=O)NCCN1CCOCC1,False
COc1cc(CNCCN(C)C)ccc1OCC(=O)N1CCCCC1,False
C(CCCOC1CCCCC1)CCCOC1CC1,True
CN(C)C(=O)c1cccc(N2CCOC2=O)c1,False
CC(C=O)N(C)C(=O)C1(S)CC(CN(C)C)C(c2ccc3c(c2)OCO3)N1C,False
CNC(C)Cc1noc(-c2occc2CN2c3ccccc3CC2C)n1,True
CC1COCC2(CCN(c3nc4cnn(-c5cccc(Cl)c5Cl)c4nc3CO)CC2)C1,True
CC.CC(C)(C)C#Cc1cc(N(C=O)CC=O)c(C(=O)O)s1.CC1CCCCC1.CN1CC2CC1CO2,False
CCC(C)(C(O)Cc1c(Cl)cccc1Cl)N1CCOCC1,True
Cc1cccc(C)c1OCC(=O)OCC(=O)NC(N)=O,False
O=Cc1cncn1CC(C1CC1)C1CC1,False
CC=C(C)Oc1cc(C(C)C)c(OC(C)=O)c(C(C)C)c1,False
CC(C)N(C)CCCCN1CC(=O)NC(=O)C1,False
Clc1ccc(CN2Cn3ncnc3-c3c2sc2c3CCN(C3COC3)C2)cc1,True
Cc1cc(C)c2c(c1)C(=O)NC(O)N2,False
C=C1OCCCC1OC(=O)C1(C(=CCC)C(C)(C)C)CC1(C)C,False
CN1CCC(NS(=O)(=O)N(C)CCC(=O)O)C1,False
CCN1CCN(c2ccccc2NS(=O)(=O)c2ccc([N+](=O)[O-])cc2Cl)CC1,True
CCCc1noc(CN(C)CCC(C)O)n1,True
Cc1nccn1CCN(C)c1nccc(-c2ccccn2)n1,False
CC(C)(C)c1ccc(-c2nc3sc(=Cc4ccc(-c5cccc(Cl)c5Cl)o4)c(=O)n3n2)cc1,False
O=c1oc2cc3occc3cc2cc1OCCCBr,False
CC=C(C)C(=NC1=NCCC1)NC(=O)CCC.CCC.COc1ccc(C(OCC2CCC(C)O2)(c2ccccc2)c2ccc(OC)cc2)cc1,False
Cc1cc(C(N)=O)ccc1NCc1cccc(C)c1O,False
C[NH+]1CCc2c(sc(NC(=O)Cc3ccccc3)c2C(=O)[O-])C1,False
COC(=O)C1CN(CC(=O)NC2CCS(=O)(=O)C2)CC1C,False
CCN(CC)c1ccc(C=c2sc3n(c2=O)C(c2cccs2)C2=C(N=3)c3ccccc3CC2)o1,False
CCOCCCNC(=NCC(=O)N(C)C)NCCCOc1ccccc1.I,False
C=C[SiH](OC=O)c1ccccc1,False
O=c1c2ccccc2nc(-c2ccccn2)n1-c1ccccc1[N+](=O)[O-],False
C=CC=C(C(=C)C)C1=C2N=C(N(C)C)N=C2C(=CC)C(=CC)C1=O.CC,False
C=C(CC(C)CC(C)N(C)c1cccc(F)c1)C(C)C,False
CCc1cc2cc(C(C)C)cnc2[nH]c1=O,False
CON(C)C(=O)c1ccc(C)c(S(=O)(=O)NCc2ccccc2)c1,False
CC(C)(C)c1cc(C(=O)Cn2c(=N)n(CC3CCC(C(N)=O)CC3)c3ccccc32)cc(C(C)(C)C)c1O.Cl,False
C=c1[nH]c(=O)c2ccc(C(C=CC(C)CC)=CC)cc2c1=CNc1ccc(N(CCC)CCC)cc1.CC,False
COc1cc(NC2CCN(c3cccc(C(=O)O)n3)CC2)cc(OC)c1,False
C1CNCCN1.Cc1cn(CC2(O)CCCN(C=O)C2)cn1.Clc1ccc2c(c1)CCc1cccnc1C2,False
CS(=O)(=O)C1CC2CCC(C1)N2C(=O)c1cc2ccccc2o1,False
FOc1ccc(-c2cc3cccnc3[nH]2)cc1,False
CC(C)(C(N)=O)N(Cc1ccccc1)C(=O)CNC=O,False
C=CC=C(C=C)CCNC.CCC.CCC(C)C(C(CC)OC)N(C)C(=O)CNC=O.CNC(C)C(C)C.COC(=O)C(C=O)C(OC)C1CCN1C=O,False
CC[N+](C)(OC)OC,True
CCCCC(NC(=O)C(N)CCC(=O)O)C(=O)NC(C(=O)NC(C=O)Cc1ccccc1)C(C)C,False
O=CC1N=NNN1,False
CCOC(=O)c1c(-c2cccs2)csc1NC(=O)c1cc2c(Cl)cccc2n1C,False
COCCCOc1nc(I)ccc1OC,True
N#Cc1cc([N+](=O)[O-])cnc1NCC1(CO)CCCC1,True
CC(=O)c1ccc(OCCC(C)(C)C#N)c(Cl)c1,False
CC(C)c1nnc2c(N)c(Cl)ccn12,False
CC.CC(C)N1CCC2(CC1)OCCO2.CC(C)N1CCC2(CCCO2)CC1,True
O=CC(O)COC1OC(COP(=O)(O)OCC(O)CO)C(O)C(O)C1OC1OC(CO)C(O)C(O)C1O,False
CCCCCCCCCCN(CCCCCCCCCC)CCC(=O)[O-].[Li+],False
COc1ccc(COC(=O)C2=Cc3ccccc3NC2)cc1,False
C=C(Br)CNC(=O)CN(C)C(=O)c1cccs1,False
CC=C(C=CC=O)Nc1ccc(OC)c(CC)c1,False
CCOC(=O)C1=C(C)N=c2sc(=Cc3ccc(SC)cc3)c(=O)n2C1c1ccccc1OC(C)C,False
CCOC(=O)COc1c(C(=O)OC)sc(-c2ccc(C(=O)Nc3ccccc3)cc2)c1Br,False
CSCCCCN1C(=O)CNC1C(C)C,False
CCOc1ccccc1OCCn1c(CO)nc2ccccc21,True
C=O.C=O.Cc1cccc(N2CCOCC2)c1,False
NS(=O)(=O)Cc1cc2occ(NC=O)c(=O)c2cc1Oc1ccccc1,False
C=C(C)C1(F)CN2CCCC2(CO)C1,False
CN1C(N)=NC(C)(c2nc(NC=O)cs2)CS1(=O)=O,False
C#CCN(CC(=O)O)C(=O)C(N)Cc1ccc(O)cc1,False
CN1CCC2(C)c3cc(OC(=O)O)ccc3N(C)C12c1ccc(Cl)cc1,False
O=Cc1ccc(C(=O)OCc2nc(-c3cccs3)no2)cc1,False
CCOc1ccc(-c2nnc(SC(C)C(=O)NCCOC)n2N)cc1,False
CC1C(N2CCN(c3ccoc3)CC2)C2CCN1CC2,True
COc1cc(OC)c(OC)cc1C=Cc1cccc(C=Cc2cc(OC)c(OC)cc2OC)[n+]1CC(F)(F)F,False
CCOC(=O)C1=C(C)N=c2sc(=Cc3cc(Cl)cc(Cl)c3OCc3ccc([N+](=O)[O-])cc3)c(=O)n2C1c1ccc(C)cc1,False
CCN1CCC(CNC(=O)C2CCC(CN)O2)C1,False
CC(C)C(=O)OC1C(COP(=O)(NC(C)C(=O)OC2CCC2)Oc2cccc3ccccc23)OC(C#N)(c2ccc3c(N)ncnn23)C1OC(=O)C(C)C,False
CC(C)C(C)Nc1snc(N)c1-c1cccnc1,False
Ic1ccc[se]1.O=C1C(=Cc2ccc(N3c4ccccc4[Se]c4ccccc43)[se]2)C(=O)c2cc3c(cc21)sc1ccccc13.O=C1C(=Cc2ccc(N3c4ccccc4[Se]c4ccccc43)[se]2)C(=O)c2cc3c(cc21)sc1ccccc13.O=C1CC(=O)c2cc3c(cc21)sc1ccccc13.O=Cc1ccc(N2c3ccccc3[Se]c3ccccc32)[se]1.c1c[se]c(N2c3ccccc3[Se]c3ccccc32)c1.c1cc[se]c1.c1ccc2c(c1)Nc1ccccc1[Se]2,False
C=C1CC23CCC4C(C)(C(=O)OC5OC(CO)C(O)C(OC6OC(CO)C(O)C(O)C6O)C5OC5OC(CO)C(O)C(O)C5O)CCCC4(C)C2CCC1(CC1OC(CO)C(O)C(OC2OC(CO)C(O)C(O)C2O)C1OC1OC(C)C(O)C(O)C1O)C3,False
COc1cccc(C(=O)NCC(=O)N2CCCN(C(N)=O)CC2)c1,False
CCn1c2cc(SC)ccc2c2ccc(N(c3ccc(OC)cc3)c3ccc4c(c3)C(c3ccccc3)(c3ccccc3)c3cc(N(c5ccc(OC)cc5)c5ccc6c7ccc(SC)cc7n(CC)c6c5)ccc3-4)cc21,True
CC(C)CC=C1CCC2(CC1)SC(CC(=O)O)C(=O)N2CCCCCc1ccccc1,False
CNC(=S)Nc1ccc(Br)c(OC)c1.O=Cc1ccccc1,False
Cc1cc(N2CCCC2)ccc1NC1CNC1,False
NC(=O)CCCCCNC(=S)Nc1ccc(CC(CN(CC=O)CCN(CC=O)CC(=O)O)N(CC=O)CC(=O)O)cc1,False
Cc1ccc(C(=O)N2CC(C)OCC2c2ccccc2)cn1,False
CNS(=O)(=O)Nc1ccc(F)c(C#N)c1,False
C#CCCCC(CC(C)CC(C)(C)C)NN,False
NS(=O)(=O)CCCNc1cccc(C(=O)O)c1,False
C=P(OCC1OC(n2cc(C)c(=O)[nH]c2=O)CC1OP(=C)(OCC1OC(n2cc(C)c(=O)[nH]c2=O)CC1OP(=C)(OCC1OC(n2cc(C)c(=O)[nH]c2=O)CC1OP(=C)(OCC1OC(n2cc(C)c(=O)[nH]c2=O)CC1OP(=C)(OCC1OC(n2cc(C)c(=O)[nH]c2=O)CC1O)c1cn(C(C)C)nn1)c1cn(C(C)C)nn1)c1cn(C(C)C)nn1)c1cn(C(C)C)nn1)(OC1CC(n2cc(C)c(=O)[nH]c2=O)OC1CO)c1cn(C(C)C)nn1,False
CCCN(C(=O)C1CCC2CCCCC2N1)C(C)C,False
CC(C)N(CCCO)C(=O)c1cc(Cl)nc(Cl)c1,False
O=C(O)c1cccc(-c2csc(=O)[nH]2)c1,False
CCc1ccccc1Oc1cncc(CNCC(C)C)n1,True
C=C(Nc1ccc(CN2CCC(C(=O)O)C(C)C2)cc1)C(=N)C=C(C)c1ccccc1.CC(C)(C)C,False
CCCCNS(=O)(=O)c1cccc(NC(=O)c2cc(OC)c(OCc3ccccc3)c(OC)c2)c1,False
N#CC(=Cc1cccc2cnccc12)c1c[nH]c2ccc(Br)cc12,False
COc1[nH]n(-c2ccc(NC(C)=S)cc2)c(=O)c1C=O,False
CC.CCCCCCC(C)C1CCC2C13CCC1C4([Se])CCCCC4CCC12S3.O,True
COc1cccc2sc(NC(=O)Cc3coc(-c4ccccc4)n3)nc12,False
Cc1c(C=C2CCN(C(=O)CC3CC3)CC2)cc(Cl)cc1NC(=O)c1cccc(C#N)c1,False
CCNC(=O)c1ccc(N)cc1Nc1ccc(I)cc1,False
CCCCCCCCCCOc1ccc(C=Nc2cc(C)c(C)cc2N=Cc2ccc(C)cc2O)c(O)c1.CCCCCCCCCCOc1ccc(C=Nc2cc(C)c(C)cc2N=Cc2ccc(C)cc2O)c(O)c1.CCCCCCCCCCOc1ccc(C=O)c(O)c1.Cc1cc(N)c(N)cc1C.O=Cc1ccc(O)cc1O.[Cl][Pt][Cl].[Pt],False
Cc1ccc2nc(C(C)Cl)n(CCn3ccnn3)c2c1,False
O=C(O)c1cc(N=Nc2ccc(-c3ccc(N=Nc4cc(S(=O)(=O)O)c5ccccc5c4O)cc3)c([N+](=O)[O-])c2)ccc1O.[Na+],False
C=CC(=O)N1CCN(Cc2cc3cc(-c4ccccc4O)nnc3[nH]2)CC1C,False
O=C(CCc1nc2ccccc2s1)N1CCCc2cc(Br)ccc21,False
CCCCCCCCCCCCCCCC(=O)OCC(COP(=O)([O-])OCC[N+](C)(C)C)OC(=O)CCCCCCCC=CC=O,False
CC.CCN(CCC(O)C(C)O)c1ccccc1C,True
C=C(N)c1ccc(-n2c3c(c4ccccc42)C(=C)CCC3)cc1NCCCC,False
C=CC(=NN(C)C)C(C)C,False
COc1ccc(C2OCC3OC(OC4C(CO)OC(OC5CCC6(C)C(CCC7C8CC9OC%10(CCC(C)CO%10)C(C)C9C8(C)CC(=O)C76)C5)C(O)C4O)C(O)C(O)C3O2)cc1,False
Nc1cc(-c2nc(NCCO)nc(Nc3ccccc3)n2)cc(S(=O)(=O)[O-])c1C=Cc1ccc(-c2nc(NCCO)nc(Nc3ccccc3)n2)cc1S(=O)(=O)[O-].[Na+].[Na+],True
Cc1cc(NC(=O)CSc2nc3cc(Cl)ccc3s2)on1,False
NCCCCc1ccccc1CF,False
N#CO.[N-]=[N+]=[N-],True
CCN(CC)CC(=O)C[n+]1csc2ccccc21,False
CC.CC.CC.CC(C)CC(C=O)NC(=O)COCCOCCN.CCC.CCC(N)C(=O)NCC=O,False
CCCNC(=O)c1c(C)[nH]c(C=C2C(=O)Nc3ccc(C=NS(=O)(=O)c4cc5c(s4)S(=O)(=O)C(C)CC5N(CC)C(=O)OC)cc32)c1C,False
O=CCc1cc2c(Cl)cc1=2,False
CCCc1nccn1CC(=O)Nc1ccc(Br)cn1,False
C#CCCCCC(=O)Nc1cccc(C)c1C(=O)O,False
CC.COC(CC=CNC=O)CC=C(C)Cl.COC1=CCC(CC=C(C)C=CC=CC(=O)NC(C)C(C)(C)C)OC1=O,False
CN(c1cccc2cc(-c3ncno3)[nH]c12)S(=O)(=O)c1cccs1,True
CCOC(=O)CCN(CCCOC(C)C)C(=O)C=Cc1cccc(OC)c1,False
O=CNC(CSCc1nnc(Cl)s1)C(=O)O,False
CCCCc1nc2ccn(Cc3ccc(Cl)cc3)c(=O)c2n1Cc1ccc(-c2ccccc2-c2nn[nH]n2)cc1,False
Cc1ccc(C)c(OCC(=O)NCc2nc3ccccc3n2CCc2ccccc2)c1,False
CNNN(c1ccc(Oc2cccc(C(F)(F)F)c2)cc1)c1ccccc1O,False
Cc1cc(Cl)c([N+](=O)[O-])cc1S(=O)(=O)NCCCS(C)=O,True
BrC(Br)(Br)C1PCCP1,False
CCCCCCCCCCCCCCCC(=O)NC1CCC(NC(=O)CCOCCOCCCCC)CC1,False
O=COc1ccc(OOCC2=CC(=O)C=CC2=O)cc1,False
CCC(Oc1ccccc1Cl)C(=O)NCC(N)c1ccccc1.Cl,False
C=CCOC12Oc3ccc(OC(=O)NCCCCCCCCCCCC)cc3C3C(CCCCO)C(CCCCO)C=C(C(=NOC4CCCCO4)CC1N(Cc1ccc4c(c1)OCO4)C(=O)OC)C32,False
Cc1sc2nc(CN3CCC(C)CC3)nc(Oc3ccc(C=O)cc3)c2c1C,False
O=C(c1cc(Cl)ccc1[N+](=O)[O-])N1CCN(S(=O)(=O)C=Cc2ccccc2)CC1,False
CCCCCNc1nc(C)cc(C(N)=S)n1,False
C1CCOC1.C=CC#N.CC.CC.CC(C)(C)[O-].N#CCCOc1ccccc1.O=C(O)CCOc1ccccc1.Oc1ccccc1.[K+],False
CC(NC(=O)C(C)(C)C)C(=O)NCc1cnc[nH]1,False
CC1C=CCCCC(C)CC(C)C(=O)C(C)(C)C(O)CC(=O)NC1.CC=Cc1csc(CC(C)C)n1,False
CC(=O)NC1C(OC2C(O)C(COC3OC(CO)C(OC4OC(CO)C(O)C(OC5(C(=O)O)CC(O)C(NC(C)=O)C(C(O)C(O)CO)O5)C4O)C(O)C3NC(C)=O)OC(OC3C(CO)OC(OCC4OC(OC5C(CO)OC(OCC6OC(OC7C(CO)OC(OC8C(O)C(CO)OC(OC9C(CO)OC(OCC(CO)NC=O)C(O)C9O)C8O)C(NC(C)=O)C7O)C(O)C(OC7OC(CO)C(OC8OC(CO)C(O)C(O)C8O)C(O)C7NC(C)=O)C6O)C(NC(C)=O)C5O)C(O)C(OC5OC(CO)C(OC6OC(CO)C(O)C(OC7(C(=O)O)CC(O)C(NC(C)=O)C(C(O)C(O)CO)O7)C6O)C(O)C5NC(C)=O)C4O)C(NC(C)=O)C3O)C2O)OC(CO)C(OC2OC(CO)C(O)C(O)C2O)C1O,False
C.C.N#C[Se-].[Au+],False
CNCCc1ncc(CCOC)o1,True
CC(Cl)C1CC(c2ccc(Cl)cc2F)=NO1,False
CNC=O.Cc1ccco1,False
CCOc1ccc(CN(CC)Cc2cc(C#N)ccc2F)cc1OC,False
Cc1cccc2c1C(C=O)C(c1ccccc1)=C(C(C)O)O2,False
CCCNCc1cnc(C2CC2(C)C)nc1C,False
Cc1cc(S(=O)(=O)NCC2CCC3(C2)NC(=O)NC3=O)ncc1-c1cc2ccccc2o1,False
CC=CC(N)(CC)C(=O)O,False
CCN(c1cc(Nc2c(C)cccc2C)ncn1)C1CCS(=O)(=O)C1,True
CN=C(NCCOCc1ccccc1)NC1CCN(C(C)c2ccccc2)CC1,True
CNCC(C)N1CCOC(=O)C1,False
COCCN(Cc1c(C)nn(-c2ccccc2)c1Oc1ccccc1Cl)C(=O)c1ccco1,False
CC.CN(C)Cc1ccccc1C=O,False
NC(N)=NC(=O)c1ccc(O)cc1,False
NC(=O)NC(=O)CN1CCCC(c2nnc3n2CCCCC3)C1,False
Cc1cccc(-c2nnc(C(C)C)o2)n1,True
CC(C)CCC(CC(=O)O)NC(=O)OCc1ccccc1,False
O=C(c1csc(-c2cccc([N+](=O)[O-])c2)n1)N1C2CCNCC1CC2,False
CCCN=S(=O)(CC1CCC(N(C)c2ncnc3[nH]ccc23)CC1)C1CC(F)(F)C1.CCCN=S(=O)(Cc1ccc2c(c1)OCCCO2)CC1CCC(N(C)c2ncnc3[nH]ccc23)CC1.CCCN=S(=O)(Cc1ccn[nH]1)CC1CCC(N(C)c2ncnc3[nH]ccc23)CC1.CCN=S(=O)(Cc1ccc2c(c1)OCCCO2)CC1CCC(N(C)c2ncnc3[nH]ccc23)CC1.CCN=S(=O)(Cc1ccn[nH]1)CC1CCC(N(C)c2ncnc3[nH]ccc23)CC1.CN(c1ncnc2[nH]ccc12)C1CCC(CS(=N)(=O)C2CC(F)(F)C2)CC1.CN(c1ncnc2[nH]ccc12)C1CCC(CS(=N)(=O)Cc2ccn[nH]2)CC1.CN=S(=O)(CC1CCC(N(C)c2ncnc3[nH]ccc23)CC1)C1CC(F)(F)C1.CN=S(=O)(Cc1ccc2c(c1)OCCCO2)CC1CCC(N(C)c2ncnc3[nH]ccc23)CC1.CN=S(=O)(Cc1ccn[nH]1)CC1CCC(N(C)c2ncnc3[nH]ccc23)CC1.[C-]#[N+]CC1(S(=N)(=O)CC2CCC(N(C)c3ncnc4[nH]ccc34)CC2)COC1.[C-]#[N+]CC1(S(=O)(CC2CCC(N(C)c3ncnc4[nH]ccc34)CC2)=NC)COC1,False
CC=C(C)N=C=O,False
CC(C)(NCc1c(Cl)cccc1S(C)(=O)=O)C1CC1,True
C[As](C)CCCOc1ccc(C=O)cc1,False
CC(Sc1nnc(C(C)C)o1)C(=O)Nc1ccc(Cl)cc1Cl,False
C=C(C)CC(C)(C)O[Si](C)(C)C,True
CC(C)CC(NC(=O)C(CC(=O)O)NC(=O)C(CC(C)C)NC(=O)C(NC(=O)C(CC(=O)O)NC(=O)CNC(=O)C(CCCN=C(N)N)NC(=O)C(CS)NC(=O)C(N)CS)C(C)C)C(=O)NC(CCCCN)C(=O)O,False
CC(C(=O)NCC1CCCCC1)N1CCC(C(=O)O)C1.Cl,False
CCCCCC(C)N1C(=O)C(CCCC)NC1CC(C)C,False
CCCCCCCCCCCCOc1cc(C#Cc2ccc(-c3c4nc(c(-c5ccc(C#Cc6ccccc6)cc5)c5ccc([nH]5)c(-c5ccc(C#Cc6cc(OCCCCCCCCCCCC)c(C#Cc7ccc(-c8cc(-c9ccccn9)nc(-c9ccccn9)c8)cc7)cc6OCCCCCCCCCCCC)cc5)c5nc(c(-c6ccc(C#Cc7ccccc7)cc6)c6ccc3[nH]6)C=C5)C=C4)cc2)c(OCCCCCCCCCCCC)cc1C#Cc1ccc(-c2cc(-c3ccccn3)nc(-c3ccccn3)c2)cc1,True
COC(C)CCC(=O)Nc1ccc(C(C)N)cc1,False
CC(C)(O)c1cccn2c(C3(C(=O)NCCC=N)CC3)nnc12,False
Nc1c(OCC(F)(F)F)cc(F)cc1OCC(F)(F)F,False
COC(=O)c1cccc(S(=O)(=O)NCc2ccc(OC)nc2)c1,False
C=CCNCC(=O)N(C)Cc1ccc(Br)o1,False
OCC(O)CNCc1cc(Cl)ccc1Cl,True
Cc1cc(COc2c(Cl)cccc2C=O)no1,False
C=CC1C2CC(=C)C12C,False
C=C(CC12CCC3C(CCC4C3(C)CCC3C(C)C(OC(=O)CC(C)(C)C=O)CCC34C)C1=C(C(C)C)C(=O)C2)OCCc1ccc(Cl)cc1.CC.CO.NN,False
Cc1cc2ncc3cc(-c4ccccc4)c(-c4ccc(CN5CCC(c6nc(-c7ccc(C(F)(F)F)nc7)n[nH]6)CC5)cc4)nc3n2n1,False
O=Cc1cn2cc(Cl)cc(Cl)c2n1,False
CCCCC(CC)CC(=O)c1ccoc1Cl,False
CCCCCCCCCCCCCCCCCCC(C(=O)O)C(=O)OCCCCCCC,False
COc1ccc(Cl)cc1NC(=S)Nc1cccc(Cl)c1C,True
CN1CCN(Cc2cnn(-c3ccc(-c4ccc(F)cc4F)cc3)c2-c2ccccc2F)CC1,False
O=C(Nc1nnc(SCc2cccnc2)s1)C1CCC1,False
NS(=O)(=O)NS(=O)(=O)C=O,False
C=C(NC1CCCCC1)c1cc(C)cnc1C,False
CC(Sc1nnnn1C)C(F)(F)F,True
CCOC(=O)C(=Cc1ccc(C)cc1Br)N=[N+]=[N-].CCOC(=O)CN=[N+]=[N-].Cc1cc(C)c2c(C(=O)O)c[nH]c2c1.Cc1ccc(C=O)c(Br)c1,False
CN(C)C(=O)CN=C(NCc1cccs1)N(C)Cc1cc2ccccc2o1,False
O=Cc1ccc(-c2ccc(NCCCN3CCCCC3)c(OCCN3CCCCC3)c2)cc1,False
C=C(C=CC(=CC)C(N)=CN(N)c1cc(C(=O)Nc2cc(C(C)(C)C)cc(NSC)c2OC)ccc1C)CC.CCCN(C)C,False
CCCCCCCCCC(C)C(=O)OCC=O,False
COCCOC.NC=O,False
C1=Cc2ncccc2Cc2cccnc21.C1=Cc2ncccc2Cc2ccncc21.C1=Cc2ncccc2Cc2cnccc21.C1=Cc2ncccc2Cc2ncccc21.C=C1c2cccnc2C=Cc2cccnc21.C=C1c2cccnc2C=Cc2ncccc21.C=C1c2ccncc2C=Cc2ncccc21.C=C1c2cnccc2C=Cc2ncccc21.O=c1c2cccnc2ccc2cccnc12.O=c1c2cccnc2ccc2ccnnc12.O=c1c2cccnc2ccc2ncccc12.O=c1c2cccnc2ccc2nccnc12.O=c1c2cccnc2ccc2nccnc12.O=c1c2cccnc2ccc2nnccc12.O=c1c2ccncc2ccc2ncccc12.O=c1c2ccncc2ccc2nccnc12.O=c1c2cnccc2ccc2ncccc12.O=c1c2cnncc2ccc2ncccc12,False
CC(O)(C=O)CCc1ccccc1Br,False
C=CC(=O)OCCCCOC(=O)Oc1ccc(C(=O)OC2CC(C)CCC2C(C)C)cc1,False
CC.CC.CCc1cc(C)c(N)cc1CC,False
O=Cc1cc(OCc2ccccc2)c(OCc2ccccc2)c(OCc2ccccc2)c1,False
COCCn1c(C(=O)Nc2ccc(C)c(Cl)c2)cc2c1c1ccccc1n2C,False
CS(=O)(=O)c1ncnc2nc(C=O)[nH]c12,False
CC1(C)CCC(NS(=O)(=O)CCCCO)C1,True
CC=C(C=NC)C(=O)NCCCCn1nc(-c2ccc3oc(N)nc3c2)c2c(N)ncnc21,False
CC(C)CC(NCC(C(=O)O)c1cccc(OCc2ccc(Cl)cc2)c1)C(=O)O,False
CC(=O)NC(CO)C(NC(=O)NC(Cc1ccccc1)C(=O)C(=O)C(CC(N)=O)NNC(C=O)CC(C)C)OC(CO)C(C)O,False
CC=CNC(=O)N(CCN)C(C)=O,False
O=C(O)C1CCCCCC(C(=O)O)(C(=O)O)C1(C(=O)O)C(=O)O,False
CCCCCC(=O)c1ccccc1Cl,False
CCCn1c2c(c(O)c(C(=O)NCCC[NH+](CC)CC)c1=O)CCCC2.[Cl-],False
CC(NC(=O)c1cccs1)C(=O)Nc1ccc(C(=O)Nc2cccnc2)cc1,False
CCN1C(=O)SC(=Cc2cc(C)n(-c3ccc(OCc4ccccc4C#N)cc3)c2C)C1=O,False
CCC(N(C=O)c1ccc(S(=O)(=O)O)c(C)c1)S(=O)(=O)C(C)Cl,False
CCOCCCOc1cccc(C=O)c1,False
CCC=CCC(C)CC(=O)NC(CC=Cc1ccc(NC)cc1)C(O)OC,False
CC(N)C1CN(Cc2ccc(C3CC3)cc2)CCO1,True
CCCCCCCCCCCC=CCCCCCC[N+](C(C)C(=O)[O-])(C(C)C(=O)O)C(C)C(=O)O,False
CC=CC(=O)S.c1ccccc1,False
CCC1=C2C(CCC(C)=Cc3ccc(O)cc3)OB(O)CC2C2C(=O)N(C)C(=O)C2C1,False
NCCCCC(NC(=O)Nc1ccc(OCc2ccccc2)cc1)C(=O)N1CCOCC1,False
Cc1ccc(C2C(C(=O)Nc3ccc(C)cn3)OCC(=O)N2C)cc1,False
NC(N)(CCC=O)C(=O)OCc1ccccc1,False
COc1ccc(OC)c2c1ncc1c(=O)n(C)[nH]c12,False
C=CC(=C(C)C=C(C)C(C)C1C=C(C)CCC1)C(C)C1CCCCC1,False
CON(C)C(=O)c1ccoc1,False
CCC1(C(=O)Nc2ccc(C(C)(C)C#N)cc2)CCNC1,False
CCCNCc1cc(Br)cc(S(=O)(=O)N(CC)CC)c1F,False
CC(=O)C=CCCC(C(=O)NC(C)C(=O)NC(C)C(=O)NC(C)C=O)N(C)C,False
C=C.CCOC(C)OCC.O=Cc1ccccc1CC1CCCCC1,False
C(=C(c1ccccc1)c1ccc2ccccc2c1)c1ccc(-c2c3ccccc3c(-c3ccc(C=C(c4ccccc4)c4ccc5ccccc5c4)cc3)c3ccccc23)cc1,False
CCCCCC(C(=O)NCNC(=O)c1ccc(-c2ccc(C(=O)NC(CC(C)=O)C(=O)OCc3ccccc3)c(OCC)c2)o1)C(CC)N(C=O)OC(=O)c1ccc(N)cc1C.CCCCCC(C(=O)NCNC(=O)c1ccc(-c2ccc(C(=O)NC(CC(C)=O)C(=O)OCc3ccccc3)c(OCC)c2)o1)C(CC)N(C=O)OC(=O)c1ccc(N=O)cc1C,False
COC(C(C)C(=O)NCCC(C)C=O)C1CCCN1C=O,False
C#CCOC1C=CC(O)C(CO[Si](c2ccccc2)(c2ccccc2)C(C)(C)C)O1,True
CCCN(CC(=O)O)CC(=O)NC(=O)NC1CCCC1,False
CCCC(Br)=C(Br)S(=O)(=O)NC=O,True
CCCC1=C(C(=O)OCC)C(c2c(OC)ccc3ccccc23)n2c(sc(=Cc3ccc(C)cc3)c2=O)=N1,False
NC1Cc2c(O)cccc2C1CCCC=O,False
CCC(=CCNCc1sccc1Br)C(=O)OC,False
C=CC(N)=O.O=CC(O)C(O)CO,False
CCCn1cc(I)c2ccncc21,False
C=CC(=CC=C(C=C)S(=O)(=O)C(C)=CC=C(C=C)OC(C=C)=CC=C(C=C)S(=O)(=O)C(C=C)=CC=CC)OC,True
CC=CCC(=O)c1ccccc1Cl,False
COc1cc(C=C(C#N)C(=O)NCCc2ccccc2)ccc1OCc1ccc2c(c1)OCO2,False
CC(c1ccc(Cl)cc1Cl)n1nc(C(=O)N(C)C)c2ncc(N3CC(C4CCCN(CCO)C4)C3)nc21,False
Cc1c(CC(Cl)(Cl)Cl)c2c(n1-c1ccc([N+](=O)[O-])cc1)CCCC2=O,False
CNC(=O)CNC(=O)c1sc2cnccc2c1N,False
Nc1ncc(-c2cnn(CCNC3CCNC(C(=O)OC4CCCC4)C3)c2)nc1NCc1c(Cl)cccc1Cl.O=CO.O=CO,False
BCSOc1cc(C=C(C)C(=O)NC2C(O)C(O)C3OCOC3C2OSCB)ccc1OC1OC(C(C)=O)C(OSCB)C1O.CBS.CBS.CBS,False
C=NC(=NC=C(NC=O)C1CCCC1)Nc1ccc(C=O)cc1OC,False
COCCCC(N)c1ccc(OC)cc1F,False
CC(C)(C)OSc1ccccc1.c1ccc(-c2ccccc2)cc1,True
CNC1Cc2c(cccc2CO)C#CCCC23CC4C#CCC5C(c6ccccc6)CCC6C5CCC65CC6(C=O)C4C(O)(C(O)C4CC7C(C=CCC7C7CCCC7)CC(C5O)C46O)C2(O)CC2CC1C1OC(=O)C=C1C23,False
CC(=O)O.CC(C)=O.CC=O.CN=C(N)N.CO.CS.Cc1c[nH]c2ccccc12.Cc1cnc[nH]1,False
NC(N)=NCCCC(Nc1ccco1)C(=O)O,False
CCc1c(C=O)cc(OC)c(OCc2ccccc2)c1OCc1ccccc1,False
O=C(NCCCO)NCc1ccccc1Oc1ccccc1,False
CC=CCN1C(=O)C2C(c3nccs3)NC(CO)(C(=O)O)C2C1=O,False
CC(=CNC(=O)N(C=O)CCCN)C(C)(C)C,False
C=CC(C)=C(O)C(=CC(C)(C)c1ccc(O)c(C)c1)C(c1ccc(-c2ccccc2)cc1)c1cc(C(C)(C)c2ccc(O)c(C)c2)cc(C)c1O,True
Cc1nc2sccn2c1C(F)CN,False
Cc1cc(C2CCN(c3ncc(Cl)c(Nc4cc(C5CC5)[nH]n4)n3)C2)on1,True
CC(C)c1ccc(OCCn2c(CO)nc3ccccc32)cc1,True
C=C(C)CCOc1c(Br)cc(CNCC)cc1Br,True
Cc1nc(-c2ccccc2OCc2ccccc2)n[nH]1,True
NC(CN1CCCC1=O)=[NH+]OC(=O)c1ccc(Cl)cc1,False
O=C(CC1(NC(=O)OCC2c3ccccc3-c3ccccc32)CC1)NC1C=CC(C(=O)O)C1,False
CC12CCC3C4=C(CCC3C1CCC21CCC(=O)O1)CC(=O)CC4,False
CCCC(Br)c1ccc2c(c1)C(=O)NCC2,False
CNC(=O)c1cccc(NC(=O)NCCc2ccc(C(C)=O)cc2)c1,False
Cc1ccc(NCc2nc3sc(C)c(-c4ccccc4)c3c(=O)[nH]2)cc1,False
CC(OC(=O)C1CCN(S(=O)(=O)c2cccs2)CC1)C(=O)Nc1cc(Cl)cc(Cl)c1,False
Cn1ncc(-c2cc(NC(=O)N3C4CCCC3C4)ccc2C2CC2)n1,False
CC(C)CC(C=O)NC(=O)C(Cc1ccc(OP(=O)(O)O)cc1)NC(=O)C(CCC(=O)O)NC(=O)C(N)CC(=O)O,False
CCCC(=O)CCCC(O)(O)O,False
CN1CCN(C(=O)CC2(CN)CCC2)c2ccccc21,False
Cc1[nH]cnc1-c1nnc2n1CC1(CCN(C(=O)c3ccc[nH]c3=O)C1)OC2,False
CC(N)C1=CS(=O)(=O)c2cccc(Br)c21,True
[C-]#[N+]c1ccc2c(CCC3(O)CCCC3)nnc(NCc3ccc(OC)c(Cl)c3)c2c1,True
O=C(NCCSCCCO)c1sc2ccccc2c1Cl,False
O=C(O)C1CCN(c2nccc3cccc(Cl)c23)CC1,False
C=CCN(c1ccccc1)S(=O)(=O)c1cccc(C(=O)OCC(=O)c2ccc[nH]2)c1,False
OC(CS)C(O)c1cnc(Cl)c2ccccc12,True
CCCN(C)C1Cc2cc(OC)c(F)cc2C1c1ccccc1,False
CC1OC(OC2C(Oc3c4cc5cc3Oc3ccc(cc3Cl)C(O)C3NC(=O)C(NC(=O)C5NC(=O)C(CC(N)=O)NC(=O)C(N)C(O)c5ccc(c(Cl)c5)O4)c4ccc(O)c(c4)-c4c(O)cc(O)cc4C(C(=O)O)NC3=O)OC(CO)C(O)C2O)CC(C)(NCc2cccc(OCCC=CCCOc3cccc(CNC4(C)CC(OC5C(Oc6c7cc8cc6Oc6ccc(cc6Cl)C(O)C6NC(=O)C(NC(=O)C8NC(=O)C(CC(N)=O)NC(=O)C(N)C(O)c8ccc(c(Cl)c8)O7)c7ccc(O)c(c7)-c7c(O)cc(O)cc7C(C(=O)O)NC6=O)OC(CO)C(O)C5O)OC(C)C4O)c3)c2)C1O,False
CCNc1ncnc(OCC2CC2)c1[N+](=O)[O-],True
CC(C=O)N=C1C(=O)N(C(C)(C)C)S(O)(O)C1c1ccccc1,False
CC=Cc1ccccc1.CC=Cc1cccs1.Cc1ccccc1.Cc1cccs1,False
Cc1oc2cnc(OCc3ccccc3)cc2c1C(=O)NC1(CO)CCOCC1,False
O=C(CCCc1cn(CN2CCN(c3nsc4ccccc34)CC2)c2ccccc12)N1CCCC1,False
CC(C)C1=Nc2ccc(-c3cc4c5c(c3)CCc3cc(-c6cnc(C(C)C)[nH]6)cc(c3-5)CC4)cc2C1.CC(C)C1=Nc2ccc(-c3cc4c5c(c3)COc3cc(-c6cnc(C(C)C)[nH]6)cc(c3-5)OC4)cc2C1.CC(C)C1=Nc2ccc(-c3cc4c5c(c3)COc3cc(-c6cnc(C(C)C)[nH]6)cc(c3-5)OC4)cc2C1,True
CCC[N+](CCCCOCc1ccccc1)(C(=O)c1cc(C)cc(C(N)=O)c1)C(Cc1ccc(OCc2ccccc2)cc1)C(O)CNCc1cccc(OC)c1,False
CCC1(CCCOC=C2CCCCC2)CCCS1,True
C=C(C=CC(C)=CC)c1c(C=CC2CC(=O)CC(O)C2)c(C2CC2)nc2cc(C)ccc12,False
CC1CN(C(=O)OC(C)(C)C)CCN1C1=NCCSc2c(Br)c(Cl)cc1c2NC=O.CCCN1CC2CC1CO2,False
NNc1nnc(COc2ccc3c(c2)CCC(=O)N3)s1,False
COCCOCCSCCCl,True
Cc1nsc2nc(C(C(C)C)N(CCCN(C)C)C(=O)c3ccc(Br)cc3)n(Cc3ccccc3)c(=O)c12,False
O=Cc1ccc(C(=O)Oc2cccc(OC(=O)c3ccc(C=O)cc3)c2)cc1,False
CCCCCCCCCCCCCCCCCN1CCCOC1,True
CN(C(=O)Cc1ccc2c(c1)OCO2)c1ccnc(C=O)c1,False
CO.COCC1CCC(C(C)OC(C)=O)C2CCCC12,False
O=C(Nc1ccc(OC(=O)N2CCC(On3cccn3)CC2)cn1)c1ccc(CN2CCCCC2)cc1,False
COCCC(=O)c1sc(SC)nc1NC=O,False
CCC(Oc1ccc2c(c1)CCCC2)C(=O)NCCCc1cccc(C)c1,False
CCCCCC=CCC1COC(C(Cl)(Cl)Cl)=N1,True
Cn1c(C(=O)O)cnc1CN1CCC(n2c(=O)n(-c3ccc(-c4ccccc4)cc3)c3ccc(C(=O)NCC=O)nc32)C1,False
CCO.CCOC(=O)C1=C(C)N=c2sc(=Cc3cc(I)c(O)c(OCC)c3)c(=O)n2C1c1ccc(Cl)cc1.CCOC(=O)C1=C(C)N=c2sc(=Cc3cc(I)c(O)c(OCC)c3)c(=O)n2C1c1ccc(Cl)cc1.CCOC(=O)C1=C(C)N=c2sc(=Cc3cc(I)c(O)c(OCC)c3)c(=O)n2C1c1ccc(Cl)cc1.CCOC(=O)C1=C(C)N=c2sc(=Cc3cc(I)c(O)c(OCC)c3)c(=O)n2C1c1ccc(Cl)cc1,False
CC(C)C=NOCCNCCS(C)(=O)=O,True
CS(=O)(=O)c1cnc(N2CCC(CC(=O)NCCCc3ccc(Br)nc3)CC2)c(NC(=O)c2cccc(Cl)c2)c1,False
CC(C)(C)OC(=O)N1CC(C=O)OCC1(C)C,False
CNC(=O)c1ccc(NC(=O)CN2C(=O)NC(CC(C)C)C2=O)cc1,False
CC1=NC(=Cc2[n-]c(C)c(CC3=C(C)C(=Cc4[n-]c(C)c(CC(=O)OC5CC(C)CCC5C(C)C)c4C)N=C3C)c2C)C(C)=C1CC(=O)OC1CC(C)CCC1C(C)C.CC1=NC(=Cc2[n-]c(C)c(CC3=C(C)C(=Cc4[n-]c(C)c(CC(=O)OC5CC(C)CCC5C(C)C)c4C)N=C3C)c2C)C(C)=C1CC(=O)OC1CC(C)CCC1C(C)C.[Zn+2].[Zn+2],False
CC(CCO)OS(C)(=O)=O.CC(O)CCO.CCN(CC)CC.CS(=O)(=O)Cl.S,True
Clc1cccc(Cl)c1C1CCN(Cc2[nH]c3ccccc3c2-c2ccccc2)CC1,False
CC1CN(c2ccc(Nc3ncc4c(n3)N(C3CCCC3)C(C=O)CN4C)cc2)CC(C)N1CCO,False
O=C(NCCc1ccc(Cl)cc1Cl)c1ccc(I)c(Cl)c1,False
O=Cc1cnc2c(c1)C=CCCC2,False
CC1CCCC1NC(=O)c1cn(C2CCNCC2)nn1.Cl,False
CCC(C(=O)NC1CCN(C2CC2)C1)C(N)=S,False
COc1c(OC2OC(C)C(O)CC2O)cc2c(c1OC)-c1ccc(SC)c(=O)cc1C(NC(C)=O)CC2.O=CO,False
CCOc1cc2c(cc1OC)CN(C=O)CC2,False
CCCCN(CCOC)c1c2c(nc3c(-c4ccc(OC)cc4Cl)c(C)nn13)CCC2,True
CCC(C)OC(=O)C(Cc1ccc(N(C)C(=O)N(C)c2ccc(CNC)cc2C=O)cc1)NC(=O)c1c(O)cccc1O,False
CCCCC(CN(O)C=O)C(=O)NC(C(=O)N1CCN(c2ccc(OC)cc2)C(C)C1)C(C)(C)C,False
Cc1ccc(C(c2ccccc2)c2ccc(C)c(N=C=O)c2N=C=O)c(N=C=O)c1N=C=O,False
CCC(C)C(NC(=O)C(Cc1ccc(-c2ccc(-c3ccccc3)cc2)cc1)NC)C(=O)NC(CO)C(=O)NC(CCC(N)=O)C(=O)NC(C(=O)NC(C(=O)Oc1ccccc1C=O)C(C)CC)C(C)CC,False
COc1ccc(N(c2ccc(OC)cc2)c2ccc(-c3cccc4c3Sc3ccccc3S4)cc2)cc1,True
CC(C)C(N)Cc1csc(C2CC2)n1,False
COCCN1C(=O)C(Nc2ccc(NC(C)=O)cc2)=C(c2ccccc2)C1=O.COCCN1C(=O)C(Nc2ccc(SC)cc2)=C(c2ccccc2)C1=O,False
Cn1c(=O)c(NCc2ccc(N3CCCCC3)cc2)nc2ccncc21,False
Cc1ccc(N2C(=O)C(C)NC(=O)C2C(C)C)cc1Br,False
O=COCCCCCCc1ccc([N+](=O)[O-])o1,False
CCC(CC)(N=C=O)N=NC(C)(C)C,False
N=C(N)S(=O)O.[Na],True
NC(=NC1CCN(c2nc(NCCc3ccncc3)nc(N3CCC(N=C(N)NC(=O)c4nc(Cl)c(N)nc4N)CC3)n2)CC1)NC(=O)c1nc(Cl)c(N)nc1N,False
O=C(NC1CNCCO1)N(O)CCOCc1cccs1,False
CCN(c1ccc(C(CC)(CC)CC(=O)O)cc1NC(=O)Nc1ccc(C#N)cc1)C1CCOCC1,False
C=CC=Nc1c(C=C)[nH]c2cnccc12.CC.CC,False
C=CC#N.CCC1OC(=O)C(C)C(OC2CC(C)(OC)C(O)C(C)O2)C(C)C(OC2OC(C)CC(N(C)C)C2O)C(C)(O)CC(C)CN(CCCN)C(C)C(O)C1(C)O.CCC1OC(=O)C(C)C(OC2CC(C)(OC)C(O)C(C)O2)C(C)C(OC2OC(C)CC(N(C)C)C2O)C(C)(O)CC(C)CN(CCCNCCC#N)C(C)C(O)C1(C)O.CCC1OC(=O)C(C)C(OC2CC(C)(OC)C(O)C(C)O2)C(C)C(OC2OC(C)CC(N(C)C)C2O)C(C)(O)CC(C)CN(CCCNCCC(N)=O)C(C)C(O)C1(C)O.CCOC(=O)CCNCCCN1CC(C)CC(C)(O)C(OC2OC(C)CC(N(C)C)C2O)C(C)C(OC2CC(C)(OC)C(O)C(C)O2)C(C)C(=O)OC(CC)C(C)(O)C(O)C1C,False
CC1CCN(C(C=O)C2CCCC2)C1,False
CC=CC(C)C(O)C(C)(O)CC[Si](C)(C)c1ccccc1,True
CC(C)(C)CC(C)(C(=O)NCCCCN=C(N)N)C(C)(C)C,False
CC(COCc1cc(N2CCOC(C)C2)cc([N+](=O)[O-])c1)NC(=O)OC(C)(C)C,False
CN1CCN(CCS(=O)(=O)c2ccc(Cl)cc2)C(CN)C1,True
CN(CC(COc1cccc(-c2nc(Cl)c(C=O)c(NC3CCOCC3)n2)c1)O[Si](C)(C)C(C)(C)C)C(=O)OC(C)(C)C.CN(CC(COc1cccc(B2OC(C)(C)C(C)(C)O2)c1)O[Si](C)(C)C(C)(C)C)C(=O)OC(C)(C)C.CNCC(O)COc1cccc(-c2nc(NC3CCOCC3)c(CO)c(-c3c(C)noc3C)n2)c1.Cc1noc(C)c1-c1nc(-c2cccc(OCC(CN(C)C(=O)OC(C)(C)C)O[Si](C)(C)C(C)(C)C)c2)nc(NC2CCOCC2)c1C=O.Cc1noc(C)c1-c1nc(-c2cccc(OCC(CN(C)C(=O)OC(C)(C)C)O[Si](C)(C)C(C)(C)C)c2)nc(NC2CCOCC2)c1CO.Cc1noc(C)c1B1OC(C)(C)C(C)(C)O1.NC1CCOCC1.O=Cc1c(Cl)nc(Cl)nc1Cl.O=Cc1c(Cl)nc(Cl)nc1NC1CCOCC1,False
CCOC(=O)CCCC(=O)c1ccc(NC(c2ccc(-c3noc(-c4ccccc4)n3)cc2)C(C)CC)cc1,False
Fc1c(F)c(F)c(Cn2ccc(NC(=S)NC3CC3)n2)c(F)c1F,False
O=CCCc1cc(Br)c(C=O)c2c1OCCO2,False
COc1ccc(-c2cncc(C(=O)N3CCOCC3C(=O)O)c2)cc1,False
CN(C)C(=O)N1CCN(C(=O)c2cscn2)CC1,False
COc1ccc(C)cc1C(O)C(O)CCNC(C)=O,False
CC(C)C(NC(=O)c1cccc(NC(=O)c2cccs2)c1)c1ccccc1,False
CCc1ccc(OCc2ccccc2C=O)cc1,False
Cc1nc(OCCO)c(Cl)cc1C#N,True
CC(C)Oc1ccc(C=C(C#N)C(=O)c2c(Cl)cccc2Cl)cc1,False
O=C=C1CC(NC(=O)O)CC1N1CCc2ccccc2C1,False
COC(=O)c1ccccc1N=C(C)c1c(C)[nH]n(-c2ccccc2)c1=O,False
Ic1ccc2c(c1)n1c3ccccc3nc1n2-c1ccccc1.c1ccc(-n2c3ccc(-c4ccc5c(c4)n4c6ccccc6nc4n5-c4ccccc4)cc3n3c4ccccc4nc23)cc1,False
C=CC(=CCC=C(CC)C[N+]1(C)CCCCC1C(N)=O)NC(=O)C(C)NC(=O)C(N)C(C)C.CC=CCC(CC)CC(CC(C)C(=O)O)NC(=O)C(N)=CSC.CCC(C)CC(=O)N(C)C(CC(C)OC(C)=O)C(C)C,False
CCNC(=O)n1c(NC(=O)c2csc(C)n2)cc2ccc(N(C)C(=O)CC(C)(C)C)cc21,False
O=CC(CNC(=O)OCC1c2ccccc2-c2ccccc21)CC(=O)OCc1ccccc1,False
CC1CN(c2ccccc2[N+](=O)[O-])CC(C)N1C(=O)OC(C)(C)C,False
COc1cccc(OC)c1C(=O)c1ccc(C2OCCO2)s1,False
N#Cc1cccc(Nc2cc(C(=O)N3CCN(C=O)CC3)ncn2)c1,False
O=CNCC(O)c1ccc(O)c(-c2cc(C(O)C(NC=O)C(=O)O)ccc2O)c1,False
COc1ccc(COB(O)OCc2ccc(OC)cc2C)c(C)c1,True
C=CC(=CC)CCCCCCCCCCC=C(CC(C)C)C(=O)OC,False
CC(C)n1c(=O)n(CCCN)c(=O)c2c1ncn2C,False
C=C1CCC2C(CO)C(C3(C)CCC(O)CC3C=Cc3ccccn3)CCC12C.C=C1CCC2C(COC(C)=O)C(C3(C)CCC(C)CC3C=Cc3ccccn3)CCC12C.C=C1CCC2C(COC(C)=O)C(C3(C)CCC(C)CC3C=O)CCC12C.C=C1CCC2C(COC(C)=O)C(C3(C)CCC(C)CC3CO)CCC12C,False
O=c1[nH]c(Br)c2c(c1CCn1ccnc1)-c1ccccc1CC2,False
CCNC(=O)NCCNC(=O)c1cc2c(CC)nn(-c3ccc(OC)cc3)c2s1,False
CCCCCCCCCCCC=CC(O)C(COP(=O)(O)OC1C(O)C(O)C(O)C(OC2(C(=O)O)CC(O)C(NC(=O)COC3(C(=O)O)CC(O)C(NC(=O)CO)C(C(O)C(O)COC)O3)C(C(O)C(O)COC)O2)C1O)NC(=O)CCCCCCCCCCCCCCCCCCCCCCC,False
COc1ncc(Br)cc1C1(C=O)COC1,False
CCOc1cc(C=C2SC(=O)N(Cc3ccccc3Cl)C2=O)c(Br)c(Br)c1OCc1ccccc1,False
COc1cc(C(=O)Nc2cccc(-c3nc4ccccc4[nH]3)c2)ccc1OCC(=O)N1CCOCC1,False
O=S(=O)(Nc1ccc(S(=O)(=O)C(F)(F)F)cc1-c1ccccc1)c1ccccc1,False
O=CN1CCCC1C(=O)OC(c1ccccc1)(c1ccc(C2CCCCCCC2)cc1)c1ccccc1Cl,False
C=CCN1C(=O)C(=Cc2ccc(OCCCOc3ccccc3Cl)cc2)SC1=S,False
CCCCCCCCC#Cc1ccc(C(OCOC)=C(F)F)cc1,False
C.C.COC(=O)C(C)N.COC(=O)C(C)NCc1ccccc1.Cl.O=Cc1ccccc1,False
C=C(NC(C)=O)C(C)Cc1cc(C(C)(C)C)c(O)c(C(C)(C)C)c1,False
Cn1nc(C#N)cc1-c1ccc(F)cc1,False
CCNC(=O)c1noc(-c2cc(C(C)C)c(O)cc2O)c1-c1ccc(CN2CCN(CC3CCN(C(=O)OC(C)(C)C)CC3)CC2)cc1,False
CC1(C)CCCN1C1(C)CNC1,False
CC.CC.CC1CCC2C(C1)CC1C(=O)OC(C)C1C2C=O,False
Cc1cc(Oc2ccccc2)nc(C2CCCCN2CC(=O)O)n1,False
Oc1ccc(CC2[NH2+]CCc3cc(O)c(O)cc32)cc1O.[Br-],True
COCC1OC(n2cnc3c(NCC(c4ccccc4)c4ccccc4)nc(CNCc4ccc(Cl)cc4)nc32)C(O)C1O,True
C=CC(=C)OCC.C=CC(=CC)CCc1c(OC2CC(O)CC(CO)O2)n[nH]c1C.CC,True
COc1cccc(C2C3=C(N=c4sc(=Cc5ccc(OCc6cccc7ccccc67)cc5)c(=O)n42)c2ccccc2CC3)c1,False
CCC1CCCCC1N1CCC(CCN)CC1,False
C=C=CCC(C)(C)CC1(C)OCCO1,True
O=C(NC1CC(O)C1)C1Cc2nc[nH]c2CN1,False
CCCC[n+]1cccc(C)c1.CC[n+]1ccc(C)c(S(=O)(=O)C(F)(F)F)c1S(=O)(=O)C(F)(F)F,False
Cc1ccc2[nH]ncc2c1-n1cccc1,False
CC(C)CNCc1sc(CN(C)C)nc1C(C)C,False
COc1ccc(-c2cc(-c3cncs3)c(C#N)c(N)n2)c(OC)c1OC.O=CO,False
Cc1cccc(C)c1NC(=O)c1ccc2c(c1)CCN2,False
Cc1ccc(CN2CCC(N)CCC2=O)c(C)c1,False
CCCCCCCCCCCCOCC(CCC=O)OC(=O)CCCCCCCCC,False
CCc1ccc(C(CN2CCC(C)C(C)C2)NC)cc1,False
CCc1cc(C(=O)O)cc(N2CCCN(C)CC2)n1,False
CCC(N)Cc1cc(F)ccc1N1CCCCCC1,False
COC(=O)C(Cc1c[nH]c2ccccc12)N(C)C(=O)C(CC(C)C)NC(=O)OC(C)(C)C,False
C#Cc1c(F)ccc2cc(O)cc(-c3cnc4c(N5CC6CCC(C5)N6)nc(OCC5(CN(C)C)CC5)nc4c3C#N)c12,False
C=c1ccc(C)cc1=CC(C#CC)=CC.CC.CC(=O)C(C)C.CC(C)(C)C,False
CCC=CCC=CCC=CCC=CCC=CCC=CCCCCCCCCCCCCCCCCCCCCCCCCC(=O)NC(COC1OC(CO)C(OC2OC(CO)C(OC3OC(CO)C(O)C(O)C3O)C(O)C2O)C(O)C1O)C(O)C=CCCC=CCCC=CCCCCCC,False
CCCCCCOc1ccc(CC)cc1Cl,True
NC(=O)Nc1ccc2c(c1)OC1(CCCC1)O2,False
Cc1ccc(C(=N)N)c(N(CCO)C2CCC2)n1,True
C=C(NC(=CC)C(=C)N(CCOC)c1ccc(C(=O)NCCOC)cc1C)c1ccccc1,False
CC1CCC(N)CN1C(C=O)Nc1cc(Cl)cc(Cl)c1,False
CCCC=CCCCCCCCC(=O)OCC(COP(=O)(O)OCC[N+](C)(C)C)OC(=O)CCCCCCCCCCCCCCCCCCCCCCCC=CCC=CCCCCCCC,False
Nc1ccc(Oc2ccc3nc(NOC=O)cn3c2)cc1,False
CC(C)NCC(C)c1ccc(COC(=O)C2CCCC2)cc1,False
O=Cc1cc2cncc(Br)c2o1,False
Cc1cn(C)nc1C(=O)Nc1nc(-c2ccccc2)c(-c2ccccc2)s1,False
Cc1cnc(C(=O)Nc2ccc(Br)cc2N)cn1,False
COc1ccc(C2C(C(C)=O)=C(C)N=c3sc(=Cc4ccc[nH]4)c(=O)n32)c(OC)c1,False
C=CCOc1cc(C=O)on1,False
Cc1nn(C)c2ncc(NS(=O)(=O)c3cccc4nsnc34)cc12,True
C=NC=C(C=C(C)c1ccc2[nH]nc(C(=O)Nc3ccc(N4CCN(C)CC4)nc3)c2c1)N1CCOCC1,False
C=CC(=O)N1CC([Si-])(n2nc(C#Cc3ccc4c(n3)nc(C)n4CC)c(C(N)=O)c2NC)CC1COC,False
CC1(C)CCC(C)(C)c2cc(C(=O)CCC(=O)NCCOCCO)ccc21,False
C=[N+](C=O)C(CCC)C(OC)OC,False
O=CC1CC2CCCC2CC1=O,False
COc1ccc(S(=O)(=O)Nc2ccc(N3CCN(C=O)CC3)cc2)c(C)c1,False
CCOc1ccc2cc(C)ccc2c1.Cc1ccc(C=O)o1.Cc1cccc(C(=O)N2CCOCC2)c1.Cc1cccc(C(=O)NC2CC2)c1.Cc1cccc(C)c1,False
CNC(C)CNC(=O)c1cc2ccccc2cc1OCc1c(C)noc1C.Cl,False
CCNCc1csc(-c2c(F)ccc([N+](=O)[O-])c2F)n1,False
COC(C=O)OC.[Ca+2],False
CC(c1ccccc1)c1ccnc(-c2[c-]cccc2)c1.Cc1c[c-]c(-c2cc(C(C)C)c([Si](C)(C)C)cn2)cc1.[Ir],False
O=C(COC(=O)COc1ccccc1)NCc1cccs1,False
COc1ccc(Cl)cc1N(CC(=O)NCCCc1ccccc1Cl)S(=O)(=O)c1ccc(C)c([N+](=O)[O-])c1,False
C.CC.CCC(=O)C1C(OC=O)C(C(=O)NC)C1C(=O)O.[Y].[Y],False
CC.CCOC=O.O=C1CCC(C(=O)O)C1,False
C=C(Br)CNC(=O)Cc1ccc(C)cc1,False
COC(=O)c1cnn(C)c1N=Nc1c(C)nn(-c2nc(N)nc(-n3nc(C)c(N=Nc4c(C(=O)C=O)cnn4C)c3N)n2)c1N,False
C=CC=C(C)OC(F)F.CCC(C)C.CCC=CCC,False
CN(C)S(=O)(=O)c1ccccc1CNC(=O)COC(=O)COc1ccc2ccc(=O)oc2c1,False
COc1cccc(CN2C3=CN=CC(=O)C3c3c2ccc(CC(=O)O)c3NC=O)c1,False
CC(C)(C)OC(=O)OC(=O)OC(C)(C)C.CN(Cc1ccc2c(c1)CCC21OCCO1)C(=O)OC(C)(C)C.CNCc1ccc2c(c1)CCC21OCCO1.O=Cc1ccc2c(c1)CCC21OCCO1,False
CN=C(NCc1coc(-c2cccs2)n1)NC1CCN(CC(F)(F)F)C1.I,False
CS(=O)(=O)Nc1ccc(C(=O)C(S)NC=O)cc1Oc1ccccc1,False
CCOC(=O)N1CCC(NC(=NC)NCc2cnc(C)s2)CC1.I,False
O=CNN=Cc1ccc(Cl)c([N+](=O)[O-])c1,False
COc1cc(C(C)(C)C)c2op(-c3c(C)ccc4c3-c3c(ccc(C)c3-p3oc5c(C(C)(C)C)cc(OC)cc5c5cc(OC)cc(C(C)(C)C)c5o3)OCCCCO4)oc3c(C(C)(C)C)cc(OC)cc3c2c1,True
CC1=C(Br)C(=O)C(Br)=CC1=C(c1ccccc1OS(=O)O)c1cc(Br)c(O)c(Br)c1C,False
COc1ccc2c(c1OC)CCNC2c1c(C)cccc1C,True
CC1=NC(CCI)C(C)N1,False
O=COC1OC1C(=O)O,False
CN=C(NCCc1cc(Cl)cc(Cl)c1)NCc1cc(OC)c(OC)c(OC)c1,True
CCCCCCCCCCCCCCC(O)(CC)CCCCC,True
COc1ccc(CNS(=O)(=O)c2cc(C(=O)O)cs2)cn1,False
C.CCO.CN(C)CCO.CN(CCO)CCCN1C(=O)CCc2cc([N+](=O)[O-])ccc21.CN(CCO)CCCN1CCCc2cc(N)ccc21.CN(CCO)CCCN1CCCc2cc(N=C(N)c3cccs3)ccc21.CN(CCO)CCCN1CCCc2cc([N+](=O)[O-])ccc21.CSC(=N)c1cccs1.ClCCCI.I.O=C1CCc2cc([N+](=O)[O-])ccc2N1.O=C1CCc2cc([N+](=O)[O-])ccc2N1CCCCl.O=CO[O-].[B].[K+].[K+],False
Cc1ccc(S(=O)(=O)NCCc2nc3ccccc3[nH]2)cc1C,True
CN=C(NCC(C)(C)CCS(C)(=O)=O)N1CCN(c2cccc(C)c2)CC1,True
Cc1sc(-n2cccc2)c(C(=O)N2CCN(c3nc4cccnc4s3)CC2)c1C,False
CC(C)CC(NC(=O)CCCCCS)C(=O)NC(Cc1ccc(Cl)cc1)C(=O)Nc1cccc2cccnc12,False
O=C(O)CC1Cc2cc(O)ccc2O1,False
C=CCN1C(=O)C2CC3OC3C([Si](CC)(CC)CC)C2C1=O,False
O=Cc1cc(OC(=O)O)ccc1[N+](=O)[O-],False
COc1ccc(-c2noc(-c3ccc([N+](=O)[O-])cc3)n2)cc1,True
O=CC1=CCC=CC1O,False
CN1CCc2nc(OCCCN3CCCC3)ccc2C1,True
O=C(COc1ccc(Br)cc1)NNC(=O)COc1ccc(Cl)cc1Cl,False
COC(=O)c1ccc(C2CC(=C3CC3)CCN2C(=O)OCc2ccccc2)cc1,False
CC1NC(=O)NC(=O)C1C=O,False
CCCC1CCC(CCC2CCCCC2c2ccc(OC(F)(F)C(F)C(F)(F)F)cc2)CC1,False
CCc1cc(C(=O)Nc2ccc(CCN3CCC(C(N)=O)CC3)cc2)ccc1O,False
CC.COc1ccc(C(C)=CC(=O)N2C=C(C3=CCN(C4COC4)CC3)C=CC2C)cc1C,False
CCc1ccc(NC(=O)CN2C(=O)N(c3ccc(CC(=O)NC(C)C)cc3)C(=O)C3CCCCC32)cc1,False
COc1ccccc1CNC(=O)Cc1ccc(NC2=NC3CS(=O)(=O)CC3S2)cc1,False
COc1cc(C2C(C(=O)Nc3ccccc3)=C(C)N=c3sc(=Cc4c(C)nn(-c5ccccc5)c4C)c(=O)n32)ccc1O,False
C(=NN=Cc1ccc(N(c2ccccc2)c2ccccc2)cc1)c1ccc(-c2ccc(N(c3ccccc3)c3ccccc3)cc2)cc1,False
CN(C)Cc1ccccc1CNC(=O)Nc1ccccc1SCC1CC1(Cl)Cl,False
C=C(C)c1nn(CC=O)c2c(CC)cc(-c3cnc(C)nc3)cc12,False
CC(C)(C)OC(=O)N1CC2(C(=N)N)CC1C2,False
Cc1ccsc1CNc1cnn(CC(C)C)c(=O)c1Cl,False
CCNC(=NCCCn1cnc2ccccc21)N1CCCC(C)C1.I,False
CCNC(=NCc1nc(C(C)(C)C)cs1)NCC(O)c1cc2ccccc2s1.I,True
CCc1n[nH]c(Cc2cc(C)ccc2C)n1,False
CC(=O)c1c(C(=O)C(C)(C)C)ccc(C=O)c1C(=O)C(C)(C)C,False
CCCCOC(C1COC(C)(C)O1)C(Cc1ccc(-c2cc(Cl)cc(Cl)c2)cc1)OS(C)(=O)=O,True
CN=C(NCc1ccc(CN2CC(C)OC(C)C2)cc1)NC1CC2CCC1O2.I,True
COC1=CC=CC(Cl)(Br)C1,True
NC(C(=O)NC1C(=O)N2C(C(=O)O)=C(C(CCNS(=O)(=O)O)Sc3nn[nH]n3)CSC12)c1ccc(NC=O)cc1,False
CC=C(NC(=O)C(CSC(c1ccccc1)(c1ccccc1)c1ccccc1)NC(=O)C(NC(=O)OCC1c2ccccc2-c2ccccc21)C(C)C)C(=O)OC,False
CCOc1ccc(N)cc1CN1CCC(CO)CC1,True
CCNC(=NCCC1CCN(CC)CC1)NCCOc1ccc(OC)cc1.I,True
COc1cc(N(Cc2ccc(N)cc2)C(C)C)nc(C)n1,True
Cc1nn(Cc2noc(-c3ccccc3Cl)n2)c(C)c1[N+](=O)[O-],True
CC(C)(C)C.Cc1c(CC(=O)O)c(-c2ccc(Cl)cc2)c2c3c1N(C)CC(C)N3C(C)C2.O=CO,False
CCn1ncc(CNC(=O)c2ccc(COc3c(C)cccc3C)o2)c1C,False
CC(CNC(=O)c1cc2ccccc2s1)C(=O)O,False
[N-]=[N+]=NCc1ccccc1C1OC(c2ccc(OCCCO)cc2)=NC1(CCS(=O)(=O)c1ccccc1)C(=O)NCCc1ccc(Cl)cc1Cl,False
Cc1cc(N(C)C)nc(N2CCN(S(=O)(=O)c3cc([N+](=O)[O-])c(C)c([N+](=O)[O-])c3)CC2)n1,True
CCCN(C(=O)COC(=O)Cc1coc2cc(C)ccc12)C1CCS(=O)(=O)C1,False
Cc1cc(N2CCN(C(=O)c3ccc[nH]3)CC2)n2nc(C)c(C)c2n1,False
O=C1CCN1c1nnn(Cc2ccccc2)n1,False
COc1cncc(-c2ccc(O)c3c2CC(CC(CCO)C(CO)C(=O)CC(C)=O)CC3=O)c1.O,False
CCNc1nc(Nc2cnn(CC3(C)COC3)c2C)ncc1CC(F)(F)F,False
Cc1cccc(C=CC(=O)c2c(C)[nH]c(C(=O)[O-])c2C)c1,False
Cc1ccc(-c2ccc(C=C3SC(=S)N(NC(=O)CCN4CCCCC4)C3=O)o2)c([N+](=O)[O-])c1,False
CC(=O)c1c(C=O)ccc(Cl)c1C#N,False
CC1(C)c2ccccc2-c2ccc3c(c21)c1cc(-c2ccc4c(c2)c2ccccc2n4-c2ccccc2)ccc1n3-c1ccc(-c2cccc3c2oc2ccccc23)cc1,True
CC=C1NC=CCC1=C1C=CC(=O)C=C1,False
CC(C)(C)OC(=O)NC1CCC(CCN2CC3(C2)CN(c2cccc(Cl)c2Cl)C3)CC1,False
COc1ccc2c(c1)cc(-c1ccccc1)n2Cc1ccc(C#N)o1,True
C=CC(=O)N(C)CCCC(=O)OCCCC,False
CCC=CCC=CCC=CCC=CCC=CCC=CCCC(=O)NC(COP(=O)(O)OCC(O)COC(=O)CCCCCCCCCCCCCCCCCCCCC)C(=O)O,False
Cc1ccc2nc(NC(=O)C(O)c3ccccc3)sc2c1.S,False
CCc1cccc(CC)c1NC(=O)CN(C)CCC(=O)O.Cl,False
CC=C1C[N+]2(CC(=O)c3ccc(OC)c(OC)c3)CCC34C(=C(C=O)C1CC32)Nc1ccccc14.[Cl-],False
c1cncc(-c2cccc(-c3nc(-c4ccc(-c5ccc6sc7ccccc7c6c5)cc4)cc(-c4ccc5ccc6cccc7ccc4c5c67)n3)c2)c1,False
CC=C(C=CC(C)C(=O)CNCCC)S(C)(=O)=O,False
CCNC1CCCC1CN(CC)CCO,True
C=CCC(I)C=O,False
Cc1ccc2nc(COC(=O)C=Cc3ccc(C(=O)NC4CC4)cc3)cc(=O)n2c1,False
O=S(=O)(c1ccc(OC(F)(F)F)cc1)N1CCCN(c2nc(C(F)(F)F)nc3ccccc23)CC1,False
CN(CCc1cccc(-c2ccccc2)c1O)CCc1cccc(-c2ccccc2)c1O,True
CCCCC(C=O)=C[Si](C)(C)C(C)(C)C,False
O=C(c1nc2c(s1)CCCC2)N1CCC2(CC1)CC(CN1CCC(O)CC1)OC2=O.O=CO,False
Cc1cc(C(=CC=O)c2ccccc2)ccc1O,False
CCN(CC)C(=O)C1=C(C)N=c2sc(=Cc3cc(-c4ccccc4)n(-c4ccc([N+](=O)[O-])cc4)c3-c3ccccc3)c(=O)n2C1c1ccccc1OC,False
CC.CN.Cc1ccccc1N.O=COc1ccc(C(=O)O)s1.[CH3-].[V].c1ccc2c(c1)CC(c1ccc(C3=Nc4ccccc4C3)s1)=N2,False
C=C(C)C=C(C=CC)N(C(=O)CNCCc1ccccc1)C(C(=O)NC1CCCCC1)c1ccccc1C,False
O=C(CN1C(=O)SC(=Cc2cc(N=Nc3cccc4ccccc34)ccc2O)C1=O)Nc1ccccc1,False
C=C1N=C(N)C(C)=CN1C1OC(COP(O)(=S)OC2C(COP(=O)(S)OC3C(COP(=O)(O)OC4C(COP(=O)(O)OC5C(COP(O)(=S)OC6CC(n7cnc8c(N)ncnc87)OC6CC)OC(n6cnc7c(=O)[nH]c(N)nc76)C5OCCOC)OC(n5cc(C)c(N)nc5=O)C4OCCOC)OC(n4cc(C)c(N)nc4=O)C3OCCOC)OC(n3cnc4c(N)ncnc43)C2OCCOC)C(O)C1OCCOC,False
CC(NC(=O)Nc1ccc(S(=O)(=O)Cc2ccc3c(c2)CNC3)cc1-c1cccnc1)c1ccccc1,False
Nc1cccc(-c2nnnn2Cc2ccccc2F)c1Br,False
O=CN1CCN(c2cc(C(=O)N3CCCCC3)ncn2)CC1,False
COc1ccccc1C(Cc1ccc(C(C)(C)C)cc1)C(=O)O,False
CC1(C)c2ccccc2-c2ccc(N(c3ccc(-c4ccc(C=O)cc4)cc3)c3ccc(-c4ccc5c(c4)c4cc(-c6ccc7c(c6)c6cc(-c8ccc(N(c9ccc(-c%10ccc(C=O)cc%10)cc9)c9ccc%10c(c9)C(C)(C)c9ccccc9-%10)cc8)ccc6n7-c6ccccc6)ccc4n5-c4ccccc4)cc3)cc21,False
NCc1cnn(-c2ccc(Br)cc2)n1,False
C=C(c1ccc(CC(C)(C)CCC)cc1)C(C)(C)CN1CCCCC1,False
CC(Cc1ccccc1)OC(=O)N(Cl)Cl,False
C=CC=CC=C(C)CC(=O)CN(C)c1ccc(C(C)C(=O)NC#N)cc1,False
COC(=O)c1oc(CN2CCN(c3ncccn3)CC2)cc1C,False
Cc1cccc(C)c1OCC(=O)N1CCCNCC1.Cl,False
O=C(CCSC(=S)NCc1cccnc1)c1cn(C2CCC2)c2ncccc12,False
Cc1c(CC2CCCC2)ccc(OCCC2CCCC2)c1F,False
CC1(N)CCN(c2ncc(-c3cc(O)cc(Cl)c3Cl)c(N)n2)CC1,True
CCCCOc1ccc(C(=O)CC(=CC2=CC=CC2)C(=O)O)cc1,False
CNC(CCCN)C(=O)Nc1ccc(NC(=O)OC(CC=O)C(C)(C)OC)c(Cl)c1,False
C=CC(c1ccccc1)C(C(=CC(=O)OC)N1CCCC1)c1ccccc1,False
C.C=CC(=O)C1=CC(OCCC(C)(C)C)C1.C=CC(=O)N1CCCC(OCCC(C)(C)C)C1.C=CC(=O)N1CCN(CC(C)(C)C)CC1.C=CC(=O)N1CCN(CCC(C)(C)C)CC1.C=CC(=O)N1CCN(CCCC(C)(C)C)CC1.C=CC(=O)Nc1ccc(CC(C)(C)C)cc1.C=CC(=O)Nc1ccc(CCC(C)(C)C)cc1.CC(C)(C)C1CC1.CC(C)(C)CC1CC1.CC(C)(C)CN1CCCCC1.CN(C)CC(C)(C)C,False
CCOSN(C)N(C)CCNC(C)C=O,False
Cc1cc(Cl)c(C(=O)NCC(C)(C)O)cn1,False
CCOC1CC(NC(=O)c2cc(C(=O)O)co2)C1OC,False
CCC(C)C1CC2OC3C(C)CC4(CC(C)C5OC(CC(C)C)(C(C)C)CC5C4)OC3CC2O1,True
Nc1ncc(-c2ccc(S(=O)(=O)C3CCN(C(=O)O)CC3)cc2)nc1C#Cc1cccc(O)c1,False
O=C(Nc1cccnc1)c1ccc(NC(=O)c2cc(C3CC3)on2)cc1,False
CC(=O)NCc1cc(C(=O)Nc2ccc(C)cc2C)ccn1,False
COc1ccc(CCC(=O)NCCN2C(=O)CSC2=S)cc1OC,False
CC=CCNCC(=O)N(CC)CC,False
CCCC1(CCC)CCC(CC(C)C)CC1,False
C[N+](CCO)(CCC(=O)[O-])CC(=O)O,False
C.CCN(CC1CC(Nc2ccc(C=O)cc2[N+](=O)[O-])C1)C(=O)OC(C)(C)C,False
O=Cc1ccncc1N1CCCCCC1,False
CCCCS(=O)(=O)N1CCC(C(=O)N2CCCN(CCCc3ccccc3)CC2)CC1,False
C#C.C=CNC(=CC)CC=c1cc(NC)ncc1=CC.O=Cc1ccnc(N2CC3(CCNCC3)C2)c1,False
CCOCCOCCOCCNCCO,True
COC(=O)c1c(C)[nH]c(C(=O)C(C)OC(=O)C=Cc2ccc3c(c2)OCO3)c1C,False
CCc1c(C=O)nc(Cl)nc1N1CCOCC1,False
CN(C)CCNC(=O)c1sc(-c2ccccc2)nc1-c1ccccc1,False
CC(=O)CCCCC(=O)NCC(=O)CCC(=O)N(CC(=O)O)CC(=O)CCC(=O)NCC(=O)N(CC(=O)O)CC(=O)NCCCC(=O)CN(CC(=O)O)C(=O)CCC(=O)CNC(=O)CN(CC(=O)O)C(=O)CNC(=O)CCC(=O)C(Cc1ccc(O)cc1)NC=O,False
Cc1cccc(NC(N)=NCc2nnc(C(C)C)s2)c1,False
COc1ccc(OCCOc2ccc(Br)cc2CCl)cc1,True
NCC1(OC=O)CC1,False
CC(=O)N1CCC(=NC2CCOCC2)C(=C(N)c2cccc3nc(-c4ccc(C(C)C)nc4)ncc23)C1,False
CNCC(=O)NC(C)CCCCN,False
CN=C(NCCOc1ccc(C)cc1)NCc1cccc(CN2CCCC(C(N)=O)C2)c1,False
CC(C)(C)OC(=O)CN1CC2(CCNCC2)C1,False
COc1ccc(OC)c2c(COC=O)csc12,False
C=C(C=CC)CCC1c2ccccc2-c2cc(C(C)C)c([Si](C)(C)C)c[n+]2C1CC(=C)NC,False
O=CCCc1ccc(-n2ncc(Br)c2C2CC2)cc1,False
C=CCC(C)C(SC)c1ccc(CCCCC)c(C=C)c1F,False
C=CCNC(c1ccccc1)P1(=O)N(Cc2ccccc2)C2CCCCC2N1Cc1ccccc1,True
C=Cc1cc(C(C)N(C(=O)C2CN(C(=O)OC(C)(C)C)CCO2)C2CC2)cc(C=CCNC(=O)OC)n1.C=Cc1cc(C(C)NC2CC2)cc(C=CNC(=O)CO)n1.CCc1cc(C(C)N(C(=O)C2CN(C(=O)OC(C)(C)C)CCO2)C2CC2)cc(CCCNC(=O)OC)n1,False
CC1(C)CCC1Nc1ccc2nncn2n1,False
Cc1cc2c3ccccc3n3c4cc(-c5c(C(C)C)cc(C(C)C)cc5C(C)C)cc5nc[n+](C)c(c(c1C)c23)c54,False
CNC(=O)CCC(C=O)n1c(C)nc2cccc(C#Cc3ncc(CN4CCCCC4)s3)c2c1=O,False
CC(C)NCCOCCOCCNC=O,False
C=C(C)CO.C=CC(C)C=O,False
C.C1CNC(CN2CCCC2)C1.CC(=O)OC12COC1CC(O)C1(C)C3OC(C=O)OC3C3=C(C)C(OC(=O)C(O)C(NC(=O)OC(C)(C)C)c4ccccc4)CC(O)(C(OC(=O)c4ccccc4)C21)C3(C)C.CC(=O)OC12COC1CC(O)C1(C)C3OC(CN4CCCC4CN4CCCC4)OC3C3=C(C)C(OC(=O)C(O)C(NC(=O)OC(C)(C)C)c4ccccc4)CC(O)(C(OC(=O)c4ccccc4)C21)C3(C)C.CO,False
CC(C)c1nccc2c1[nH]c1c(Br)cc(Cl)cc12,False
CNc1nc(N2CCNC(=O)CC2)c2[nH]cnc2n1,False
Cc1cnn(Cc2cc(N)cc(Br)c2)c(=O)c1,False
CC(Cc1cccc(CC(=O)NC23CC4CC(CC(C4)C2)C3)c1)NCC(O[Si](C)(C)C(C)(C)C)c1ccc(O)c(NC=O)c1,False
CC(C)CNC(=O)C(C)Sc1n[nH]c(Cc2cccs2)n1,False
Cc1cccc(I)c1C=O,False
Cl.O=C(CCn1ccnn1)N1CCCC(N2CCNCC2=O)C1,False
O=C(Nc1cccc(-c2ccco2)c1)N1CCOCC1,False
CCOc1cc(C=Cc2cccc(CCCCCC=O)c2)c(OC)c(OCC)c1,False
Cc1nnc(SCc2ccc(F)cc2)o1,False
Cn1nc(COc2cc(F)c(N)cc2F)c2ccccc21,False
Cn1cc(-c2ccc(CN3Cc4cccc(OCCN5CCCCC5)c4C3=O)cc2)cn1,False
CCOC(=O)CN(C)c1ccc(C=O)c(OCc2ccccc2)c1,False
ClCc1csc(-c2cc(Br)c3c(c2)OCO3)n1,True
C=C(C#Cc1ccccc1)C(=CCCO)c1ccccc1,True
CCCCCCCC=CCC=CCCCCCCCCCCCCCCCCCCCCCCCCCCCCCC(=O)OC(COC(=O)CCCCCCCCCCCCCCCCCCCCCCCC=CCCCCCCCCCC)COC(OCC[N+](C)(C)C)C(=O)O,False
CC(C)CC1(c2cnc(CCl)o2)CCCC1,True
C=CCN(CC=C)C(=CC)COC(=O)C(=C)C,False
Nc1cc(C(=O)OCc2ccccc2)nc(C(=O)OCc2ccccc2)n1,False
C=CC.CC.CC=CC(C)=CC.CN1CCN(c2ccc(N)cc2)CC1.CNC.COC(=O)CCCSSCCCC=O,False
Cc1ccc(N(c2ccccc2)c2ccc(C=Cc3ccc(N(c4ccc5ccccc5c4)c4ccc5ccccc5c4)cc3)cc2)cc1,False
CN(C)CC(c1ccc(O)cc1)C1(O)CCCCC1.O.O=C(O)C(=O)O,False
CCCCOCCNc1n[nH]c(=S)s1,True
COCCC(C)C(NN)C1COc2ccccc2O1,True
C=CCn1ncc(NCC(O)C(CC)CC)c(Cl)c1=O,False
CC(C)C(S)C(=O)N(C)CC1CC1,False
Cc1ccc(NC(=S)NN=C2CC3C=CCC23)c(C)c1,False
Cc1ccccc1CC1(CO)CN(C2CCCC2)CCO1,True
COC(c1ccccc1)(c1ccccc1)C(Oc1nc(C=O)cc(C=O)n1)C(=O)O,False
O=CNC1(C(=O)O)COCCOC1,False
CC(c1ccc(-n2cncn2)cc1)N(C)Cc1ccc(C(=O)Nc2ccccc2)cc1,False
[C-]#[N+]C(C#N)=C1C=C(C=Cc2cc3c4c(c2)CCCN4CCC3)OC(C=Cc2c3ccccc3c(N(c3ccccc3)c3ccccc3)c3ccccc23)=C1.[C-]#[N+]C(C#N)=C1C=C(C=Cc2ccc(N(C)C)cc2)OC(C=Cc2c3ccccc3c(N(c3ccccc3)c3ccccc3)c3ccccc23)=C1.[C-]#[N+]C(C#N)=C1C=C(C=Cc2ccc(N(CC)CC)cc2)OC(C=Cc2c3ccccc3c(N(c3ccccc3)c3ccccc3)c3ccccc23)=C1.[C-]#[N+]C(C#N)=C1C=C(C=Cc2ccc3c(c2)c2ccccc2n3-c2ccccc2)OC(C=Cc2cc3c4c(c2OC)C(C)(C)CCN4CCC3(C)C)=C1.[C-]#[N+]C(C#N)=C1C=C(C=Cc2ccc3c(c2)c2ccccc2n3CC)OC(C=Cc2cc3c4c(c2OC)C(C)(C)CCN4CCC3(C)C)=C1,True
Cc1csc2ccc(=O)[nH]c12,False
C=C(C)C1CC2(CBr)C(C)CCCC2C(=O)C1OC.CC=C(C)C1CC2(C)C(C)CCCC2C(=O)C1OC,False
COc1cc(C=CC(=O)OCC(=O)N2CCc3ccccc32)ccc1O,False
NS(=O)(=O)CCCOC(CO)S(N)(=O)=O,True
CC=CC(CC1OC(O)(CC(C)O)CC(O)C1NC(=O)NC)OC1OC(C)C(O)C(C)C1O,False
CC12CC(c3nnn(CS(C)(=O)=O)n3)C(CCC1OCc1cc(C(F)(F)F)cc(C(F)(F)F)c1)N2,False
CC(C)(C)C1=CC(C)(C)c2cc3[cH-]c4cc5c(cc4c3cc21)C(C(C)(C)C)=CC5(C)C.CC1[C-]=CC(C(C)(C)C)=C1.[Cl-].[Cl-].[Zr+2]=[C](Cc1ccccc1)Cc1ccccc1,False
CCC1CCCC1CNC(=O)NCCC1CCCC1,False
O=C(CCc1cc(C(Cc2ccc(O)c(O)c2)(C(=O)OCCc2ccccc2)C(=O)OCCc2ccccc2)cc(O)c1O)OCCc1ccccc1,False
CC(C)CC(C)(C)C(=O)NC1CCCCCCC1.O=Cc1ccc(OCc2cc(O)cc(COc3ccc(C=O)cc3)c2)cc1,False
CC1=CC(=O)N(C(C)COC(=O)OOC2CC(C)CCC2C(C)C)C1=O,False
CCC(N)C1C2C(CN1C)C1CCN2CC1,False
CCCCCCCCCCCCCCCc1nc2c(CCC(C)S(=O)(=O)O)c(S(=O)(=O)O)ccc2[nH]1,True
Cc1ccc(Nc2nc(N)nc(CSc3nnc(NCC4CCCO4)s3)n2)cc1,True
COc1cc(N(C(=O)C=O)c2c(C)n(Cc3ccc(Cl)cn3)c3ccc([N+](=O)[O-])cc23)ccn1,False
CCC1CCCCC1C(COC)NN,True
CCC(CC)C(C)N1C(=O)C(CC(C)C)NC1CC(C)C,False
O=C1C(=O)N(c2ncc(S(=O)(=O)c3ccc([N+](=O)[O-])cc3)s2)C(c2cccs2)C1=C(O)c1ccc(Cl)cc1,False
Cc1cc[n+]([O-])cc1-c1nc2c(Cl)cccc2cc1C(Nc1ncnc2cccnc12)C(F)(F)F,False
CNCC1(CCS(C)(=O)=O)CC2CCC1C2,True
CC(C)COc1ccc(C=O)cc1NC(=O)C=Cc1ccccc1,False
CCC=CCC=CCC=CCC=CCC=CCC=CCCCCCCCCCCCCC(=O)OCC(COC(=O)CCCCCCCCCCC)OC(=O)CCCCCCCCCCCCCCCCCCCCCCCCCCCCC,False
O=C(Cc1cccs1)N1CCN(CC2CC2)CC1,False
O=C1CC(c2cccnc2)c2snc(-c3ccc(Cl)cc3)c2N1,False
CC(C)OCCC[NH2+]CC(O)COCc1ccc2c(c1)OCO2,True
CCCN(C(=O)NCc1ccccc1)N1CC(=O)N2C(Cc3ccc(O)cc3)C(=O)N(Cc3cccc(N(C)C)c3)CC21,False
CCCCNC(=O)C(Cc1ccccc1)N(Cc1cccc(OC)c1)C(=O)Cc1ccc(OC)cc1,False
O=CC1=CCC2NC(=O)COC2=C1,False
CC=S(=O)(CC)c1cn(CC)c2ccccc12,True
Cc1c(-c2ccccc2)nn2c(-c3ccccc3)cc3ccc(N(c4ccc(-c5ccccc5)cc4)c4ccc(-c5ccccc5)cc4)cc3c12,False
CCCCCCCCCc1ccc(OCC(=O)OCCCC)cc1,False
CC(C)(C)OC(=O)N1CCC(CC(N)C2CC2)CC1.CC(C)(C)OC(=O)N1CCC(CC(NS(=O)C(C)(C)C)C2CC2)CC1.CC(C)(C)OC(=O)N1CCC(CC=NS(=O)C(C)(C)C)CC1.CC(C)(C)OC(=O)N1CCC(CC=O)CC1.CC(C)(C)S(N)=O.Cl.[Br-].[CH-]1CC1.[Mg+2],False
C.CCC=CCC1C(=O)CCC1CC(=O)OC,False
Clc1cc(Cl)c2ccn(C3CCCCC3)c2c1,False
CCN=C(C1CCCN1C(=O)OC(C)(C)C)N(C)C(C)NC(=NC)C1CCCN1C(=O)OC(C)(C)C,False
CCNc1ccc2c(c1)C(CO)c1cc(C)ccc1-2,True
CCCCn1cc(C=O)c(-c2ccccc2C)n1,False
CCC1CCCC(NC(=O)C2NCCCC2(C)C)C1,False
CCN(Cc1nc2ccccc2c(=O)[nH]1)C(=O)c1cc2c(s1)-c1ccccc1OC2,False
Cc1[nH]nc(-c2cc[nH]c2)c1CCC(=O)O,False
CCOc1ccc(C(=O)NCC(C)CN2CCCCC2)cc1C,False
CCN(c1nc(OCC23CCCN2CC(F)C3)nc(N2CC3(C2)SCc2sc(N)c(C#N)c23)c1C#N)C1(C#N)CC1,False
CCCCCCCC=CCC=CCC=CCCCCCCCCCCCCC(=O)OC(COC(=O)CCCCCCCCCCCCCCCCCCCC=CCC=CCCCCCCC)COP(=O)(O)OCCN,False
CC=CC(=O)NC1CCN(c2ccc3ccccc3c2)C1,False
CCCNCCNC(=O)c1cc(S(=O)(=O)NC(C)(C)C)ccc1C,False
CC1=C2CCCCC2C=C2CCCC=C21,False
CCOC1CC(NC(=O)c2cc(O)cc(O)c2)C1(C)C,False
CCC(CC)NC(=O)C(C)N(C)CC(C)CN,False
CCC1(C)NC(=O)N(CC(=O)OCC(=O)c2cc(C)n(Cc3ccco3)c2C)C1=O,False
COc1c(Br)cc(Cl)cc1C=NN=C1NC(=O)C(CC(=O)O)S1,False
O=c1nccc(CC2CCCCC2)[nH]1,False
NCC1(c2ccncc2F)CC(F)(F)C1,False
CCCOC(=N)c1cncc(Br)c1,True
O=C1CC(c2cccnc2)NC(=S)N1,False
CC(=O)Oc1ccc(COC(=O)NCCN(CCCCC(C=O)P(=O)(O)O)CC(=O)OC2C(C)C=CC=C(C)C(=O)N=c3c(O)c4c(O)c(C)c5c(c4c4c3=NC3(CCN(CC(C)C)CC3)N4)C(=O)C(C)(OC=CC(C)C(C)C(C)C(C)C(O)C2C)O5)cc1,False
CN(CC(=O)NC(c1cccc([N+](=O)[O-])c1)c1cc(Cl)c2cccnc2c1O)c1ccccc1,False
O=C(c1ccccc1)C(Cc1ccccc1)OCC(O)CN1CCC(O)(c2ccc(Cl)cc2)CC1,False
CCNC1CCC2(CC1Sc1nnc(SC)s1)OCCO2,True
O=CCC(O)C(O)CO.O=P(O)(O)OP(=O)(O)OP(=O)(O)O,False
CCC[SiH2]OP(O)O.NC(CO)(CO)CO,True
CCCCCCCCCCCSC(CO)CCO,True
C=CCNC(=O)C(=O)C(CCCC)NC(=O)C(C)N(CC1CC1(C)C)C(=O)C(NC(=O)NC(CN1CCCS1(=O)=O)C(C)(C)C)C(C)(C)C,False
O=C(NCc1cccs1)c1cc2ccccc2c(Cl)n1,False
O=C(O)c1onc(-c2cccnc2)c1C(O)=c1ccc(=C(O)c2ccccc2)cc1,False
CCOC(=O)C12CCC(N3CCOCC3)CC1CCN(Cc1coc(C(C)C)n1)C2,False
CCC1(CC)C(N)CC1Oc1c(F)c(F)c(F)c(F)c1F,False
CC(C)CNC(=O)NC(=O)CN(C)C1CC2CCC(C1)N2,False
C=NC=C(C=CC)C(C(=O)NC1CCCCC1)N(C(=O)C1NCC1(C)C)c1ccc(C(C)(C)C)cc1,False
C=C(C)CC1C=C(c2ccccc2)C=CC1,False
CC1CC=CC(COC(=O)N(C)C(C)C(=O)O)=CC1,False
CCN(CC)c1cc(Nc2c(C)cc(C)cc2C)ncn1,False
C=CC=C(C=CC(C)C(C)(C)C)C(C=CC)C(C)C=COC(C)c1ccc(C(=O)NCCC(=O)O)s1,False
c1ccc(-n2c3ccccc3c3c4cccc5c4c(cc32)Oc2ccc(-c3cccc4c3c3ccccc3n4-c3cccc4ccccc34)cc2-5)cc1,True
CON=C(C(=O)NC1C(=O)N2C(C(=O)[O-])=C(C[n+]3ccn4nc(N(C)C)ccc43)CSC12)c1nsc(N)n1,False
O=C([O-])c1ccc(Cl)c(-c2ccc(C=C3NC(=O)N(c4ccccc4)C3=O)o2)c1,False
CCOC(=O)c1cc(C=O)cc(C(=O)OCC)n1,False
CN(C)c1ncc(NC(=O)CNC(=O)Cc2ccccc2)cn1,False
CCOC(=O)C1=C(C)N=c2sc(=Cc3cccc(Oc4ccccc4)c3)c(=O)n2C1c1ccc(OC(C)=O)c(OCC)c1,False
CC1(Cc2ccc3c(c2)c2cc(-c4ccc(N(C5=CCC(c6ccccc6)C=C5)c5ccc(-c6cccc7c6oc6ccccc67)cc5)cc4)ccc2n3-c2ccccc2)c2ccccc2-c2ccc(N(c3ccc(-c4ccccc4)cc3)c3ccc(-c4ccc5c(c4)c4ccccc4n5-c4ccccc4)cc3)cc21,True
Cc1cc(C(=O)NCC(=O)N2CCCN(C(=O)Nc3cccc(Cl)c3)CC2)c(C)o1,False
CCCCCCCCCCCCCCCCCCCCCCCC[N+](C)(C)O,True
CC=Cc1nnc(C(=O)O)c(C)c1C,False
O=Cc1cc2c(cn1)CCC2,False
C=C.C=C(C(=CC)NC(=O)c1ccccn1)c1ccccc1,False
COC(=O)C(NC(=O)c1cc(-c2ccccc2)no1)C(C)C,False
Cc1ccsc1CN(C)C(C(=O)N(C)C)c1ccccc1,False
CC(C)(C)c1cc2c(nc1C(C)(C)C)CCO2.CC(C)(C)c1cc2ccccc2nc1C(C)(C)C.CC(C)(C)c1cc2cccnc2cc1C(C)(C)C.CC(C)(C)c1cc2ccncc2cc1C(C)(C)C.CC(C)(C)c1cc2ccnnc2cc1C(C)(C)C.CC(C)(C)c1cc2cncnc2cc1C(C)(C)C.CC(C)(C)c1cc2cnncc2cc1C(C)(C)C.CC(C)(C)c1cc2nccnc2cc1C(C)(C)C.CC(C)(C)c1cc2ocnc2nc1C(C)(C)C.CC(C)(C)c1ccc2cccnc2c1C(C)(C)C.CC(C)(C)c1ccc2ccncc2c1C(C)(C)C.CC(C)(C)c1ccc2ccnnc2c1C(C)(C)C.CC(C)(C)c1ccc2cnccc2c1C(C)(C)C.CC(C)(C)c1ccc2cnncc2c1C(C)(C)C.CC(C)(C)c1ccc2ncccc2c1C(C)(C)C.CC(C)(C)c1ccc2nccnc2c1C(C)(C)C.CC(C)(C)c1ccc2ncncc2c1C(C)(C)C.CC(C)(C)c1ccc2nnccc2c1C(C)(C)C.CC(C)(C)c1cnc2ccccc2c1C(C)(C)C.CC(C)(C)c1ncc2ccccc2c1C(C)(C)C,True
CCCSC1C(Cc2ccccc2)C2C(OC)C(=O)N2C1C=O,False
COC(=O)c1c(NCCN2CCCCC2)nc(SC)nc1SCc1ccccc1,False
COC(=O)C1OC(Oc2ccc(C=CCC(=O)N(C)CCOC34CC5(C)CC(C)(CC(Cn6ncc(-c7ccc(-c8ccc9c(c8)N(C(=O)Nc8nc%10ccccc%10s8)CCN9C)nc7C(=O)O)c6C)(C5)C3)C4)cc2NC(=O)CCNC(=O)OCC2c3ccccc3-c3ccccc32)C(OC(C)=O)C(OC(C)=O)C1OC(C)=O,False
Cc1cc(NC(=O)CC2(C(=O)O)CCCC2)ncc1Br,False
CNCc1ccc(N2CCOCC2CO)c(C#N)c1,True
COC1(C)CN(c2ccc(OCC(=O)O)c(Cl)n2)C1,False
COc1cc(C=Cc2cccc(-c3ccccc3)c2C)cc(OC)c1C=O.COc1cc(C=Cc2cccc(-c3ccccc3)c2C)cc(OC)c1CNc1ccc(C(=O)O)c(O)c1.Nc1ccc(C(=O)O)c(O)c1,False
C=C(COc1cc(Cl)cc(NC(=O)NCc2ccc3c(c2)CN(C(CCC=O)C(=O)NC)C3=O)c1)C(=O)N1CCN(c2nc(OCC3CCCN3C)nc3c2CCN(c2cccc4cccc(Cl)c24)C3)CC1CC#N,False
CCc1ccc(C2CN(C(=O)c3ccnc(C(=O)O)c3)CCO2)cc1,False
Cc1c(-c2ccccc2)nnn1C(Cc1ccccc1)C(O)(c1ccccc1)c1ccccc1,True
CCCc1ccc(NC(=O)CCC(=O)c2ccccc2)cc1,False
CC(C)(O)CNS(=O)(=O)c1ccc(=O)[nH]c1,False
O=CC1(c2ccccc2)C=CC=CN1,False
Cc1cnc(NC(=O)c2cc(-c3ccco3)nc3c2c(C)nn3C)s1,False
CCC(CC)SNc1ccc(-c2cc(NC=O)nc3[nH]ccc23)cc1,False
CC1(CNCc2c(C(=O)O)oc3ccccc23)CCCS1,False
CCCCCCCCCCOC(=O)C(N)C(C)O.Cl,False
CNC(=O)Oc1cccnc1NC(=S)N=C(N)c1cc(C)ccn1,False
COc1ccc(C(=O)N(C2CCCC2)C2CC(=O)N(c3ccc(-c4nc5ccccc5o4)cc3)C2=O)cc1,False
C=CCNC(=O)C(=O)C(CCC)NC(=O)C1CC(CC=C(C)C)CN1C(=O)C(NC(=O)NC(CN(C)S(C)(=O)=O)C(C)(C)C)C1(C)CCCCC1,False
O=CCC(=O)C1CC2CCC1O2,False
NS(=O)(=O)c1ccc(-n2nc(NC=O)c(Br)c2-c2ccccc2)cc1,False
CC1CCCCC1NC(=S)NN=Cc1cccc([N+](=O)[O-])c1,True
Cc1cccc(N2CCN(c3nc(N4CCN(Cc5ccc(N)cc5)CC4)nc(N4CCOCC4)c3F)CC2)c1C,False
Cc1c(CNc2ccccc2Cl)cnn1C,False
CCN(CC)CCn1nc(-c2ccccc2)cc(C)c1=O.Cl,False
CCCCCCCCC[n+]1ccccc1.O=S([O-])[O-],True
CC(=O)CNC1COC1,False
CC=CC=C[NH2+]CC(=O)c1ccccc1,False
O=CC1CC(C2CCCCC2)C1,False
O=C(O)C(=O)O.O=C(c1ccccc1)N1CCN(S(=O)(=O)c2ccc([N+](=O)[O-])cc2)CC1,False
O=C(NCP(=O)(O)c1ccc([N+](=O)[O-])cc1)C(=O)c1cccs1,False
CCOC(=O)NC(=Nc1c(-c2ccccc2)csc1NC=O)NC(=O)OCC,False
O=C(Nc1cccc(CN2CCOCC2)c1)c1ccc(SCc2cn3ccccc3n2)cc1,False
COc1cccc(C(C)=CC(=O)Nc2ccc(N(C)CCO)cc2)c1,False
CCOCCCNC(=O)CC(CN)CC(C)C,False
CCCCC(C)=CCCCCC=O,False
COCC(NCC(C)N1CCCC1)C(C)C,True
CCCCCCCCCCCC(=O)OC(CO)S(=O)(=O)O,False
Cc1nc2ccc(Br)cc2c(-c2ccccc2)c1C(=O)C=Cc1cn(-c2ccccc2)nc1-c1ccccc1,False
O=Cc1ccc(N2N=C(Cc3ccccc3)C(=Cc3ccc(-n4ccnc4)cc3)C2=O)cc1,False
Cc1ccccc1-n1c(B(C=O)Cc2nc(OC3CCOC3)c3ccccc3n2)cnc1C,False
CCOC(=O)C1=c2sc(=Cc3cccc([N+](=O)[O-])c3)c(=O)n2C(=N)C(S(=O)(=O)c2ccccc2)C1c1cccc([N+](=O)[O-])c1,False
CCNC(=NCC1CN2CCCC2CO1)Nc1ccc(OC)c(OC)c1,True
O=C(Nc1ccccc1C(=O)NCCN1C(=O)CSC1=O)c1cccs1,False
CCOC(=O)C1=C(C)N=c2sc(=Cc3ccc4c(c3)OCO4)c(=O)n2C1c1ccc(-c2ccc(Br)cc2)o1,False
CCC(C)c1ccc(NCCN)c(O)c1,True
CC1CCCC(c2ncn(C3CC3)c2N)C1,False
C.C.C.C1=CNNC1.C1CCNC1.C1CN2CCC1CC2.C1CNCCN1.C1CNNC1.C1COCCN1.C1COCCO1.C1CSCCN1.S=c1[nH]c2ccccc2[nH]1.S=c1[nH]c2ccccc2o1.S=c1[nH]c2ccccc2s1.c1cc2c3c(c1)CCCN3CCC2.c1ccc2c(c1)CCN2.c1ccc2c(c1)CNC2.c1ncncn1.c1nnco1,True
CC=C(O)C(=CCC)C(C)=O,False
Cc1ncsc1C(C)Nc1cccc(Cl)c1Cl,False
CCC(C)C(C)O.CCC(C)C(C)O,True
COCCC(=O)N1CCCC(c2nnc(CN3CCOCC3)n2C)C1,False
CC(C)C1CN(C(=O)c2ccn3ccnc3n2)C1,False
CCOC(=O)C=Cc1cc2cc(OC)cnc2n1Cc1ccc(Cl)cc1.CCOC(=O)CP(=O)(OCC)OCC.COc1cnc2c(c1)cc(C=O)n2Cc1ccc(Cl)cc1.[Na+],False
CN(C)CCN=Cc1ccc(C=O)cc1,False
COc1cccc(F)c1-c1ncc2c(cnn2COCC[Si](C)(C)C)n1,False
C=CC=CC(=CC)OCC(C)COC(=O)C1=CCCC=C1.C=O.CC.CC.CC,False
CCc1ccc(CC(O)(CC)c2ccc(F)cn2)nc1,False
COc1cc2c(cc1OCCOCCOCCOc1cccc3cccnc13)Cc1cc(OC)c(OCCOCCOCCOc3cccc4cccnc34)cc1Cc1cc(OC)c(OCCOCCOCCOc3cccc4cccnc34)cc1C2,True
COc1c(Cl)cc(P(OC(C)(C)C)c2ccccc2)cc1C=O,False
CS(=O)(=O)c1ccccc1C=Cc1ccccc1,True
CCc1cccc2c1c(C=O)c(CC)n2NC(C)=O,False
Cc1cnccc1NCC(N)C(C)O,True
CC=C1CC2CC(=O)OC(C=CC=CC=C(C)Cc3nn[nH]n3)C(C)C=CC(C)CC3CCCC(CC(C1)O2)O3,False
CC(N=C1NS(=O)(=O)c2ccccc21)C(=O)N1CCC(C2OCCO2)CC1,False
CCOc1ccc(C2CCCN2C(=O)c2cnc3sc(C)cn3c2=O)cc1,False
CC=CC=CC1CCC1=O,False
Cc1ccc(N(CCC#N)C(=O)CSc2nncn2C2CC2)cc1C,False
O=Cc1cc2ccccc2nc1Oc1cc(Cl)ccc1Cl,False
CC(=O)c1ccc(S(=O)(=O)N2CCCC(C=O)C2)cc1,False
CNCCCCN(C)Cc1ccc(OC)c(C)c1C,True
CCC(C)C1NC(=O)C(NC(=O)C(CC(C)C)N2CCC3(CCCN3C(=O)OC(C)(C)C)C2=O)C(C)OC(=O)C(Cc2ccc(OC)cc2)N(C)C(=O)C2CCCN2C(=O)C(CC(C)C)NC(=O)C(C)C(=O)C(C(C)C)OC(=O)CC1O,False
C[Si](C)(C)CCOC(=O)c1ccc(N)cc1COc1c(O)cccc1C(=O)O,False
CCOC(=O)C1=C(C)N=c2sc(=Cc3ccc(OC(C)=O)c(OC(C)=O)c3)c(=O)n2C1c1ccccc1,False
CC(=O)c1cccc(C(C)=NN=C([O-])c2ccccc2O)n1.CC(=O)c1cccc(C(C)=NN=C([O-])c2ccccc2O)n1.CN(C)C=O.[Mn+2],False
Cc1ccc2n1N(C)c1ccc(Cl)cc1N=C2N1CCN(C)CC1,False
Cc1oc(CN(C)C(=O)c2ccccc2OCC(=O)N(C)C)cc1C(=O)O,False
C=CCCCCCN(C)C(=O)c1csc(CN)n1,False
CCCCCOc1ccccc1-c1ncncc1CCC1CCC(CCCC)CC1,True
CC(C)c1ccc(-c2cncc(C=O)c2)cc1,False
Cc1cnc(-c2cc(-c3cn[nH]c3)nc3nn(C)c(C)c23)cn1,False
COc1ccc(Br)c(CC2(CNC(C)(C)C)CCC2)c1,True
CCN(CC)CCCNc1ncccc1C(=O)Nc1ccncc1,False
Br.O=CC(Br)c1cnccn1,False
CCc1nn(C)cc1C(=O)c1nccn1CC,False
CC1=C(C)CC(C(=O)Nc2ccc(SC#N)cc2)C(C=O)C1,False
CC1(C)c2cc(-c3ccc4nc(-c5ccc(C6=CC[N-]C=C6)c6ccccc56)ccc4c3)ccc2-c2ccc(-c3nc(-c4ccccc4)nc(-c4ccccc4)n3)cc21,False
CSc1ccccc1C(=O)N1CCCN1,False
Cc1cccc(C)c1NCC(O)Cn1c2ccccc2c2ccccc21,True
CNC(=O)c1coc(CNC(=O)NCC2CN(Cc3ccc(Cl)c(Cl)c3)CCO2)c1,False
C=CCNCC(=O)Nc1ccc(OCCC)c(Cl)c1,False
Cc1c(C=O)c(C2CC2)nc2ccccc12,False
CC(C)(C=O)C[P+](=O)O,False
Cc1cc(C(=C(C=O)c2ccccc2)c2ccccc2)ccc1-n1c2ccc3ccccc3c2c2cc3cccc4c3c(c21)-c1ccccc1C4(C)C,False
CC.CCCC(C)CCCC(C)NCC(=O)N1CCN(C2CCNCC2)C1.CCCC=O.CN=C(N)c1ccccc1.Cc1cc(C)c(N)c(Cl)c1,False
CCOc1ccc(NC(=O)CCC(=O)NN=Cc2ccc(Br)s2)cc1,False
COC1=C(CC=C(C)C)C2C(=O)c3c(cc(OC(=O)C(CS)NC(=O)C(C)NC(=O)C(N)CS)c(CC=C(C)C)c3O)OC2C=C1O,False
CC(=CC(C(C)C)N(C)C(=O)CNC=O)C(=O)N1CCCC1C(=O)NC(C)CC(C)C,False
CC(CNC(=O)c1cn2ccccc2n1)CC(=O)O,False
CC(=O)N1CCN(C(=O)C(=O)NCC#N)CC1,False
COc1cc([N+](=O)[O-])cc(C=O)c1S(=O)(=O)Cl,False
COc1cccc(C(=O)N(CCC[NH+](C)C)c2nc3cc4c(cc3s2)OCO4)c1,False
CN(OS(=O)(=O)CC12CCC(CC1=O)C2(C)C)C(=O)c1ccc(C=Cc2ccccc2)cc1,False
CCS(=O)(=O)N1Cc2cccnc2C1,True
CCC1(c2ccccc2OC)c2ccccc2C(c2ccc3c(c2)OCO3)C1C(=O)O,False
CCCCC(=O)OCCCC=O,False
C=CC(=NC=CC)C(=O)NCC1NC(=O)C(Cc2ccco2)NC(=O)C(CC=Cc2ccccc2)NC(=O)C=CC(=O)NC(C(N)=O)CCNC1=O,False
O=Cc1ccc([N+](=O)[O-])c(Oc2ccc([N+](=O)[O-])cc2)c1,False
CC(C)(C)OC(=O)NCC(=O)Nn1cccc1C(=O)c1ccccc1Cl,False
CC=CC(=CC)Nc1ccc2c(c1)C(=O)N(CC(O)CN1CCc3ccccc3C1)CC21CC1,False
CNCCc1c(-c2ccc(Br)cc2)[nH]n(C)c1=O,False
CCCNC(C)c1nnnn1CC1C(C)(C)C1(C)C,False
O=S(=O)(Nc1cc(F)ccc1O)c1cccc(F)c1,False
O=C(COC(=O)c1cccnc1SC1CC(=O)N(c2ccc3cc[nH]c3c2)C1=O)c1ccccc1Cl,False
Cc1cccc2c(CNCc3n[nH]c(=O)[nH]3)cccc12,False
O=C(CCNc1cccc(Cl)c1)NCCc1ccc(Cl)cc1Cl,False
CCC(C=CC(O)CC=CC=O)=CC(C)CC=CC(C)=CC(C)C(O)C(C)C(O[Si](C)(C)C(C)(C)C)C(C)CC,False
CCOC(=O)c1c(NC(=S)NN)sc2c1CCCC2,False
CC(C)(C)OC(=O)N1CCC(CN)(c2ccccc2)CC1.CN(C)CC(=O)NCC1(c2ccccc2)CCNCC1.[V],False
Cc1c(CCCCCC2(C)CC2)cc(CCCCCC2(OC=O)CC2)c(C)c1C,False
CCC1OCCC1C(N)c1ccc(COC)o1,True
CCOc1ccc(N2CC(C(=O)Oc3cccc(N4C(=O)c5cccc([N+](=O)[O-])c5C4=O)c3)CC2=O)cc1,False
CCOc1cc(CCN)ccc1OCc1cncs1,True
COC1=CCC(C(C)C=C(C)C=CC=CC(=O)NC(C(=O)NC=C(C)CCO)C(C)(C)C)OC1=O,False
CC(NC1=NC2CCCC2CS1)C1CC1,False
COC(C)(C)c1cnc(CCN)o1,True
C=CCN(C)S(=O)(=O)c1ccc(CNCC)cc1Br,True
CC(C)Cc1ccnc(-c2[c-]cc3c4ccccc4c4ccccc4c3c2)c1.CC(C)c1cc(-c2[c-]cccc2)nc[c]1[Ge]([CH3])([CH3])[CH3].[Ir],False
CC(N)C1CCOCC1.CC(NC(=O)c1c[nH]c2ncc(C3CC3)nc12)C1CCOCC1.O=CC1CCOCC1,False
C=CC(=O)Nc1cnc(-c2cncc(C(C)C(=O)Nc3ncc(C(C)=O)s3)c2)cn1,False
CCS(=O)(=O)N1C2CCC1CN(c1nc(N(C=O)C3CC3)nc3[nH]ccc13)C2,False
C=CCC1CC(C(=O)NC(CC2CCNC2=O)C(=O)C(=O)NCc2ccccc2)N(C(=O)c2cc3ccccc3[nH]2)C1.CC1(C)CCN(C(=O)c2cc3ccccc3[nH]2)C(C(=O)NC(CC2CCNC2=O)C(=O)C(=O)NCc2ccccc2)C1.CC1CC(C(=O)NC(CC2CCNC2=O)C(=O)C(=O)NCc2ccccc2)N(C(=O)c2cc3ccccc3[nH]2)C1.COc1cccc2[nH]c(C(=O)N3CC4CCCC4C3C(=O)NC(CC3CCNC3=O)C(=O)C(=O)NC(C)C)cc12.O=C(NCc1ccccc1)C(=O)C(CC1CCCNC1=O)NC(=O)C1C2CCCC2CN1C(=O)c1cc2ccccc2[nH]1.O=CC(CC1CCCNC1=O)NC(=O)C1C2CCCC2CN1C(=O)c1cc2ccccc2[nH]1,False
CNC.CNC(C)C(=O)O.CO.COc1cc(CC(C)=CC=CCC2CC(CC3OC3(C)CCC=O)OC(=O)N2)ccc1Cl,False
COc1cc(Cl)cc(C=O)c1B1OC(C)(C)C(C)(C)O1,False
CN(C)CC1(C)CSc2c(c3ccccc3n2C)C1=O,False
Cn1c(=NN=C(CNCCO)C(O)C2OC(c3ccccc3)OCC2O)sc2ccccc21.O=CO,False
O=CC1NCCc2ccc(O)c(Cl)c21,False
CC1C(F)CCCC1F.CC1CCC(C)CC1.O.O,False
COc1ccc(N(CC(=O)NC(C)C)C(=O)c2ccc(N3CCCC3)nc2)cc1,False
CCCCCC1CCC(c2ccc(OCC3CCC(C4CCC(CCC)CC4)CC3)cc2)CC1,True
CCCCOCC1=CC(O)(c2ccc(Cl)c(Cc3ccc(CC)cc3)c2)C(OCCCC)C(OCCCC)C1OCCCC,True
CC(C)(Cc1csc2c1CCCC2)C(=O)O,False
C=CC=CC(c1ccc(CC(=O)N(C)c2nc(C)c(S(N)(=O)=O)s2)cc1)=[N+](C)[O-],False
CC(C)CC(N)C(=O)NC(CCC=O)C(=O)O,False
CC1CCC(C)c2c1cc1n2CCN(c2nccc(-c3cc(Nc4ccc(N5CCN(C6COC6)CC5C)cn4)c(=O)n(C)c3)c2C=O)C1=O,False
CN1CC(c2[nH]nc3cccc(OCc4ncccn4)c23)C1,True
CS(=O)(=O)c1ccc(NC(=O)CCC2CCCCN2)cc1,False
CCCCCCCC=CCC=CCC=CCCCCCCCCCCCCC(=O)OC(COC(=O)CCCCCCCCCCCC=CCC=CCCCCCCC)COC(OCC[N+](C)(C)C)C(=O)[O-],False
CC(C)CC1C(C)CC2C1C2(F)F,False
COC(=O)N(O)Cc1cccc(OC)c1,False
CCCCN(CC(N)=O)C(C)C1CNCCO1,False
O=C(Nc1ccc(O)cc1C(=O)O)c1cc(Cl)ccc1Br,False
O=C(CCNC(=O)C1=NOC(c2ccccc2)C1)NCc1ccncc1,False
COc1ccc2cc(C3CN(CCCn4cnnn4)CCO3)ccc2c1,True
COC1C(OC(=O)CC2CCC(N)CC2)CCC2(CNC3CCC(CC(=O)OC4CCC5(CO5)C(C5(C)OC5CC=C(C)C)C4C)CC3)OC(C)C(C)(O)C12,False
C=C1NC(=O)NC1(CNC(=O)c1cnn(-c2ccccc2)n1)C1CCCC1,False
c1ccc(C(c2ccccc2)(c2ccccc2)n2cnc3c(N4CCNCC4)cccc32)cc1,False
CC1CCOC1C(=O)N1CCCC(CCN)C1,False
O=Cc1ccccc1[S-].[K+],False
c1ccc(-n2c3ccccc3c3cc(-c4ccc5c6c(cccc46)-c4cc6ccccc6cc4-5)ccc32)nc1,False
O=Cc1cc(CC2CCCCS2)on1,False
C=CC=C.C=CC=C.C=CC=C.C=CC=C.C=CC=O.C=CC=O.C=CC=O.C=CC=O.CCOC(=O)CC1CCCCC1C=O.N.NCC1CCCCC1CC(=O)O.O=C1CC2(CCCCC2)CN1.O=CC1CC=CCC1.O=CC1CCCCC1.O=CC1CCCCC1.[Pd],False
CC(C)COc1ccc(C(C)(C)CNC(=O)C2COCCN2)cc1,False
COc1cc(C=O)cc(C(O)C(O)CC(N)=O)c1O,False
Ic1c[nH]c2ncncc12.O=S(=O)(Cl)c1ccccc1.O=S(=O)(c1ccccc1)n1cc(I)c2cncnc21,True
CC=CC(C)(CCC)CC(CNC)=C(C)C(=O)C=CCC#N,False
CC(C)c1ccc(-n2c(-c3ccc(C(=O)O)cc3)c(C(=O)O)c3cc(Oc4ccc(Cl)cc4)ccc32)cc1,False
CCc1noc(CSc2nnc(N)n2C2CC2)n1,True
COC(=O)c1ccccc1Nc1ccc2c(C=Cc3cc(C)cc(C)n3)n[nH]c2c1,False
N#Cc1cc(N)c(CC(=O)O)cc1[N+](=O)[O-],False
CCOc1ccc(C(=O)N(CC(C)C)CC(C)C)cc1OCC,False
CCC(c1cc(N)ccc1C(=O)O)C(O)CO,False
CC=C(C)CCC(C)C(C)CC,False
CC=C1CN(C(C)C)CCN1C(=O)C=CN,False
CC(C)CNC(=O)C=CSCCCc1ccc(C(C)C)cc1,False
CCC(C)(O)CCCCCCCCC(O)C(CO)[N+]([O-])=NO,True
Cc1ccc(C(=O)CN2CCC(N(C)C)CC2)c(C)c1,False
COc1ccc2c(Cc3cncc(C(=O)O)c3)c(C3(C)CC3)[nH]c2c1,False
[B]c1nc(C(C)C)[nH]c(=O)c1C,False
CC(C)(C)c1ccc2c(c1)cc(C(C)(C)C)c1op(-c3ccccc3)oc3c(C(C)(C)C)cc4cc(C(C)(C)C)ccc4c3c12.COc1cc(C)cc2c1op(-c1ccccc1)oc1c(OC)cc(C)cc12.Cc1cc2ccccc2c2c1op(-c1ccccc1)oc1c(C)cc3ccccc3c12.Cc1ccccc1-p1oc2c(C(C)(C)C)cc(C(C)(C)C)cc2c2cc(C(C)(C)C)cc(C(C)(C)C)c2o1.Cp1oc2c(C(C)(C)C)cc(C(C)(C)C)cc2c2cc(C(C)(C)C)cc(C(C)(C)C)c2o1.c1ccc(-p2oc3ccc4ccccc4c3c3c(ccc4ccccc43)o2)cc1,True
CN=C(NC1CC1c1ccccc1OC(F)(F)F)N1CCC(CN2CCCCC2)C1,False
CCOc1ccc(NCc2nnc3n(C)c(=O)c4ccccc4n23)cc1,False
N#Cc1cc(B(O)O)ccc1N1CCCCC1,True
COc1ccc(OC)c2sc(N(CCCN(C)C)C(=O)C3CCCN3S(=O)(=O)c3ccc(Cl)s3)nc12,False
COC(=O)C=CC(c1cc(OC)c(OC)c(OC)c1)C(C)O,False
CC(C)(C)OC(=O)OCCOc1cncc(Br)c1,False
OCCn1cc(-c2ccccc2Cl)cn1,True
Nc1n[nH]c(-c2cc(C(F)(F)F)ccc2N)n1,False
CC=CC(=O)N1CCN(c2nc(NC(=O)C3CCCN3C(=O)C(C)CSC(C)=O)c3cc(OC)c(OC)cc3n2)CC1.Cl.O,False
COC(=O)CNC(=O)Cc1ccc(NS(=O)(=O)c2ccc3oc(=O)ccc3c2)cc1,False
COc1c(O)c2c(c3c(OC)cc(O)cc13)OC(C)=CC2C=O,False
CC(NC1CC(C)N(Cc2ccccc2)C1)c1cc2ccccc2o1,True
CC1(c2cc(-c3cncc(Cl)c3)ccc2F)CCOC(N)=N1,False
C=CC(=O)CCCOc1ccc(C(=O)C(=O)OCC)cc1,False
C=C1CC(=CC)C(=O)OC2CCN3C(O)C=C(COC(=O)C1(O)CO)C23,False
Cc1cc(CC2CN(Cc3ccc(-c4ccccn4)cc3)CC2O)on1,True
CN=C(NCCN1CCCCC1)NCc1cc2ccccc2o1.I,True
CCCC(=O)C(=O)Cc1cccc(C)c1,False
CCCNc1ncnc2nc(-c3ccc(OC)cc3)[nH]c12,True
COc1cc(OC)c(OC)cc1C=NN=C1NC(=O)C(CC(=O)[O-])S1,False
COC(=O)C1CCC(NC(=O)c2cc(-c3ccc(C(=N)N)cc3)nn(CC(N)=O)c2=O)CC1,False
O=CN1CCN(C(=O)CC(=O)Nc2c(Cl)cccc2Cl)CC1,False
COc1cc(C=O)cc(C(O)C(O)CBr)c1O,False
CCCN(CCC)C(=O)c1cccc(NC(=S)NC(=O)c2cc(Br)ccc2OCCc2ccccc2)c1,False
CNCC(CN1CCN(C=O)CC1)C(C)C,False
Cc1ccc(CC(NN)c2coc(C)c2)c(Cl)c1,True
CC=C(C(=O)OC)c1c(OC)ncnc1Oc1cccc(C(C)C)c1,False
COCCOCCOCC(O)C(O)C(O)C(O)C=O,False
COc1ccccc1C1(NC(=O)C2CC(c3ccccn3)NN2)CCCC1,False
CS(=O)(=O)Cc1cnc(-c2ccc3ccccc3c2)n1-c1ccnc(NC2CCCN(C=O)C2)n1,False
CCCCc1ccc(NS(=O)(=O)c2ccc(C)c(C(=O)N3CCN(C(=O)Oc4ccccc4)CC3)c2)cc1,False
NC(CC(NCC1CCCC(C2CCCCC2)C1)C1CCCCC1)C1CCCC(C2NC3CCCCC3C3C2CCC2C4CCCC4C4CC4C23)C1,False
C#CC=CC(=CC)CNC(=O)N1C2CN(Cc3cccc4ccccc34)C(=O)C(c3ccc(O)cc3)N2C(=O)CN1C,False
C=C(CC(=O)O)C(=O)OC(C)C(=O)OC(=O)CCC(N)C(=O)O.CC(=O)OC=O.CC(N)C(=O)OC(CC(=O)O)(CC(=O)O)C(=O)O.CCOC(=O)CCC(=O)OC(=O)C(C)=O,False
Cc1ccc(CNc2cccc(OCCCC#N)c2)nc1,True
CCN(CC)CC(O)CNc1ncc(C)c2c1c1cc(O)ccc1n2C.Cl.Cl,True
CCOC1N=C(Oc2ccc3[nH]c(C)cc3c2)c2ccccc2N1NC,True
COc1ccc(-c2cc(C(=O)N3CCOC(c4ccc(C)o4)C3)c3ccccc3n2)cc1,False
Br.CC(=CC(=O)N1CCN(Cc2ccc(CCOc3ccc(Cl)cc3)cc2)CC1)c1cc(C)c(Oc2ccc(OCc3ccccc3Cl)cn2)c(Cl)c1,False
CC[Si](C)(CC(CN(C)C)(CN(C)C)CN(C)C)OC,True
COc1ccc(C(N)C(C)N(C)C2CCOC2)cc1,True
Cc1ncc(C(C)NCC2(O)CCSCC2)c(C)n1,True
CCOc1cc2occ(-c3ccc(OC)c(OC)c3)c2cc1C(C)=CC(=O)NCCCc1ccccc1,False
CCOC(=O)C1=C(c2ccccc2)N=c2sc(=Cc3ccc(OC)c([N+](=O)[O-])c3)c(=O)n2C1c1cccc(OC)c1,False
CCCCCCCCCCCCCCCC(=O)OC1CCC(COC(=O)CN(C)C)O1,False
CCN=C(c1ccccc1OC)N1CCCc2cc(C3=NN(C(=O)C(C)C)C(=O)SC3(C)C)ccc21,False
NCC1(c2ccc(C=O)c3c2OCCO3)CC1,False
N#Cc1cccc(Oc2cccc(F)c2F)n1,False
CCn1nc(C)c(N)c1Nc1cc(OC)ccc1Cl,True
CCCCC(C=O)Oc1ccc(C(=O)Nc2ccccc2Sc2cc(OC)ccc2-c2nn[nH]n2)cc1,False
COc1cc(OC)cc(C(CC(N)C(c2cc(OC)cc(OC)c2)(c2ccccc2C)N2C=Nc3c(ncn3C3OC(CO)C(O)C3O)C2N)c2ccccc2C)c1,True
CCCC(N)C(=O)Nc1ccc2c(c1)NC(=O)CC2.Cl,False
CCC(C)(C)NC(=O)c1cc(Cl)nc(C(C)(C)C)c1,False
CS(=O)(=O)N1CCOC2CCN(C(=O)c3cnn4ccccc34)CCC21.O=CO,False
CC1CN(Cc2ccccc2)CC12CC2,False
O=C1CC2NCCCNCCCCN(CCCN1)C(=O)C1c3cc2ccc3OC1c1ccc(O)cc1,False
COc1ccc(C=C2C(=O)NC(=O)N(c3cc4c5c(c3)C(c3ccccc3)CCN5CCC4c3ccccc3)C2=O)c(OCc2c(C)ccc3ccccc23)c1,False
COc1c2c(cc3c1C(=O)N(C1CCC(=O)NC1=O)C3=O)CC(C=O)C2,False
CCOC(=O)c1ccc(Nc2ncnc(Nc3ccc4c(c3)OCO4)c2N)cc1,False
CSN(C)c1nc(-c2ccc(F)cc2)c(C=N)c(C(C)C)n1,False
O=C(O)C(O)(C=[P+]([O-])CSc1ccc2ccccc2c1)CCc1ccccc1,False
C1=CC2Oc3c(cc(-c4ccc5c(-c6cccc(-c7ccccc7)c6)c6ccccc6c(-c6cccc(-c7ccccc7)c6)c5c4)c4oc5ccccc5c34)C2C=C1,True
CC1(C)C(=O)N(C2CC(OCc3ccccc3)C2)c2nccnc21,False
O=Cc1cc2ccccc2[n+]2c1OCC2CBr.[Br-],False
COc1ccc2c(OC)ccnc2c1C,True
C=CC(=C(C=CC)c1ccc2ccc3c(ccn3-c3ccccc3)c2c1)[N+](=O)[O-],True
CC.O=C1CC2CNCc3cccc(c32)N1,False
N#CC(=Cc1cccc([N+](=O)[O-])c1)c1nc(-c2ccc(O)cc2)cs1,True
CCC=CC(=O)OCC(=O)c1[nH]c(C)c(C(C)=O)c1C,False
C=CCNS(=O)(=O)c1cccc(C(=O)N2CCC(CNCC)CC2)c1,True
CCOc1ccccc1NC(=O)C(C)Sc1nnc(-c2ccccc2)n1-c1ccc(C)cc1,False
COC(=O)C(CNCc1ccccc1)NC(=O)OCC(C)C,False
COc1ccc(C)cc1-c1ccoc1C=O,False
CCCCCCCCC=CCCCCCCCC(=O)OCC(C[N+](C)(C)CCCBr)OC(=O)CCCCCCCC=CCCCCCCCC.[Br-],False
CC(C)(C)C(=O)N1CCCC1N(C=O)C(Cc1ccc2ccccc2c1)C(=O)NCCCNCc1ccc([N+](=O)[O-])cc1,False
C=C(C=CCC(P)=CC)C(NC(=O)c1ccc(C(=C)N2CCCC2)c(C)c1)C(C)=NC1=C(N)C=CCC(Cl)=C1.CC.CC,False
CCN(CC)C(COc1ccccc1)C(C)(C)C,True
CC1(C)CC(OC=O)C(C)(C)C(Br)C1Br,False
CC(Cc1ccc(C=O)cc1)OCCC(C)(C)O,False
COc1oc2c(C)c(C)ccc2c1C=O,False
C=C1C=C(C)C=C2NC=CCC(C)C=NC2NC(=C)S1,False
Cl.Cl.OCCN1CCN(c2cc3nc(SCC4CCOCC4)[nH]c3cc2Cl)CC1,True
CC1CC(C(=O)OCN2CCC(CCOc3noc4cccc(O)c34)CC2)CCO1,False
CNc1nnc(-c2ccc(F)c(OC)c2)s1,False
COc1cccc(C(=O)CN2CCCC2C2CCCC2)c1,False
OC(Oc1ccccc1)(Oc1ccccc1)c1ccccc1,True
CCCCCC(C(=O)NCNC(=O)c1ccc(-c2ccc(C(=O)NC(CC(=O)O)C(=O)O)c(OCC)c2)o1)C(CC)N(C=O)OC(=O)c1c(C)ccnc1C,False
C=C(C(C=CC)=CC(=CC)Oc1ccnc2cc(O)c(OC)cc12)C(C)C(=O)OCC,False
COc1ccc(-c2ccc(N)cc2)cc1.Nc1ccc(C(=O)c2ccc(C=CC=O)cc2)cc1,False
COCCNCc1ccc(OCCS(=O)(=O)C(C)C)cn1,True
CC=O.C[CH2][GeH]([CH2]C)[CH2]C,False
COC(=O)C1CCN(CC(=O)Nc2cccc(OC)c2)C1,False
CN1CCCN(Cc2cc(-c3ssc(=S)c3Cc3ccccc3)ccc2O)CC1,True
O=C(CC1CCOCC1)Nc1nccc2cc(Br)ccc12,False
CCN(C(C)=O)c1nc(C=C(C#N)C(=O)Nc2ccc(OC)c(OC)c2)cs1,False
COC1(C=O)CCC(C)(C)CC1C,False
COc1ccc(C2(O)CCCc3ccccc32)c(F)c1,False
COCCc1nsc(N2CCC(c3c[nH]c4ccccc34)CC2)n1,True
COCC(C)NC(N)=NCC(C)C,True
Cn1c(CCNC=O)nc2ccccc21,False
CCOc1cc(C=c2sc3nc4ccccc4n3c2=O)ccc1OC(=O)c1ccc(C)cc1,False
C=CC(=O)OCCOC(=O)CCCCCOC(=O)CCCCCOC(=O)CC(=O)NCCNC(=O)C(C)C(=O)OCCCCCC(=O)OCCCCCC(=O)OCCOC(=O)C=C.C=CC(=O)OCCOC(=O)CCCCCOC(=O)CCCCCOC(=O)CC(=O)NCCNC(=O)CC(=O)OCCOc1ccc(C(=O)C(C)(C)O)cc1.CC(C)(C)C(=O)c1ccc(OCCOC(=O)CC(=O)NCCNC(=O)CC(=O)OCCOc2ccc(C(=O)C(C)(C)O)cc2)cc1,False
O=C(Cc1ccc[nH]1)N1CCN(CC=Cc2ccccc2)CC1,False
Cc1nn(-c2cccc(Cl)c2)c(C)c1CCNC(C)C,False
COCC(=O)N1CC(OC)C(O)C(O)COCCCCN(C(=O)CSc2nnc(-c3cccnc3)n2-c2cccc(OC)c2)C(CC(C)C)C1,False
CCCc1ccc(S(=O)(=O)N2CCN(CC(=O)N(c3ccccc3)C3CCCCC3)CC2)cc1,False
C=CC1(OC(=O)C(C)(C)CC)CC2CCCC2C1.C=CC1(OC(=O)C(C)(C)CC)CCC2CCCC21.CCC(C)(C)C(=O)OC1(C2=C(C)CCC2)CC2CCCC2C1O.CCC(C)(C)C(=O)OC1(C2=CCCCC2)CCC2C(O)CCC21.CCC(C)(C)C(=O)OC1(C=C2CCCC2)CC2CC(CC=O)CC2C1,False
Cc1c(NC(=O)NCC2CCC(Nc3nc(N(C)C)c4ccccc4n3)CC2)cccc1[N+](=O)[O-],False
CCCCCC(CN(O)C=O)C(=O)N(N)c1cccnc1,False
CCc1ccccc1.O=CCl,False
CC(C(=O)O)C1CN(C(=O)C2CCOc3ccccc32)C1,False
CC(C)(C)c1ccc2c(c1)B1c3cccc4c3N(c3cc(N5c6ccc(C(C)(C)C)cc6C6(c7ccccc7)CCCCC56C)cc(c31)N2c1ccc(C(C)(C)C)cc1-c1ccccc1)C1(C)CCCCC41C,False
C=CC(=CC=C(C)C(=O)NC(C=O)=CC(C=N)=C(N)C=CN)N1CCCCC1,False
Cc1ccc(-c2cnc(-c3ccc(C=O)cc3)o2)cc1,False
CCC(C)C(NC(=O)C(Cc1ccccc1)CC(O)C(Cc1ccccc1)NC(=O)OC(C)(C)C)C(=O)NCCO,False
CNC1(C(=O)OC)CCN(c2ccccc2)CC1,False
Nc1sc2c(c1C(=O)c1ccc(Cl)c(Cl)c1)CCN(CCCCCCCCCOc1ccc([N+](=O)[O-])cc1)C2,False
COc1nc(-c2cccc(-c3cccc(-c4cc5c(cn4)CN(CC(C)OC)C5=O)c3Cl)c2Cl)ccc1C=O,False
Cc1c(C=O)[nH]c2cc3c(cc12)OCCO3,False
C=CC(=O)N1CCCC1.CC#CCn1c(-c2cccnc2C(C)OC)c(CC(C)(C)COC(C)=O)c2cc(-c3cccc(CC(NC(=O)C(C(C)C)N(C)C=O)C(=O)N4CCCCN4)c3)ccc21,False
CC1(C)c2cc3ccccc3cc2-c2c(-c3ccc4ccccc4c3-c3ccc(-c4nc(-c5ccccc5-c5ccccc5)cc(-c5ccccc5-c5ccccc5)n4)cc3)cccc21,False
CC1(C)c2ccccc2-c2c(-c3c4cccc(-c5cccc6c5-c5ccccc5[Si]6(C)C)c4cc4c(-c5cccc6c5-c5ccccc5[Si]6(C)C)cccc34)cccc21.CC1(C)c2ccccc2-c2c(-c3c4cccc(-c5cccc6c5-c5ccccc5[Si]6(c5ccccc5)c5ccccc5)c4cc4c(-c5cccc6c5-c5ccccc5[Si]6(c5ccccc5)c5ccccc5)cccc34)cccc21.c1ccc([Si]2(c3ccccc3)c3ccccc3-c3cccc(-c4cccc5c(-c6cc7cccc8ccc9cccc6c9c87)c6cccc(-c7cccc8c7[Si](c7ccccc7)(c7ccccc7)c7ccccc7-8)c6cc45)c32)cc1,False
CCCCCCc1cc(CCCCCC)cc(C2(c3cc(CCCCCC)cc(CCCCCC)c3)c3cc(-c4ccc(C=CC=O)s4)sc3-c3sc4c5c(sc4c32)-c2sc(-c3ccc(C=CC=O)s3)cc2C5(c2cc(CCCCCC)cc(CCCCCC)c2)c2cc(CCCCCC)cc(CCCCCC)c2)c1,False
CCOC(=O)C(C)=CC(C)CCC=O,False
Cc1cc(NS(=O)(=O)c2cc(N)ccc2C)n(C)n1,True
CC1(C)CC(=O)c2sc(N3CCOCC3)c(-c3ccnc(-c4cccc(C=O)c4)c3)c2C1,False
COc1ccc([N+](=O)[O-])c(NC(=O)COC(=O)c2ccc(N3C(=O)C4CCC(C)CC4C3=O)cc2)c1,False
NCCCOC1CCN(CC2CC3CCC2C3)CC1,True
COC(=O)C(C)(N)CCCN1CC(C)C(C)C1,False
C=CCCCC(=O)C(=CC)C(=O)OCC,False
CC=C(O)CC(C)(Cc1cnc2ccccc2c1)OC(=O)OC(C)(CC(O)=CC)Cc1cnc2ccccc2c1,False
COCC=Cc1cc(C=O)c(OC)c(C=CCOC)c1.COCCCc1cc(C=O)c(OC)c(CCCOC)c1,False
CCN(C1CCNC1)S(=O)(=O)c1cc(Br)sc1C,True
CC.CC.O=CCCCCCCCCCCN1CCC(OC(=O)Cc2ccccc2-c2ccccc2)CC1,False
C1=CC2C3C=CC1c1cc4c(cc1C23)C1(c2ccccc2-4)c2ccccc2-c2c(-c3nc(-c4ccccc4)nc(-c4ccccc4)n3)cccc21.C1=CC2C3C=CC1c1cc4c(cc1C23)C1(c2ccccc2-c2ccc(-c3nc(-c5cccc(-c6ccccc6)c5)nc(-c5cccc(-c6ccccc6)c5)n3)cc21)c1ccccc1-4.C1=CC2C3C=CC1c1cc4c(cc1C23)C1(c2ccccc2-c2ccc(-c3nc(-c5ccccc5)nc(-c5ccccc5)n3)cc21)c1ccccc1-4,False
COc1cc(CNC(=O)C=Cc2ccc(C3CC3C)o2)cc(OC)c1OC,False
CC#N.CCCCCC[N+]12CCN(CC1)CC2.CCCCCC[N+]12CC[N+](CC3CC(OC(C)C)C(O)C(O)C3OC(C)C)(CC1)CC2.Cc1ccc(S(=O)(=O)OCC2CC(OC(C)C)C(O)C(O)C2OC(C)C)cc1.[CH3-],True
C=BN=NC(CC=O)(C(=O)NC(CCc1ccccc1)C(=O)OC)C(C)CC,False
CC=CCCCCCCCCC[N+](CCCC(=O)[O-])(CCCC(=O)O)CCCC(=O)O,False
Cc1ccc(S(=O)(=O)N(CC(=O)Nc2c(C)cc(C)cc2C)c2ccc(Cl)c(Cl)c2)cc1,False
CCCCCCCCCCCCCCC(=O)OCC(COP(=O)(O)OCC(O)COP(=O)(O)OCC(COC(=O)CCCCCCCCCC)OC(=O)CCCCCCCCCC(C)C)OC(=O)CCCCCCCCCCCCC(C)C,False
Cc1ccc(C2(C)NC(=O)c3ccc(Cl)cc3N2)cc1,False
COc1cc(C=O)cc(Br)c1OC(=O)c1cccc(C)c1,False
CN(C(=O)COC(=O)C=Cc1c(Cl)cccc1Cl)C1CCS(=O)(=O)C1,False
CCCCCCCCCCCNC(CCCCCCCCCC)C(=O)OCCC1=CC(=O)OC1O,False
COC(=O)c1ccc(-c2c(C=O)oc3ccccc23)cc1,False
CCN1CCCC(OCCN(C)C)C1,True
C.C.CC(=O)OC1C(CO)OC(n2c(=O)sc3cnc(N)nc32)C1OC(C)=O.CC(=O)OCC1OC(n2c(=O)sc3cnc(N)nc32)C(OC(C)=O)C1OC(C)=O.Nc1ncc2sc(=O)[nH]c2n1.Nc1ncc2sc(=O)n(C3OC(CO)C(O)C3O)c2n1.O=C1CSC(=O)N1.O=Cc1sc(=O)[nH]c1Cl,False
CCCCCCCCCCCCCCCC(=O)OC1C(O)C(CO)OC(OC2OC(CO)C(O)C(O)C2OC(=O)CCC(=O)OCc2ccccc2)C1OC(=O)CCC(=O)OCc1ccccc1,False
CCNCc1ccc(N2CCC(C(C)C)C2)nn1,False
CCN(CC)Cc1nc2sc3c(c2c(=O)n1CC(=O)Nc1ccc(NC(C)=O)cc1)CCCC3,False
CC(=O)NC(Cc1cnc[nH]1)C(=O)C(N)CC(=O)O,False
C=CCN(CC(=O)N(CCOC)Cc1cccn1C)C(=O)Nc1cccc(Br)c1,False
CCOC(=O)C1=C(C)N=c2sc(=Cc3cc(Cl)cc(Cl)c3OCc3ccc(C(=O)OCC)cc3)c(=O)n2C1c1ccc(OCC)cc1,False
CCCCCCCOc1c(C=O)cccc1OC,False
CCCN(CCC)C(=O)c1ccc(C(=O)Nc2cccc(C(C)=O)c2)cc1,False
CC(C)c1ccc(-n2c(Cl)cnc2SC(C)(C)C(=O)NCC(=O)O)c2ccccc12,False
C.C.C.C1CCOC1.CC(C)(C)[Si](OC1CC(C(=O)O)C1)(c1ccccc1)c1ccccc1.CC(C)(C)[Si](OC1CC(C=O)C1)(c1ccccc1)c1ccccc1.CC(C)(C)[Si](OC1CC(CO)C1)(c1ccccc1)c1ccccc1.[B],False
CC=O.Cc1ccc(S(=O)(=O)N2CCCC2C)c(C)c1CO,False
Cc1ccc(-c2cc(C(=O)NN3CCOCC3)c3ccccc3n2)c(C)c1,False
CCCCCCCCCCCCCCOC(OCCCCCCCCCCCCCC)Oc1cccc(C(=O)NC(CC)C(=O)O)c1,False
c1ccc(-n2c3cc(-c4ccc(N(c5ccc(-c6ccc7c(ccc8ccccc87)c6)cc5)c5ccc6ccccc6c5)cc4)ccc3c3ccc4ccccc4c32)cc1,False
CCC(N)C(=O)N1CC(C)C(N2CCOCC2)C1,False
Cc1nc(CC(=O)CN(C)C)sc1C,False
CC(C)(C)c1c(-n2c3ccccc3c3cc(-c4ccc5c6ccccc6n(-c6ccccc6)c5c4)ccc32)ccc(C#N)c1C#N,False
Cc1ccc(C(C)NCc2cc(F)cc(C#N)c2)cc1F,False
CCCCCCCCC(CCCCCCCC)OC=O.CCCCCCCCCCCCCCN(CCCCCCCC)CCCNC(=O)OC(C)(C)C.O=CO,False
CCOC(=O)CN1C(=O)SC(=Cc2ccc(OC=O)cc2)C1=O,False
O=Cc1cc([N+](=O)[O-])cc(C(=O)O)c1O,False
C=CC=C(C=CC)n1c2ccccc2c2cc(N(c3ccc(C=C)cc3)c3ccc(C(c4ccc(N(c5ccc(C=C)cc5)c5ccc6c(c5)c5ccccc5n6C(C=CC)=CC=C)cc4)(C(F)(F)F)C(F)(F)F)cc3)ccc21,False
O=CCC(=O)C=CC(=O)O,False
CSc1ccc(N(C)CC2(C(=O)O)COC2)cc1,False
CC(C#N)NC(=O)c1cc2c(s1)CCCCC2,False
Cc1ccc(NCCC2(C)CC2)cc1-c1cc(-c2cnn(C)c2)nc(N2CCOCC2)c1.NC=O,False
COCCN(CC(=O)N(C)C)C(=O)c1cn[nH]c1C,False
C=CC1(C)C=C(C)C(O)=CC1,True
CS(=O)(=O)c1ccc(-c2nc3c(OC4(C=O)CCC(C#Cc5ccccc5)CC4)ccc(OC(=O)C4CCC(C#Cc5ccccc5)CC4)c3o2)cc1,False
CC(C)c1ncc(Cl)cc1C(N)=O,False
CCCCNc1ccnc(C(=O)N2CCN(C=O)CC2)c1,False
CC(C)c1ccc2c(c1)c1ccc(N)nc1n2C(C)CCC(=O)NC=O,False
C=C(CC=CC(=CC)CCC(C)CC)Oc1ccc2cc(C(=C)OCCCCCCC(=C)c3ccc4cc(CC(=O)c5ccc([B]CC6CC6)cc5)ccc4c3)ccc2c1,False
CCc1ccc(C(Cn2ccnc2)Sc2ccc(Cl)cc2)cc1,False
CCCCCC=CCCCCCCCCC(CCCCCCCCC=CCCCCCC)OC(=O)CCC[N+](C)(C)C.O=C=O.O=C=O,False
CC=CC=CC(=O)N1CCN(c2nc3ccc(Cl)cc3s2)CC1,False
COc1cccc(CN2CCCCS2(=O)=O)c1,True
CN1CC=[N+](c2ccc(N)cn2)CC1.CN1CCN(c2ccc(Nc3nc(C(F)(F)c4cccc([N+](=O)[O-])c4)c4ccn(COCC[Si](C)(C)C)c4n3)cn2)CC1.C[Si](C)(C)CCOCn1ccc2c(C(F)(F)c3cccc([N+](=O)[O-])c3)nc(Cl)nc21.Cl,False
COc1ccc(CCNc2ncc(C(=O)Nc3cc(C)on3)cn2)cc1,False
Cc1ccc([N+](=O)[O-])cc1NCc1ccccc1,True
CCC(=O)c1c(C=O)cccc1C=O,False
CC(C)c1cn2c(n1)CC(C(C)N)CC2,False
C=CC(C1CCC2C3CC=C4CCCCC4(C)C3CCC21C)S(=O)C=CC,True
CCOC(=O)CC(C)(C(=O)OCC)N1CCN(CCOc2cc3c(Nc4cccc(Br)c4)ncnc3cc2OC)CC1,False
CCNC(=S)N1CCC2(CC1)CC(=O)c1ccc(C)c(C)c1O2,False
CC(=O)N(N=Cc1ccc(Cl)cc1)c1nc(-c2ccccc2)c[se]1,False
Cc1nn(-c2ccccc2)cc1CCCNC(=O)CNC(=O)c1ccc(N2CCCC2=O)cc1,False
Cc1c(C(=O)OC(C)C(=O)NC(C)(C)C)cnn1C,False
Cc1ccc2c(c1)c1ccccc1n2-c1ccc2c(c1)c1ccccc1n2-c1ccc(C=O)cc1,False
C=Cc1ccc(C=C(c2ccccc2)S(=O)(=O)NOC(=O)c2ccccc2)cc1,True
[C-]#[N+]C1=C(C=Cc2sc(C=Cc3ccc(N(CCO)CCO)cc3OCc3ccccc3)c3c2OCCO3)C(C)(c2ccccc2)OC1=C(C#N)C#N,True
CC(C)C(NC(=O)C(N)CS)C(=O)NC(CO)C(=O)NC(Cc1ccc(O)cc1)C(=O)O,False
ClCl.[Br-].[Na+],True
COC(=O)c1ccc(Cl)c(NC(=O)C(C)Sc2ccccc2)c1,False
CC(=O)Nc1nc(CCc2ccc(N=CNC(=O)O)cc2)c(C(=O)NC(C(=O)N(C)C)C(C)O)s1,False
COc1cc2c(cc1C(O)c1cscc1Br)OC(C)C2,True
C=Cc1ccc(-c2ccc(C(C)(C)C)cc2)cc1.CC(C)(C)c1ccc(-c2ccc(C=O)cc2)cc1.C[P+](c1ccccc1)(c1ccccc1)c1ccccc1.[Br-],False
Cn1cc(-c2ccc3cnc(NC(=O)C4CCN(C5CC5)C4)cc3c2)cn1,False
CCCCCOC1CC(NCCC)C1OCC,True
Cc1cc(CCC=O)c2c(c1)OCO2,False
Cc1cc(F)c(C#CCCO)cc1[N+](=O)[O-],False
Cc1ccccc1OCCN(C)C(=O)C1(n2cccn2)CCNCC1.Cl,False
O=CC1=CCC=CN1c1ccccc1,False
C=CC(=O)N1CC(C)(C)C1CO,False
CC1(C)CCC(C)(C)c2cc3c(cc21)SCC3(C)c1ccc(C(=O)O)cc1,False
COc1ccccc1NC(=O)c1ccccc1NC(=O)c1ccccn1,False
C=C1C(=CC=CC)C=C2C=C3C(=CC2C1Nc1ccc(C(C)C)cc1)c1ccc(N)cc1C3(C)C,False
O=Cc1[nH]c(C=O)c2c1CCCC2,False
O=Cc1ccnc(N2CCC(=O)NC2=O)c1,False
Cc1cc(C)nc(Nc2ccc(C(=O)NCCCNc3ccnc4cc(Cl)ccc34)cc2)n1,False
O=C(CON=Cc1cccc(Oc2ccccc2)c1)N1CCN(C(=O)c2ccco2)CC1,False
O=C(NC(Cc1ccc(OCc2ccccc2)cc1)C(=O)O)c1ccc(Cl)cc1,False
O=c1[nH]cnc(N2CCCC2C2CCCN2)c1I,False
CCOC(=O)C(N)Cc1nnc(C)o1,False
COC1(OC)CCN(C(=S)Nc2ccccc2C)CC1,True
c1ccc(-c2ccc(N(c3ccccc3)c3ccccc3-c3ccc(-c4ccc5c(c4)c4ccccc4n5-c4cccc5sc6ccccc6c45)cc3)cc2)cc1,False
CC12CCC(C1)C(C)(C)C2NCC1CCC(C(=O)O)O1,False
c1ccc(-c2cccc(-n3c4ccccc4c4c3ccc3c5ccccc5n(-c5cccc(-c6cc(-n7c8ccccc8c8ccccc87)nc(-n7c8ccccc8c8ccccc87)n6)c5)c34)c2)cc1,False
C=C(CB1N(S(=O)(=O)c2ccc(C)cc2)C(c2ccccc2)C(c2ccccc2)N1S(=O)(=O)c1ccc(C)cc1)C(CCC(CC=CC)O[Si](C)(C)C(C)(C)C)OC(=O)c1ccccc1,False
C=CCOC(=O)Nc1sc(C)nc1C(=O)O,False
Cc1cccc(NC2CCN(C(=O)c3ccc(NC(=O)NC(C)C)cc3O)CC2)c1,False
Cc1c(SCC(NC(=O)CCC([NH3+])C(=O)[O-])C(=O)NCC(=O)[O-])c(O)c2ccccc2c1O,False
C#CC.C=C(C)C.C=CC.CC(=O)O.CC1CN1.CC1CO1.CC=C(C)C.CC=CC.CC=CCC.CC=CCCCC.CC=O.CN.CN=C=O.CN=C=S.CO.CS.CS(=O)(=O)O,False
Cc1cscc1C(N)C1CCc2cccnc21,False
CS(=O)(=O)c1ccc(CC(NC(=O)OCc2ccccc2)C(O)C(=O)NC2(C(=O)OCc3ccccc3)CCCCC2)cc1,False
C=C(c1ccc(Cl)cc1)c1cc(OCCN)ccc1N(C(C)=N)C(=N)CCCC.CCNC(C)=O,False
c1ccc(-c2c3ccccc3c(-c3ccc4c(c3)sc3ccccc34)c3ccccc23)cc1,False
COCC(=O)CC1CCN(CCC=O)C1,False
CC(C)CC(=O)Cc1nc(-c2ccc(S(=O)(=O)N3CCCC3)cc2)cs1,False
CC(C)CN1C(=O)N(CCc2ccc(O)cc2)C2(CCN(Cc3cccc(CC=O)c3)CC2)C1=O,False
COc1cc(CCC(C)=O)ccc1OC1CCCCO1,False
CC=C1N=C(c2ccc(CCCCCC)cc2)OC1=O,False
CI.COc1ccccc1.O=CO,False
O=CNc1nccc2c1[nH]c1ccccc12.c1ccoc1,False
OB(O)c1cc(N=C=S)ccc1Cl,True
Cc1nc2cc(OC3c4ccccc4CC3N3CCCC(N)C3)ccc2s1,True
COC(=O)Nc1ccc2c(c1)CCCCN(C)C(=O)CC(N)c1ncc-2[nH]1,False
CCn1ccc(C=c2sc3n(c2=O)C(c2ccccc2Cl)C(C(=O)Nc2ccccc2)=C(C)N=3)n1,False
Cc1ccc(C2C3=C(CC(C)(C)CC3=O)Nc3ccccc3N2CC(=O)NCCc2ccc(S(N)(=O)=O)cc2)o1,False
CCOC(=O)N1CCN(c2ccc(NC3=NC(N)N(c4ccnc(C)c4)N3)cc2)CC1,False
C=CC1OC(COCc2ccccc2)C(OCc2ccccc2)CC=CCC1OC(=CC=O)CO[Si](C)(C)C(C)(C)C,False
CN(C(=O)OC(C)(C)C)C(C=O)c1ccc([N+](=O)[O-])s1,False
CCc1cc(C(=O)OC(C)(C)C)n(CC)n1,False
Cc1cc(OCC(O)COc2ccc3oc(C)cc(=O)c3c2)c2c(=O)cc(OC=O)oc2c1,False
Cc1ccc(OC2C=CC(=CC(=O)c3ccc(C4CCC5(COC(C)(C)N5C(=O)OC(C)(C)C)C4)n3C)CC2)cc1,False
CCOC(=O)CN1CC(C(=O)N2CCC(Cc3ccc4c(n3)NCCC4)CC2)C1c1ccccc1,False
COc1ccc(C)cc1C(N)C(C)CC(=O)O,False
C#Cc1ccc(C(C(=O)NC(C)(C)C)N(CC#N)C(=O)CNC(=O)OC(C)(C)C)cc1,False
CCC(CC)(CBr)CN1CCCC(C)(O)C1,True
C=C1c2ccc(C3CCN(C(=O)OC(C)(C)C)CC3)cc2CN1C1CCC(=O)NC1=O,False
CC[O-].CO[Si](OC)(OC)OC.C[CH2][Al+][CH2]C,True
Cc1cccc(NC(=O)CSc2nc3c(c(=O)n2-c2ccccc2)SC(C)C3)c1C,False
Cc1cn(CC=Cc2ccc(Cl)cc2)c(=O)c2cccc(S(=O)(=O)N3CCCNCC3)c12.Cl,False
C=C1CCCN1C.CC.CC,False
Cc1nc(Oc2ccccc2C(C)(C)C)ccc1CCl,True
CC(C)(N=NC(C)(C)C(=O)OCc1ccc(S(=O)(=O)[O-])cc1)C(=O)OCc1ccc(S(=O)(=O)[O-])cc1,False
C=NC(=CSCNC(=O)CCl)C(C=O)=NOC,False
COCCCNC1c2ccc(OC)cc2SN(C)c2ccccc21,True
CC(C)N1CCn2cc(S(=O)(=O)Nc3ccc(Cl)cc3)cc2C1=O,False
CCCCCCCCCCNCCc1c[nH]c2ccccc12,False
C=C(C)C1C=CC(C)(C(=CC)C(=O)OC)C(=O)C1(C)C,False
CCN(CC(C)C)c1cnccc1CNC(C)(C)C,False
CCN1C=C2C=C(OC)C(OC)C(=O)C2=C(C(=O)NCc2ccc(C)cc2OC(C)CC(C)C)C1,False
CC1(C)c2ccccc2N(c2cc3c4c(c2)Oc2cc(-c5ccccc5)ccc2B4c2ccc(-c4ccccc4)cc2O3)c2ccccc21.c1ccc(-c2ccc3c(c2)Oc2cc(N4c5ccccc5C(c5ccccc5)(c5ccccc5)c5ccccc54)cc4c2B3c2ccc(-c3ccccc3)cc2O4)cc1.c1ccc(-c2ccc3c(c2)Oc2cc(N4c5ccccc5Oc5ccccc54)cc4c2B3c2ccc(-c3ccccc3)cc2O4)cc1,True
CCNC(=NCCc1nc(C)no1)N1CCC(COC)C1.I,True
CC=C1C=CC(C(=O)C(C)(C)O)=CC1,False
CCCCCCCCCCCCCCCC(=O)CC(CCC(=O)NC(CCCCN=[N+]=[N-])C(=O)O)C(=O)O.CCCCCCCCCCCCCCCC(=O)CC(CCC(=O)NC(CCCCN=[N+]=[N-])C(C)=O)C(=O)O.CCl.S.S.S.S.S=PP=S,False
C.CNCC(O)C(c1cccc(F)c1)n1cc(-c2ccc(F)cc2)c2ccccc21.S,False
CCC1C(=O)NCCN1C(=O)C=Cc1ccc(Br)o1,False
CC1CC(C=O)(c2ccc3ccccc3c2)N(Cc2ccccc2)O1,False
CCc1ccc(C(C)NCCS(C)=O)cc1,True
Cc1[nH]nc2c1cc1n2CCN(C(C)C)C1,False
O=C(CN(Cc1ccc(Cl)cc1Cl)S(=O)(=O)c1ccccc1)Nc1ccc(Cl)cc1Cl,False
COc1cccc(NC(C)=CC#N)c1,True
CCCCCC1OCOC(C)(C=C(C)C=CC(=O)OC)C(O[Si](CC)(CC)CC)C1CC(C)=CI,False
CCOC(=O)CC(=NS(=O)(=O)c1ccccc1)OCC,False
C=C1C=CC=C(C2=Nc3cccc4cccc(c34)N2C(=O)C(C)C=CC)CC1,False
CCC(c1nc(C(N)=O)co1)C(C)N,False
CSCC(=O)N1CCC2(CC1)OCCc1c2[nH]c2ccccc12,False
O=C(O)CCCC(=O)O.[Cr],False
C[Si]1(C)c2cc(-c3ccccc3)ccc2N2c3cccc4c3B(c3ccc(N(c5ccccc5)c5ccccc5)cc3N4c3ccccc3)c3cc(-c4ccccc4)cc1c32,False
O=Cc1cccn1Cc1ccc(CN2CCCC2)cc1,False
CC1(C)Cc2cc(N)c(NC=O)cc2O1,False
CNC(CC(C)C)C(=O)NC1C(=O)NC(CC(N)=O)C(=O)NC2C(=O)NC3C(=O)NC(C(=O)NC(C(=O)N4CCN(N=Cc5ccc(Cl)cc5)CC4)c4cc(O)cc(O)c4-c4cc3ccc4O)C(OC3CC(C)(N)C(O)C(C)O3)c3ccc(cc3)Oc3cc2cc(c3OC2OC(CO)C(O)C(O)C2OC2CC(C)(N)C(O)C(C)O2)Oc2ccc(cc2Cl)C1O,False
CN(C)CCCNC(=O)c1ccc(-c2cc(O)c3c(c2)CCCN3)cc1,False
Cc1cc(COc2cc(F)cc(CNC3CC3)c2)no1,False
NC(CCC(=O)OC(=O)CCC(=O)C(=O)O)C(=O)O,False
CCC=CCC=CCC=CCC=CCC=CCC=CCCCCCCCOCC(COC1OC(COC2OC(CO)C(O)C(O)C2O)C(O)C(O)C1O)OC(=O)CCCCCCCC=CCC=CCCCC,False
Cc1cccc(-n2ncc3c(NNC(=O)c4ccc(Cl)cc4)ncnc32)c1,False
O=CCn1c(=O)n2ccnc2c2ccccc21,False
Cc1cc2c3c(c1)N(c1ccc(C(C)(C)C)cc1)c1c(n(-c4ccc(C(C)(C)C)cc4)c4ccc5c6ccccc6sc5c14)B3c1cc(C(C)(C)C)ccc1N2c1ccc(C(C)(C)C)cc1,False
CC=Cc1cc(C)c(C2C(=O)CC(CC(=O)NCc3ccc(OC)cc3)C2=O)c(C)c1,False
Cc1nc(SC2=C(C(=O)O)N3C(=O)C(NC(=O)Cc4ccccc4)C3SC2)sc1CC(N)=O,False
CC(CCN)N1CC=C(c2c[nH]c3ccccc23)CC1,False
Cc1ccc(CCCCc2cc3c(c(C(C)(C)C)c2)OC24Oc5c(cc(CCCCc6ccc(P(c7ccccc7)c7ccccc7)cc6)cc5C(C)(C)C)C=[N+]2c2ccccc2[N+]4=C3)cc1,True
C=CN=CC(C#N)=C(C=CN1CCCc2cc(CCN(C)CCNC=O)c(C=O)nc21)NC1CCCC1C,False
CCCc1cc2cc(OCCO)c(OC)cc2c(-c2cc(OC(C)C)cc(OC(C)C)c2)n1.CCOC(=O)C(=O)Nc1ccc2c(CCC(=O)OC)c(C(=O)c3ccc(Cl)cc3)oc2c1.COC(=O)CCc1c(C(=O)c2ccsc2)oc2cc(OC3CCCCO3)ccc12.COCc1cn[nH]c1NCc1ccc(OC)c(OC2CCCC2)c1.COc1ccc(C(Cc2ccncc2)c2ccc(OCc3ccccc3)cc2)cc1OC1CCCC1.COc1ccc(C2(C#N)CCC(C(=O)O)CC2)cc1OC1CCC(OC=O)C1.COc1ccc(C2CCC(C(=O)O)CC2C#N)cc1OC1CCC(O)C1.COc1ccc(C2CCN(C(=O)OCc3cccnc3)C2)cc1OC1CCCC1.COc1ccc(CNc2[nH]ncc2CO)cc1OC1CCCC1.COc1cccc(C(=O)c2oc3cc(NC(C)=O)ccc3c2CCC(=O)O)c1.CSc1ccc(C(=O)c2oc3cc(NC(C)=O)ccc3c2CCC(=O)O)cc1.O=C(Nc1cccc(-n2c(=O)c(Cc3ccccc3)nc3cccnc32)c1)Nc1cccc2ccccc12,False
COC(=O)C1CS(=O)(=O)CC(c2ccc3c(c2)OCO3)N1,False
CCOCCN(CCOCC)c1ccc(C=O)c(C)c1,False
CCC(=O)OC.COC(=O)C(=Cc1ccc2cc(-c3ccc(N(c4ccccc4)c4ccccc4)cc3)oc2c1)C(=O)OC.O=C=O.O=Cc1ccc2cc(-c3ccc(N(c4ccccc4)c4ccccc4)cc3)oc2c1,False
CCCOCCNC(=O)C1CCN(C)CC1,False
COc1ccccc1OCCOc1cc(C#N)ccc1C,True
CC=CC=CC(O[Si](C)(C)C(C)(C)C(C)C)C(C)CC1C=CC(=O)CO1,False
Cc1c2c(cc3c1=CCCC=3)CCC=C2.I,False
c1ccc(-c2cccc3c2oc2c(N(c4ccc(-c5cccc6ccccc56)cc4)c4cccc(-c5cccc6cccc(-c7ccccc7)c56)c4)cccc23)cc1,True
c1ccc(-c2nc(-c3cc4sc5ccc(-c6ccc7c(c6)c6ccccc6n7-c6ccccc6)cc5c4c4ccccc34)nc3ccccc23)cc1,False
CCCC(CCNCCCC(O)c1ccc(C(C)(C)C(=O)O)cc1)C(O)(c1ccccc1)c1ccccc1,False
C=CCNC(=O)C(=O)C(CC1CC1)NC(=O)C1C2C(CN1C(=O)C(NC(=O)NC1(CS(=O)(=O)C(C)(C)C)CCCCC1)C1(C)CCCCC1)CC2(C)C,False
CCOC(=O)Nc1ccc2c(COC(=O)CCNC(=O)c3ccsc3)cc(=O)oc2c1,False
CN(Cc1ccccc1)C(=O)C1CCc2nn(CCOc3ccccc3)c(=O)n2CC1,False
CCCCCCCCC(C=O)CCCCCC.CCCCCCCCC(O)CCCCCC.[CH2-]CCCCCN(CCCCCCOC)C(CO)C(O)CCCCCCCCCCCCCCC.[W],False
Cc1nc(-c2ccsc2)ccc1C(=O)N(C)CC(C)(C)CN.Cl.Cl,False
CCN(CC)c1ccc(C=NNC(=O)CNC(=O)c2ccc(S(=O)(=O)N(C)C)cc2)cc1,False
CC(N)C1CCN(S(=O)(=O)c2ccc(Cl)cc2Br)CC1.Cl,True
CC.CC.CC=C1C(=O)N2C(C(=O)O)Cc3c([nH]c4ccccc34)C2C1=CC,False
COc1ccc(C2C=Cc3cc4c(cc3O2)OCO4)cc1,True
NC(=O)c1ccc(S(=O)(=O)NC(C=O)CC(=O)O)c(OCCc2cccc3ncccc23)c1,False
C.C.CC(=O)C=CC(C)(C)CSc1ccc(C)cc1.Cc1ccc(SCC(C)(C)C=O)cc1,False
CN(C)c1ccc(C#N)cc1.O=Cc1cn2c(-c3cccc(-c4cn[nH]c4)c3)cnc2cn1,False
CCc1ccc(-n2cncc2C2CCCNC2)cc1,False
Cc1[nH]nc2nc(-c3ccc(O)cc3)c3c(=O)oc4ccccc4c3c12,False
C.NC=O.NNC(CCC(=O)O)C(=O)O.O=C(O)CCCCCN(Cc1ccc(Br)cc1)C(=O)CCCCNC(=O)CCC(C(=O)O)N1CCN(CC(=O)O)CCN(CC(=O)O)CCN(CC(=O)O)CC1,False
CCCCCC(C=CC(=O)OCC)CCCCC,False
COc1ccc(CCNC(=O)CSc2nc3ccsc3c(=O)n2NC(=O)COc2ccccc2Br)cc1OC,False
C=C(C)C=Cc1ccc(CNCCNC(=O)c2ccccc2N)cc1,False
CCCCNC(=O)C1CCN(c2c([N+](=O)[O-])ccc3c2CCN3)CC1,False
CC=C(C)C(=O)OC1C(C)OC(OC2C(C)OC3OC4OC(CO)C(O)C(O)C4OC4C(OC(CCCCC)CCCCCCCCCC(=O)OC2C3OC(=O)C(C)CC)OC(C)C(O)C4O)C(O)C1O,False
Cc1ccc(C(C)(N)O)c(O)c1C=O,False
CN1CCCC1C(=O)Nc1ccc(C=CC2=CN=C(NC=O)C=CC2)cn1,False
CCOC(=O)c1cn2c(cc1=O)-c1c3cccc(OCC4CN(C(=O)OC(C)(C)C)C4)c3nn1CC2C(C)(C)C,False
CC(C=O)C(CCCC(N)=O)C(N)=O,False
Cc1c(C(CC(=O)OC=O)c2ccc3c(c2)C(N2CCOc4ccccc4C2)CC3)ccc2c1nnn2C,False
Cc1ccc(C(=O)C(OC(=O)CCCN2C(=O)CN(C)C2=O)c2ccc(C)cc2)cc1,False
C[N+]12CC[N+](CCOc3ccc4sc(S(=O)(=O)NCP(=O)(O)Oc5ccc(C#N)c(C(F)(F)F)c5)cc4c3)(CC1)CC2,False
CN1C(=O)NC(c2ccc(C(C)(C)C)cc2)C2=C1CN(CC(=O)NCCOc1ccccc1)C2=O,False
CN(C(=O)c1c(C=O)cccc1-n1c2cc(-c3ccccc3)ccc2c2ccc(-c3ccccc3)cc21)c1ccc(-c2ccccc2)cc1,False
CS(=O)(=O)N(CCNC(=O)Cc1ccc(Cl)cc1)Cc1ccccn1,False
Cc1ccc2[nH]c3c(SCC(N)=O)ncnc3c2c1,False
CN(C(=O)OC(C)(C)C)C(CC(=O)N1CCCC1C(=O)O)c1ccc(Cl)cc1,False
CC(C)CCCCCCl.CN=C(N)C(=CN(C=O)C1CC(O)C(CO)O1)C(=O)NCCOC(C)(C)CO,False
CCNC(Cc1ccc(Cl)cc1Cl)C1SCCSC1C,False
CC=CC(=O)N(C=O)CCCCCC(=O)NC(CC(C)C)C(=O)NC(C)C(=O)NCC(=O)Nc1ccc(COC(=O)O)cc1.CCC(=O)O,False
C1=CC2N=CN(c3ccccc3)C2C=C1c1ccncc1.Cc1ccc(-n2cnc3ccc(-c4cc[n+]([O-])cc4)cc32)cc1.Cc1ccc(N2C=NC3C=CC=CC32)cc1.c1cc(-c2ccc3ncn(-c4ccc(-c5cn[nH]n5)cc4)c3c2)ccn1.c1cc(-c2ccc3ncn(-c4ccc5c(c4)CCO5)c3c2)ccn1.c1cc(-c2ccc3ncn(-c4ccc5c(c4)OCO5)c3c2)ccn1,True
Cc1cc(C)c(NC(=O)CNc2ccc(C(N)=O)cc2)c(C)c1,False
CC(C)CC1NC(=O)C(C(C)C)N(C)C(=O)C(Cc2ccc(O)cc2)NC(=O)C2CCCN2C(=O)C(CC(C)C)OC(=O)CCNC1=O,False
COc1cc2c(NS(=O)(=O)c3c(OC)cc(C=O)cc3OC)noc2cc1Nc1cc(C2CC2)[nH]n1,False
CC=C(C)C(=O)OC1C(OC2OC(C)C(OC(C)=O)C(OC(C)=O)C2O)C(C)(C)CC2C3=CCC4C5(C)CCC(OC6OC(C(=O)O)C(O)C(OC7OCC(O)C(O)C7O)C6OC6OC(CO)C(O)C(O)C6O)C(C)(C)C5CCC4(C)C3(C)C(O)C(O)C21CO,False
Cc1cc(Br)ccc1C1CN(C=O)CCO1,False
CCCCC1CCC(CCC=O)CC1CC,False
COCCn1c(=NC(=O)c2ccc([N+](=O)[O-])cc2)sc2cc(S(C)(=O)=O)ccc21,False
CCOC(=O)c1ccc(S(=O)(=O)NC(C(=O)OC)C(C)CC)cc1,False
CC(C)(C)C1CCC2(CC1)N=C(c1cc(Cl)cc(Cl)c1)C(=O)N2CCc1ccc(C=O)cc1,False
C.C.C.C1CCOC1.C1CCOC1.CCOC(C)=O.CS.N#CCC(O)c1cccc(N)c1.N#CCC(O)c1cccc(NS(=O)(=O)C2CCCCC2)c1.N#CCC(O)c1cccc([N+](=O)[O-])c1.NCCC(O)c1cccc(NS(=O)(=O)C2CCCCC2)c1.O=Cc1cccc([N+](=O)[O-])c1.O=S(=O)(Cl)C1CCCCC1.[B]C,False
COc1ccccc1N1CCN(C(=O)CSc2nc3ccc(Cl)cc3o2)CC1,False
CCOCCN(CCOCC)c1ncnc2sc(-c3ccncc3)c(-c3ccc(F)cc3)c12,False
COc1cc(C(=O)Nc2cccc(OCC(=O)N3CCCC3)c2)ccc1OCc1cscn1,False
O=Cc1ccc2oc3ccccc3c2c1,False
CCC(C)(C)C=CC(C)CC(O)CN(CCCCC1NC(=O)C(CCCCN(CC(O)PC=CC(C)CC(C)(C)C)CC(O)C(C)(C)C=CC(C)C)NC1=O)CC(O)C(C)C=CC(C)(C)CC(C)(C)C,False
CCc1ncnc(N2CCNCC2C)c1F,False
CCC(N)C(Sc1nncn1C)c1cccc(F)c1,False
C=C(C)C(=O)NCCCNCc1c2ccccc2c(C=O)c2ccc(CCC(C)CC)cc12,False
N#Cc1ccc(N2CCCC2CN2CCCC2CO)c(F)c1,False
CCCNC(CCC1CC1)C1CC2CCC1C2,False
COc1ccc(CCNC(=O)c2ccnc(Nc3ccccc3)n2)cc1OC,False
Brc1ccc2c(c1)N=C(SCC1CC1)NS2,False
Cc1cc(C(=O)Nc2ccc(C#N)cc2)nc(NC(C)(C)C)n1,False
Cc1cn(CCC(=O)C2C=CC=C2)c(=O)[nH]c1=O,False
CC1C2CCC(C(=O)OC(C)(C)CC(C)(C)C)C1OO2,False
Cc1cc(C=O)c2c(cnn2C)c1,False
[CH2+]CC=CCC=CCC=CCC=CCC=CCCCC(=O)O,False
CCC(N)C(=O)Nc1ccc(NS(C)(=O)=O)c(C)c1,False
CC=C(CC)c1ccc(OC(C)C)cc1,True
O=S(=O)(Nc1ccc(I)cc1Cl)c1cccc(F)c1,False
Cc1nc(Cl)c(C=O)c(-c2ccnn2-c2ccccc2)n1,False
Nc1ccc(Cl)cc1-c1nccc(=O)[nH]1,False
CCCCCCCCCCCCCCCCCCOC(=O)CCc1cc(C)c(OP(O)Oc2c(C)cc(CCC(=O)OCCCCCCCCCCCCCCCCCC)cc2C(C)(C)C)c(C(C)(C)C)c1,False
CC1(C)CC(C)(C)C(c2ccc3ccccc3c2C=O)=C1C=O,False
CC1(C)CC(=O)C(=O)C(C=O)C1,False
Cc1cccc(-n2c(Cc3ccccc3)nnc2SCC(=O)c2ccc(O)c(O)c2)c1,False
CC.CC(=O)OCC=O.CNC(N)N1CCCC1C,False
CCOP(=O)(C#N)OCC,True
CC(C)(C)N1c2ccccc2[Se]c2cccc(-c3ccccn3)c21,False
COc1cc(Br)c(NC=O)c(-c2ccsc2C)c1-c1ccc(C(C)CN(C)C(=O)OC(C)(C)C)cc1,False
CCc1ccc(C#CC=O)cc1,False
Cc1coc(CC(=O)O)c1C(=O)N1CCCC2CCCCC21,False
O=c1[nH]c2cccc(CCCC3CC3)c2c(=O)o1,False
COc1ccc(CN(C=O)C(=O)c2c(C)cccc2N2CCN(C(C)c3ccccc3)CC2)cc1OC,False
O=C1NC(=O)N(c2ccccc2Cl)C(=O)C1=Cc1cc(Br)cc(Br)c1Oc1ccc([N+](=O)[O-])cc1[N+](=O)[O-],False
O=S(=O)(Cl)C1CCN(CC(F)(F)F)CC1,False
Cc1nc(S(=O)(=O)N2CCC(C(=O)OC(C(N)=O)c3ccccc3)CC2)cn1C,False
CC.CC.CCNC=O.COC1CCC(C)(C)CC1,False
CCOC(=O)c1cc(C=O)ccc1N=NN1CCCC1,False
C=Cc1ccccc1.O=C(O)C=CC(=O)C=CC(=O)O.Oc1ccccc1.Oc1ccccc1,False
CC(CCCO)NC(=O)NCCC1CC2CCC1C2,False
COC(=O)C(Cc1cc(Cl)ccc1Br)NC(=O)CNC(=O)c1ccccc1,False
COC(=O)c1ccccc1-c1ccc(C=O)o1.COC(=O)c1ccccc1Br.I[I-]I.O=Cc1ccc(B(O)O)o1,False
O=C1CCCC1(O)CCCc1ccccc1,False
Cc1nn(CCCNC(=O)c2ccnn2C)cc1Br,False
CCCCn1cc(C(=O)NCc2cccc(Cl)c2)c2cccc(OC)c21.CCCN(CCC)CCOc1ccc(C)cc1,False
Cc1cc(S(=O)(=O)NCc2cncc(-c3ccnn3C)c2)ccc1F,False
C.C.C.C.C=CC(=O)N1CCN(c2nc(OCCCN3CC4CC3CO4)nc3c2CCN(c2c(C)ccc4[nH]ncc24)C3)CC1.Cc1ccc2c(cnn2COCC[Si](C)(C)C)c1N1CCc2c(nc(OCCCN3CC4CC3CO4)nc2N2CCN(C(=O)OC(C)(C)C)CC2)C1.Cc1ccc2c(cnn2COCC[Si](C)(C)C)c1N1CCc2c(nc(OCCCN3CC4CC3CO4)nc2N2CCN(C(=O)OCc3ccccc3)CC2)C1.Cc1ccc2c(cnn2COCC[Si](C)(C)C)c1N1CCc2c(nc(S(C)=O)nc2N2CCN(C(=O)OCc3ccccc3)CC2)C1.OCCCN1CC2CC1CO2.S.S.S.S.S.S.S.S,False
O=C(c1cnc2ccccc2n1)N1CCOC(CO)C1,False
C=C(CCCC)C(=CC=CC)C1CC1.CC(=O)C1CCC1.CCCC1CCCCC1.Cc1ccccc1,False
CCCCCC(C(=O)NCNC(=O)c1ccc(-c2ccc(C(=O)NC(CC(=O)O)C(=O)OCc3ccccc3)c(OCC)c2)o1)C(CC)N(C=O)OC(=O)c1ccc(OCCOCCOCc2ccccc2)cc1,False
O=C(O)N1CCC2NCCCC21,False
CC=C(N(CCCC=CCCCN(C(=CC)P(=O)(OCC)OCC)S(=O)(=O)c1ccc(C)cc1)S(=O)(=O)c1ccc(C)cc1)P(=O)(OCC)OCC,True
C(=C1CC1)n1cnc2cncnc21,False
CC=CC=CC(=O)Nc1ccccc1-n1cncn1,False
CCC(C)C(O)CNCc1ccc(C)s1,True
CCCc1nc(NC)cc(NC(C)c2ccccc2Cl)n1,False
CCOc1cc(C(CS(C)(=O)=O)NC(=O)c2c(CO)cccc2NC(C)=O)ncc1OC,False
OC(CNCc1ccc(Cl)cc1)COc1ccc(-c2nc3ncc(Br)cc3[nH]2)cc1,True
CC=CCOC1CCC(NC(=O)O)CC1,False
CCSCC1CCc2cc(COC)ccc2C1,True
NC(=O)C12CC3CC(CC(C3)C1OC=O)C2,False
CC1Cc2ccccc2-c2c(Br)c(=O)c(C(=O)O)cn21,False
O=C1CCC(N2C(=O)c3cccc(NCCCCCCCC(=O)Nc4nccs4)c3C2=O)C(=O)N1,False
C=C(C)C=C(C=CC)c1cccc2c1nc1c3cccc4c(-c5ccccc5)ccc(c(=O)n21)c43,False
CC=C(NOCCOc1cccc(CC(=O)O)c1)c1ccncc1,False
Cc1ccc(Nc2cc(N3CCN(C(=O)c4cccnc4)CC3)nc(C)n2)cc1,False
Clc1ccc(Oc2ccccc2CNC2CC2)c(Br)c1,True
O=[N+]([O-])c1cnc(C(F)(F)F)cc1NCC1CCCOC1,False
CC(NCCc1cccc2cccnc12)c1ccco1,True
CC(C#Cc1cccc(-n2nc(C(N)=O)c3cccnc32)c1)C(C)CN(C)C=O,False
Nc1cccc(-c2nc(-c3ccc([N+](=O)[O-])cc3)no2)c1,True
O=CNC1C(=O)N2C=C(C[n+]3ccc(C(=O)O)cc3)CSC12,False
CCCCNC(=NCC(=O)N(C)C)N1CCC(CCCN(C)CCOC)CC1.I,False
CC(C)C(C)SCc1ccc(C(=N)N)cc1,False
Cc1cn(CCCN(Cc2ccccc2)C(=O)C2CN(C3c4ccc(Cl)cc4CCc4cccnc43)CCN2C(=O)OC2CCCCC2)cn1.S,False
C=CCC(C)C(CC(C)CCO)S(=O)[O-].C=CCC(C)C(CC(C)CCO)S(=O)[O-].C=CCC(C)C(CC(C)CCO)S(=O)[O-].C=CCC(C)C(CC(C)CCO)S(=O)[O-].C=CCC(C)C(CC(C)CCO)S(=O)[O-].C=CCC(C)C(CC(C)CCO)S(=O)[O-].C=CCC(C)C(CC(C)CCO)S(=O)[O-].C=CCC(C)C(CC(C)CCO)S(=O)[O-].COc1ccc(CNCc2ccc(OC)cc2)cc1.COc1ccc(CNCc2ccc(OC)cc2)cc1.COc1ccc(CNCc2ccc(OC)cc2)cc1.COc1ccc(CNCc2ccc(OC)cc2)cc1.COc1ccc(CNCc2ccc(OC)cc2)cc1.COc1ccc(CNCc2ccc(OC)cc2)cc1.COc1ccc(CNCc2ccc(OC)cc2)cc1.COc1ccc(CNCc2ccc(OC)cc2)cc1,True
CCCc1ccc(OP(=O)(Oc2ccc(CCC)cc2)Oc2ccccc2-c2ccccc2)cc1,True
Cc1ccc(NCc2cc(F)c(F)c(F)c2)cc1C,False
CCCCC1CN(C(=O)Cc2ccccc2)C(=O)C1CN(O)C=O,False
CC1CCN(CCCNC(=O)c2ccccc2C(=O)c2ccc(N(C)C)c([N+](=O)[O-])c2)CC1,False
CNc1ccc(C=O)cc1C(C)=N,False
O=C(NCCN1CCOCC1)N1CCC2(O)CCCCC2C1,False
CCCC1CCc2nc(NC(=O)CN3C(=O)C4C5C=CC(C5)C4C3=O)sc2C1,False
C=C(N=C(C(=O)NC1CCCCC1)c1[nH]ccc1C)n1ccnc1,False
COc1cc2c(cc1OC)-c1c(NC=O)sc(=N)n1CC2,False
CCC(O)(C#Cc1nc(N)c2nc(-c3cccc(F)c3)n(C)c2n1)CC.Cl,False
O=C(Nc1ccc2[nH]cc(C3CCN4CCCC4C3)c2c1)c1ccoc1,False
CC(C)n1ccc(CC(N)C2CC3CCC2C3)n1,False
CC1(C)c2ccccc2-c2cc3c(cc21)Cc1ccc(-c2nc4ccccc4s2)cc1-3,False
O=C(NCc1cn[nH]c1)OCCO,False
Cc1nc(C)c(=O)n(CCCCCO)c1NC(=O)NC=O,False
CON=C1C=C2CCC3C(C(=O)CC4(C)C(C(CO[Si](C)(C)C)=NOC)CCC34)C2(C)CC1,False
COc1ccc(OCC(C)NC(=S)Nc2ccc(C)cc2)cc1,True
CC(C)C1CCC2C1(C)CCC1(C)C3CCC4(C)C(C=O)CCCC4C3(C)CCC21C,False
COC(=O)c1cc(NC(=O)CN(c2cccc(Cl)c2C)S(=O)(=O)c2ccccc2)ccc1Cl,False
CCCCc1ccc(-c2ccc(C(=O)N(C)C(CCCCN)C(=O)N(C)C(Cc3ccc(O)cc3)C(=O)CC(C)C(=O)NC(CCCCN)C(=O)CC(C)B(C)O)cc2)cc1,False
Cc1[nH]c(C=C2C(=O)Nc3ccccc32)c(C)c1C(=O)NCCN1C=CC=CC1,False
CC1(c2cc3cc-3c2C=O)CO1,False
CC.CC.CC(=O)c1ccc(-c2ccc(C)c(C=C(C)C)c2)cc1.CNC(=O)C(C)C=O.CO,False
COc1cccc(CN2CCC(C(N)=O)CC2)c1OC,False
COC(=O)C1(C)CC2CCC3(C)C(=CC=CC=CC=CC=C(C)C)C(=O)CC3C2(C)CC1OC(C)=O,False
Cc1ccc(Cc2nc3c(C=O)cccn3n2)cc1,False
CN(CCN(C)C(=O)Oc1ccc2cc(COC(=O)NC(Cc3c[nH]c4ccccc34)C(=O)O)c(=O)oc2c1)C(=O)OCc1ccc(NC(=O)C(CCCCN)NC(=O)C(Cc2ccccc2)NC(=O)OCc2ccccc2)cc1,False
O=C(O)CCCCCCc1nc(NCc2ccc3c(c2)OCCO3)c2c(n1)sc1ccccc12,False
CC(C)(C)NC(=O)C(NC(=O)C(CC#Cc1ccc(Cl)cc1)C(O)C(=O)NO)C(C)(C)C,False
CC=CC(=O)OC(CC)S(=O)(=O)O,True
Cc1cc([N+](=O)[O-])ccc1S(=O)(=O)N1CCOC(CO)C1,True
Cc1ccc(C)c(C[NH+](CCC[NH+](C)C)CCC[NH+](C)C)c1,False
CC.CC.CC.CC=CC(=CC)CC(=O)OCOC.COCOC(O)C1C=CC=CC1,False
O=C(CN1CCN(Cc2ccccc2)CC1)N1CCc2ccccc21,False
CCC(C)=CC(=CC=C(C)C(F)(F)F)N(c1cnccc1OC)C1CCN(c2ncc(C#N)cn2)CC1,False
CN(C)CCN(C(=O)CCSc1ccc(Cl)cc1)c1nc2c(S(C)(=O)=O)cccc2s1.Cl,False
COC1CCN(CC(CBr)C(C)C)CC1,True
CCCCCCOC(=O)C=CC(=O)Oc1ccccc1C=O,False
CCOc1cc(C=NNC(=O)COc2ccc(Cl)cc2Cl)ccc1OC(=O)c1ccc([N+](=O)[O-])cc1,False
Nc1n[nH]c(=O)cc1-c1ccncc1,False
CCS(=O)(=O)NCC1CCC(Nc2ccc(C3=CCCS3)nn2)CC1,True
CC(C)CC(NC(=O)C(N)Cc1c[nH]c2ccccc12)C(=O)NC(CC(=O)O)C(=O)NC(C(=O)O)C(C)C,False
CCCCCCCC(=O)SCCC=CC(CC(=O)NCc1nc(C(=NC(C)C(C)=O)SC)cs1)OCC,False
COc1ccc(-c2noc(=O)n2CC(=O)NCCc2cccs2)cc1OC,False
Cc1cccc2cc(CN(CCN(C)C)C(=O)Cc3ccsc3)c(N(C)C)nc12,False
Cc1c(Br)cccc1-n1ccc(C=O)cc1=O,False
O=C(O)c1c(OCC2CCCC2)nc2ccccn12,False
Cn1c(=O)[nH]c2cc(O)c(C=O)cc2c1=O,False
CCC.CNCC(=O)NCCCCc1ncc(-c2ccc3cc(-c4ccc(NC(=O)C5CCCN5C)cc4)ccc3c2)[nH]1.COC(=O)NC(C=O)C(C)C.COC=O,False
Cc1ccccc1-c1nnc(CCNC(=O)c2ccc3c(c2)OCO3)o1,False
CCOc1ccc(C(O)=C2C(=O)C(=O)N(Cc3ccccn3)C2c2ccccc2)cc1,False
CC(CC#N)N(C)CC(=O)N(C)C(C)C,False
CCOC(=O)C1=C(C)N=c2sc(=Cc3cc(Br)c(Br)o3)c(=O)n2C1c1ccccc1,False
CCCCCCCCCCC=CCCCCCCCCCCCCCCCCCCCCCCCCCCCCCC(=O)NC(COC1OC(CO)C(OC2OC(CO)C(O)C(O)C2O)C(O)C1O)C(O)CCCCCCCCCCCCCCCCCCCCCCCCC,False
Cc1cc(NCC2(c3ccc(F)cc3)CCC2)ncn1,False
Cc1ccc(NC(=O)c2ccc(C(=O)Nc3ccc(NC(=O)OC(C)(C)C)cc3)o2)cc1,False
Cc1nc(SCC(=O)N(CC(C)C)C2CCS(=O)(=O)C2)nc(C)c1C,False
C=CC12CCC3C4CCC(=N)C=C4C(=C)CC3C1CCC2C.C=CC=O.CC,False
O=CNC(=O)C=Cc1ccc(C(=O)N2CCCC(Nc3ncc4cc(Cl)ccc4n3)C2)cc1,False
c1ccc(-c2cnc3c(-c4ccccc4)nc(-n4c5ccccc5c5cc6c7ccccc7n(-c7ccccc7)c6cc54)nc3n2)cc1,False
CCC1=C(C)NN=C(C=O)C1,False
CC(C)(C)c1ccnc(-n2c3[c-]c(Oc4[c-]c(-[n+]5[c-]n(-c6c(-c7ccccc7)cccc6-c6ccccc6)cc5)ccc4)ccc3c3c2c2c4ccccc4n(-c4ccccc4)c2c2c4ccccc4n(-c4ccccc4)c32)c1.[Pt],True
CCC1CCCN1CC1CNCCO1,True
CC=C(O)N(C)CCOCCCC(C)C,True
Cc1ccc(NC(=O)C2CCCCN2C2=NS(=O)(=O)c3ccccc32)cc1,False
CCC(C(=O)OC)N(c1cccc(I)c1)c1nc(Cl)ncc1[N+](=O)[O-],False
CC(=O)N1CCN(C=O)CC1.Cc1cccc(Nc2nc3cc(C(N)=NN)ccc3c3sccc23)c1,False
NC(C=O)c1ccc2ncoc2c1,False
CN(c1ccc(S(=O)(=O)Nc2nccs2)cc1Cl)C1CCN(c2ccccc2)C1,True
CC(C)(CON)c1ccc([N+](=O)[O-])c(O)c1,True
Cc1cc(NC(=O)CN(C)C(=O)c2ccc(CSc3nc4ccccc4s3)cc2)no1,False
COc1ccc(S(=O)(=O)NCCn2ccnc2-c2ncccn2)cc1C,True
C=CC=c1scc(S(=O)(=O)N2CCCCC2)c1=CC,True
CCCN(CCN(C)C)c1ccc(C=O)c(Cl)c1,False
CCCOc1cc(C=O)cc(OCCCN)c1CCCN,False
Cc1cccc(NC(=O)CC2CC(C(=O)O)C(C(=O)O)C2C)c1,False
C#CCC.CC=NN1C=CC(Oc2ccc(Nc3ncnc4cc(OC)c(N5CCN(C(=O)C=CCN(C)C)CC(SC)C5)nc34)cc2C)=CC1,False
CCCCCCC(c1ccccc1O)C(C)CCC,True
O=C1C=C(O)CC(CCc2ccccc2)(c2ccccc2)O1,False
O=C(O)n1c(C2=CCOCC2)cc2ccccc21,False
COC(=O)c1cc(C(=O)N2CCCC2c2nc(C)cs2)cc(C(N)=O)n1,False
COCCC(NS(=O)(=O)c1ccc(C(N)=O)cc1)C(=O)O,False
O=C1Nc2nc(N3CCCCC3)[nH]c(=O)c2C(c2ccccc2)N1,False
CC1C=CC(C)C(C(=O)O)C1.CC1C=CC(C)C(C)C1.CC1C=CC(C)C(C)C1.CC1C=CC(C)C(C)C1.CC1C=CC(N)CC1N.CC1C=CC(O)CC1C.CC1C=CC2CC1C(=O)O2.CC1CC(I)C2CC1C(=O)O2.CC1CC=CCC1C.CC1CC=CCC1C.CC1CC=CCC1C(=O)O.CC1CC=CCC1C(=O)O,False
COc1ccccc1-c1cccnc1Oc1cnc(N)nc1,True
CCC=CCC=CCC=CCC=CCC=CCC=CCC=CCCCC(=O)OC(COC(=O)CCCCCCCC=CCCC)COC(=O)CCCCCCCCCCCCCCCCCCCCCCCCCCCCCCCCC,False
OC(Cc1cn(-c2ccccc2)c2ccccc12)(c1ccc(F)cc1)c1ccc(F)cc1,False
CCOC1CC(Nc2ncc(Cl)cc2[N+](=O)[O-])C1,True
CC1(C)OB(c2ccc(C3(c4ccc(B5OC(C)(C)C(C)(C)O5)cc4)C4CC5CC(C4)CC3C5)cc2)OC1(C)C,True
CCCC(C)(NC(=O)NC1CCC1)C(=O)OC,False
CCN1CCCC1=O.[AsH3],False
CNc1ccccc1C(C)=NNc1ccccc1,False
CCOC(=O)COP(OCOc1c(CC2CC2)cccc1C(C)C)OCC(=O)OCC,False
CNc1cc(Cl)nc(N2CCN(C)CC2)n1,False
CCCCNCC=CCNC(=O)OC(C)(C)C,False
C=NC=C(C=CC)c1cccc(CN(C=O)C2CCCCC2)c1.CN.Cc1sc2cccc(Cl)c2c1O,False
CS(=O)(=O)CC1CC(F)(F)CN1,False
C[Si](C)(C)c1c(O)cncc1Cl,True
COc1ccc(-c2ccc(CS)c(C)n2)cc1Cl,True
Cn1cc(-c2noc(-c3ccc(S(C)(=O)=O)cc3Cl)n2)cn1,True
CCNC(c1ccn(C)n1)c1ccc(C)cc1C,False
COc1c(C#N)cnc(OC(F)(F)F)c1N,False
Cc1ccc(C2=CC(c3ccc4ccc(-c5c6ccccc6c(-c6ccccc6)c6ccccc56)cc4c3)=CCC2)nc1,False
C=C(C=CC)N1CCN(Cc2ccc(COc3cccc4c3CN(C(CCC(=O)OC(C)(C)C)C(N)=O)C4=O)cc2)CC1,False
O=COc1nocc1-c1ccc(-c2c(C(=O)c3ccccc3)sc3cc(O)ccc23)cc1,False
C=C(C)C=C(C(=CC)C(C)=O)c1cc(C)ncc1OC.C=C1SC(C)=NC1CN=C(C)OC.CC,False
CC(C)(C)OC(=O)NC1(C=O)CC1,False
CCNS(=O)(=O)c1ccc(NC(=O)c2nn(C)c(C)c2[N+](=O)[O-])cc1,False
CNC(=O)c1cc([N+](=O)[O-])ccc1N1CCC(c2ccccc2OC)C1,False
COC(=O)C(Cc1c[nH]c(=S)[nH]1)NC(C)C,False
CCCCCCc1ccc(-c2cc(C=O)n(C)n2)cc1,False
CCCCN(CC)C(=O)CS(=O)(=O)c1ccc(C)cc1,False
O=CCOP(=O)(O)OC1C(O)OC(COP(=O)(O)O)C(OP(=O)(O)OC2C(O)OC(COP(=O)(O)O)C(OP(=O)(O)OCC=O)C2O)C1O,False
CC(COCc1ccccc1)NC(=O)C1CCCCN1C.CSN1CC2(CCN(C=O)CC2)C2=C1C=CCC=C2,False
CC(NC(=O)c1csc(N)n1)c1cnn(C)c1,False
Cc1ccc(-c2cc(C(=O)O)cc(Cl)n2)cc1,False
Fc1ccc(CNCCN2CCCCC2)c(I)c1,False
CCOC(=O)c1cccc(N2C(=O)C(O)=C(C(=O)c3cc4cc(Cl)cc(OC)c4o3)C2c2cccc(OC)c2)c1,False
CC1CC(C2CN(CC3CCN(C)CC3)CCN2C(C)C)C(C)N2CCC(CC2)C(C)(O)C2CCN1CC2,True
COc1ccc(N2CC(CN3CCC(O)(c4ccsc4)CC3)OC2=O)cc1,False
CC(C)(C)c1cccc(CNc2cnc3[nH]cc(-c4cccnc4)c3c2)c1,False
CC1CCC2(C(=O)O)CCC3(C)C(=CCC4C5(C)Cc6cnn(-c7cccc(Cl)c7)c6C(C)(C)C5CCC43C)C2C1C,False
CCN1C(=CC=CC2=[N+](CCCCCC(=O)NCC#Cc3cn(C4CC(O)C(COP(=O)(O)OP(=O)(O)OP(=O)(O)O)O4)c4ncnc(N)c34)c3ccc(S(=O)(=O)O)cc3C2(C)C)C(C)(C)c2cc(S(=O)(=O)O)ccc21,False
CN(Cc1ccco1)c1ccc(CN)c(C(F)(F)F)c1,False
CC(C)(C)OC(=O)N1CC(C(C)(C)CBr)C1,False
c1ccc([Si](c2ccccc2)(c2ccccc2)c2ccc3c(c2)C2(c4ccccc4-c4ccccc42)c2cccc4c5ccccc5n-3c24)cc1,False
CCCCCCNC(=O)Nc1nc(C)c(C(=O)Nc2c(C)cc(C)cc2C)s1.Cc1cc(C)c(NC(=O)c2sc(NC(=O)NCCc3ccccc3)nc2C)c(C)c1,False
[C-]#[N+]CC1CN(c2nc(OCCN(C)C3CCC3)nc3c2CCN(c2cncc4cccc(Cl)c24)C3)CCN1C(=O)C=C,False
Cc1ccccc1C(=O)N(CCN1CCOCC1)C1CC(=O)N(c2ccc(S(N)(=O)=O)cc2)C1=O,False
CC=CC(=O)C1(O)C(C)=CC(O)CC1(C)C,False
CC1(C)c2cc(N(c3ccccc3)c3ccc(-c4ccc5c(c4)oc4c6ccccc6c(-c6ccc7c(c6)oc6ccccc67)cc54)cc3)ccc2C2=CC=CCC21,True
C=C(C)C(C)=CC(=CC)c1ccoc1.C=O.CCN(C(=O)C(Cc1ccccc1)NC(N)=O)c1ccc(OC)cc1.CO,False
COc1ccc(Cl)cc1S(=O)(=O)NCCC=O,False
O=Cc1ccc2[nH]c3cncnc3c2c1,False
C=C(CC(=O)c1ccc(Br)cc1)Nc1ccc(O)cc1,False
CS(=O)(=O)COC(=O)NN,False
C=C(C)C(C(=O)OCc1ccc([N+](=O)[O-])cc1)N1C(=O)C(NC(=O)C(OC=O)c2ccccc2)C1S(=O)Cl,False
CN1CCCN(c2ccc(C(=O)Nc3c(NC(=O)c4ccc(Br)cc4)cc(Br)cc3OC3OC(C(=O)O)C(O)C(O)C3O)cc2)CC1,False
Cc1c(NC(=O)c2ccc(CNC(=O)NC(C)C)cc2)cccc1C(=O)N1CCc2sccc2C1,False
C=CC=CCCNC(C)C(N=O)c1ccnc2ccccc12,True
CC=CC=CC=CCCC(=O)Nc1nnc(Sc2ccnc3ccccc23)s1,False
CN.CNc1ncnc(N)n1.Nc1ncnc(Cl)n1,False
CN1C(C)(C)CC(Oc2ccc3cc(O)ccc3n2)CC1(C)C.Cl,True
COC(=O)c1ccc2c(c1)S(=O)(=O)CC2N(C)C,False
CC=CC#CC#CC=CCCCCCCCOC(C)=O,False
CNCCC(C)N(C)c1c(C)c(C=O)cc2cc(Br)cn12.CNCc1c(C)cc(C)[nH]c1=O,False
CC(C)(C)OC(C)(C)C.O=Cc1ccc(CO)o1,False
CCNC(=NCC(C)c1c(C)noc1C)N1CCc2ccccc21.I,True
O=Cc1ccc(CNS(=O)(=O)c2ccc(Br)cc2)o1,False
CCCOC(C)(C(=O)Nc1ccc(OC2CCCC2)c(C)c1)C1CC1,False
Cc1ccc(C(F)(F)F)c(-c2ccccc2)n1,False
O=Cc1c2c(nn1C1CCC1)CCSC2,False
CCCN(Cc1ncc(-c2ccc3cc(-c4ccc(-c5cnc(CN(CCC)C(=O)C(NC(=O)OC)c6ccccc6)[nH]5)cc4)ccc3c2)[nH]1)C(=O)CNC=O,False
Cc1ccc(-c2nc(-c3ccncc3)no2)cc1O,True
O=C(O)C1CSCCN1S(=O)(=O)CC1CC1,False
O=Cc1cc([N+](=O)[O-])ccc1OC1CCCCC1O,False
C=C1CC(O)CCC1CN(C)CC.C=CC=O.CCN(C)CC1CCC(O)CC1.CCN(C)CC1CCC(O)CC1=O.CN1CC=C(N2CCCC2)CC1.CN1CCC(=O)CC1.O=C1C2CC3CC1N(C3)C2.OC1CCNCC1,False
CCc1nc(C#N)cc(NCC(Cc2ccccc2Cl)C(N)=O)n1,False
CSc1cccc2c(C3=C(c4c[nH]c5ccccc45)C(=O)NC3=O)cn(CCCN3CCOCC3)c12,False
COc1ccc2c(-c3ccccc3)c(C(=O)Nc3ccc(NC(=O)C(C)n4cncn4)cc3)oc2c1,False
N=CC(=CN)c1ccc(-c2ccc(C=O)cc2)cc1,False
[C-]#[N+]CC1CN(c2nc(OCCOC3CC4CCCC4C3)nc3c2CCN(c2cccc4cccc(C)c24)C3)CCN1C(=O)C=C,False
O=C(O)c1coc(-c2csc(-c3ccccc3Cl)n2)c1,False
CC1CC(CCC=O)CC(C(C)C)C1,False
COc1ccc(C(C)c2ccc(OCC(=O)NCc3ccc(C)cc3)cc2)c(OC)c1.O=Cc1ccc(CBr)cc1,False
CC=CC1=NC(C)(C)C(C=O)O1,False
CC(C)(C)c1ccnc(NCc2ccccc2)n1,False
CC(C)(C)c1ccc2c(c1)c1cc(C(C)(C)C)ccc1n2-c1cc2sc(-c3cccnc3-c3ccccn3)cc2s1,False
C=C(N=C(C)CC)c1ccc(-c2cc(C)ccc2C)c(C)c1.O=CNC1CC1,False
O=CNc1ccccc1C(=O)Oc1ccccc1,False
C#Cc1cnc(NCCC2C(=O)N(C)c3ccccc32)nc1NC1CCC(O)C(C)(C)C1,False
COCc1ccc(C(=O)NCC2CCCNC2)cc1,False
CCN(CC)CCCN(CC1CCCCCCC1)C(=O)CCCCOc1ccc2c(ccc(=O)n2OC(=O)C(=O)On2c(=O)ccc3cc(OCCCCC(=O)N(CCCN(CC)CC)CC4CCCCCCC4)ccc32)c1,False
CCc1nc(N)ccc1-c1cccc2ccc(-c3ccc4nccn4c3)nc12.Cl,False
CCC(N)c1ccc(OCCOCCOC)cc1,True
CCCC1(C)N=NC(C)=C1C,False
COc1cc(Cl)nc(NS(=O)(=O)C2CCCCC2)n1,True
CNCc1ccnc(N(C)CCS(C)(=O)=O)c1,True
COc1cc(-c2cccc(-c3ccc(OCc4ccccc4)cc3)c2)ccc1OC(=O)COCc1ccccc1,False
COc1cc2c(-c3ccc([N+](=O)[O-])cc3)nc3c(c(-c4ccccc4)nn3-c3ccccc3)c2cc1OC,True
Cc1ccc(CCCCCCC(=O)O)cc1,False
CCOC(=O)c1cc2cc(C3CC(C)(C)O3)ccc2[nH]1,False
COc1cccc(OCCN(C)C2(C(=O)NC3(c4ccc(C(=O)O)cc4)CC3)CCOCC2)c1,False
C=CCn1cnc(-c2ccccc2C=O)c1,False
N#Cc1cc([N+](=O)[O-])ccc1N1CCN(S(=O)(=O)c2ccc3c(c2)CCCC3)CC1,True
Cc1cc(C)n(-c2ccc(NCCNC(=O)c3scnc3C)nn2)n1,False
CC1CC(C)CC(OCC(N)c2ccccc2F)C1,False
COc1ccccc1C(C)N(C)C(=O)c1sc(NC(=O)c2ccco2)cc1C,False
CCOC(=O)C1=C(C)NC(=O)N(C=O)C1c1ccc([N+](=O)[O-])cc1,False
O=C(Cc1cccnc1)NC(Cc1coc2ccccc12)OB(O)O,False
COc1ccc(-c2nn(-c3ccc(C(=O)c4ccc(C)cc4)cc3)c(=O)c3ccccc23)cc1,False
[C-]#[N+]c1ccc(Oc2ccc(B3OC(C)(C)C(C)(C)O3)c(C=O)c2)nc1,False
O=Cc1c(-c2ccc(OCc3ccccc3)cc2Cl)cc2ccccn12,False
CCC=CCC=CCC=CCC=CCCCCCCCCC(=O)OC(C=CCC=CCCCCCC)CCCCCCC(=O)NC(CCCN)C(=O)O,False
CNc1cc(C)c(OCCCN2CCN(c3cccc4sccc34)CC2)c(OC)c1,True
N#Cc1cc(C#N)c(-n2c3ccccc3c3ccccc32)c(-c2ccc(-n3c4ccccc4c4ccc5c6ccccc6[nH]c5c43)cc2C#N)c1,False
CN(C)C1(CNC2CCCCC2c2ccnn2C)CCOCC1,True
Cc1c(-c2ccccc2)cnc(-c2ccccc2)c1-c1ccccc1.Cc1cc(-c2ccccc2)c(-c2ccccc2)cn1.Cc1cc(-c2ccccc2)c(-c2ccccc2)nc1-c1ccccc1.Cc1cc(-c2ccccc2)cnc1-c1ccccc1.Cc1cc(-c2ccccc2)ncc1-c1ccccc1.Cc1ccnc(-c2ccccc2)c1-c1ccccc1.Cc1cnc(-c2ccccc2)c(-c2ccccc2)c1.Cc1cnc(-c2ccccc2)c(-c2ccccc2)c1-c1ccccc1.Cc1cncc(-c2ccccc2)c1-c1ccccc1.Cc1nc(-c2ccccc2)ccc1-c1ccccc1,False
Cc1ccc(N(c2ccc(C)c(C)c2)c2cc3c(c4ccccc24)-c2cc4c(cc2C3(C)C)-c2c(cc3ccc5cccc6ccc2c3c56)C4(C)C)cc1C,False
O=Cc1cc(C=O)c2ccc3c(N4CCCCC4)cc(C=O)c4ccc1c2c43,False
C.CCCCCCOc1ccc(C=Cc2ccc(C(=O)O)cc2)cc1.CCCCCCOc1ccc(C=O)cc1.O=C(O)c1ccc(C[P+](c2ccccc2)(c2ccccc2)c2ccccc2)cc1.[Br-],False
Cc1cc2nc3c(=O)[nH]c(=O)nc-3n(CCNCCCCC=O)c2cc1C,False
Cc1ccccc1-c1cccc(CCN)c1,False
C=C[c-]1cccc1-c1ccccc1C=O.[Fe].[cH-]1[cH-][cH-][cH-][cH-]1,False
Cc1cc(N2CCC(OCCN)CC2)nc(C(C)C)n1,True
CCC(=O)O.O=C1CCC(=O)N1SSN1C(=O)CCC1=O,False
CCCCc1c2[nH]c(cc3nc(c(CCCCC(=O)OCC)c4nc(cc5[nH]c1c(CC)c5CC)C(CC)=C4CC)C(CC)=C3CC)c(CC)c2CC,False
CCC(C)CC(CC(C)CC)Nc1cc2c(C=O)c(C#N)oc2cn1,False
CCN(C(=O)CNS(=O)(=O)c1c(C)n[nH]c1C)C1CCS(=O)(=O)C1,False
Cc1nc(-c2ccc(C(=O)N3CCN(S(=O)(=O)c4cc(Cl)ccc4Cl)CC3)cc2)no1,False
Cc1ncc(-c2ccc(S(=O)(=O)C(C)C)cc2)nc1-c1nnc(-c2ccc(CNCC(C)(C)O)cc2F)o1,False
CCC(C)C(C(CC(=O)N1CCCC1C(OC)C(C)C(=O)NC(Cc1ccccc1)c1nccs1)OC)N(C)C(=O)C(NC(=O)C(C)(C)NC(=O)OCc1ccc(NC(=O)C(N)CC(=O)O)cc1)C(C)C,False
COCOc1ccc(C=O)cc1OC1C(CCN(C)S(=O)(=O)c2ccc(C)cc2)=CCCC1O[Si](C)(C)C(C)(C)C,False
C=CCN(NCc1ccccc1)c1ccccc1,False
Cn1c(C(C#N)=Cc2ccc(Cl)cc2)nc2cccnc21,False
CN(C)S(=O)(=O)N1CCCCC1CNC(=O)Nc1ccccc1,False
CC(=O)Nc1ccc2c(c1)c(C1=C(c3cn(C)c4ccccc34)C(=O)NC1=O)cn2C,False
CN=C(NCC1CCC(c2ccccc2)CC1)N1CCN(c2ncccn2)CC1.I,False
CCCN(CCC)c1ccc(Br)cn1,False
CO[Si](CCCOc1cccc2c1Cc1ccccc1-2)(OC)OC,True
CCOc1ccc(-n2ccn(CC(=O)NCc3ccc(OC)c(OC)c3)c(=O)c2=O)cc1,False
CN(c1ncc(CCN)cn1)C1CCCCC1,False
CC(=CC(=O)Nc1ccc([O-])cc1C(=O)O)c1ccccc1,False
COc1ccc2c(c1CCC1(N)CC1)CCC2,True
CCOCCC1(CNC(=NC)N2CCSC(C)(C)C2)CCCC1,True
C=CC(=CC=CC)c1nc(Nc2ccccc2C(N)=O)c2cc(OCc3csc4ccc(Cl)cc34)ccc2n1,False
c1ccc2c(c1)c1ccccc1n2-c1ccc2oc3ccc(-c4ccc5c(c4)c4ccccc4n5-c4cncc(-n5c6ccccc6c6cc(-n7c8ccccc8c8ccccc87)ccc65)c4)cc3c2c1,True
CC(=N)C(=N)C(C)=CC=Cc1ccc(C)cc1,False
CN(CCOc1ccc(CC2SC(=O)NC2=O)cc1)c1ncccc1O,False
CN1C(=O)C(=Cc2ccccc2O)SC1=Nc1nc(-c2ccccc2)cs1,False
CCNc1ncnc(Oc2ccc(Br)cc2Cl)c1CC,True
COc1cc(C=O)ccc1OCCC1CCC2C3CCc4cc(C)ccc4C3CCC12C,False
CCc1cc(Br)cc(C(C)C=O)c1,False
CCS(=O)(=O)NC1CCC(c2cc(-c3cccc(F)c3)n[nH]2)CC1,False
CCN(C(=O)NC(=O)C(C)Cl)c1ccncc1,False
CCC(C(=O)NC(C)C)N(Cc1ccc(C)cc1)C(=O)CN(c1cc(C)cc(C)c1)S(=O)(=O)c1ccc(OC)c(OC)c1,False
CC=CCC(C)CC1C(=O)NC(CC)C(=O)N(C)C(SCCCN(CC)CC)C(=O)N(C)C(CC(C)(C)O)C(=O)NC(C(C)C)C(=O)N(C)C(CC(C)C)C(=O)NC(C)C(=O)NC(C)C(=O)N(C)C(CC(C)C)C(=O)N(C)C(CC(C)C)C(=O)N(C)C(C(C)C)C(=O)N1C,False
CC.CC.COc1cc(CN2CCC(C(=O)N(C)Cc3cc(OC)cc(OC)c3)(N(C)C=O)CC2)cc(OC)c1,False
CCC(C)C(=O)OC1CC(O)C=C2C=CC(C)C(CCC(O)CC(O)CC(=O)Oc3ccc(C=CC(=O)OCCCCO[N+](=O)[O-])cc3OC)C21,False
CS(=O)(=O)NC1C=CC(Sc2ccccc2)OC1COCc1ccccc1,True
CN(C)CC1OCCN(C(=O)C2CCOCC2)C1c1cnn(C)c1,False
COCC(C)(C)Nc1cc(Cl)nc(C(C)(C)C)n1,True
O=C(NCc1ccc(C(O)c2ccccc2)s1)C(=O)Nc1cccc(N2CCCC2=O)c1,False
O=c1c(=Cc2ccc(-c3ccc(Cl)c([N+](=O)[O-])c3)o2)sc2n1C(c1cccc([N+](=O)[O-])c1)C1=C(N=2)c2ccccc2CC1,False
C.CC(=O)O.CC=C1CCC2C3CCC4CC(C)CCC4(C)C3C(=O)CC12C.COC(=O)C=CC(C)C1=CCC2C3CCC4CC(C)CCC4(C)C3C(=O)CC12C.COC(=O)CCC(C)C1CCC2C3CCC4CC(C)CCC4(C)C3=CC(=O)C12C.COC(=O)CCC(C)C1CCC2C3CCC4CC(C)CCC4(C)C3=CCC12C.COC(=O)CCC(C)C1CCC2C3CCC4CC(C)CCC4(C)C3C(=O)CC12C.C[CH2][Al]([Cl])[Cl].[O]=[Cr](=[O])=[O],False
Cc1cc(C)cc(-c2cc(-c3cc(C)cc(C)c3)cc(-c3cc(-c4ccc5oc6ccccc6c5c4)cc(-n4c5ccccc5c5ccccc54)c3)c2)c1,True
CCC(CC)(CN)C(=O)NCc1cc(=O)[nH]c2ccccc12,False
CCOc1c(Cl)cc(C(=O)c2c(C)c(C#N)c(=O)n(CCc3ccccc3)c2O)cc1Cl,False
Cc1ccccc1OCC(O)C(=O)N1CCN(c2ccc(Cl)cn2)CC1.O=CO,False
CC(CC(CC(C(C[n+]1ccn(CCCNC=O)c1)C[n+]1ccn(CCCS(=O)(=O)O)c1)n1cc[n+](CCCS(=O)(=O)O)c1)n1cc[n+](CCCS(=O)(=O)O)c1)n1cc[n+](CCCS(=O)(=O)O)c1,False
CC=O.Cc1cncs1,False
CNC(Cc1sccc1Br)C(C)(C)N1CCCCCC1,False
CC(=O)OC=CCC=O,False
CC=CC(=O)OCC(=O)NNC(=O)COc1ccc(Cl)cc1,False
O=Cc1cc(OCCOc2cc(I)nc(I)c2)cc(C=O)n1,False
CCOc1ccc(-c2nc(CO)c(C)[nH]2)cc1,True
Cc1n[nH]c(C)c1C1N=C(NC(C)C)NC1=O,False
O=CCCCCCCCN1CCc2c([nH]c3ccccc23)C1,False
Cc1nc(C(=O)NCc2ccccc2C)cc(N2CCN(C=O)CC2)n1,False
COc1ccc(OCc2ccc(CN)cc2)c(Br)c1,True
CNC(=O)CCC(C=O)N(C)Cc1cc(SCCNC(=O)Nc2ccc(C)c(Cl)c2)ccc1C=O,False
CCC(Cl)CNc1nc[nH]c(=O)c1Br,False
NCC1CC(N=CC(=C(N)C2CC2)c2cc3cc[nH]c3cn2)C1,False
COc1cccc(NC(=O)c2cc(Nc3ccc(OC)c(Cl)c3)ccn2)c1,False
OCC(Cc1ccc(Cl)cc1)Cc1cn2ccsc2n1,True
c1ccc(-c2nc(-c3ccccc3)nc(-c3ccc4c(c3)sc3c(-c5cc(-c6cccc7c6sc6ccccc67)c6oc7ccccc7c6c5)cccc34)n2)cc1,True
Cn1c(=O)c2ccc(C(=O)Oc3c(Cl)cc(Cl)cc3Cl)nc2n(C)c1=O,False
CCC(C(=O)[O-])C(=O)O,False
CN(CC(=O)Nc1ccc(Cl)c(Cl)c1)S(=O)(=O)c1ccccc1C=O,False
Cl.O=C(OCC#CCN1CCCC1)C(O)(c1ccccc1)c1ccccc1,False
CN1CCN(c2cccc(C(=O)O)c2[N+](=O)[O-])CC1,False
COC(=O)C(N)CCSc1nnc(C)n1C,False
C#CC.C#CCC.C=C(C)C.CC(=O)O.CC1CO1.CC=C(C)C.CC=CC.CC=CC.CC=CCC.CC=CCCC.CC=O.CCC1CO1.CN.CN=C=O.CN=C=S.CO.CS.CS(=O)(=O)O,False
CNCC(CCCOc1ccccc1)c1ccccc1,True
NC(=S)c1ccc(Nc2c(F)cccc2F)cc1Br,False
COc1ccc(-c2noc(CCC(=O)NCc3cccc(Cl)c3)n2)cc1,False
CN(C)C(=O)CNC(=O)OC1CCc2ccccc21,False
CC1CC(NCC(C2CC2)C2CC2)CS1,False
Cc1cc(C)c(S(=O)(=O)NC2CCC(CO)CC2)c(C)c1,True
CC(C)CC(CO)NC(=O)c1cc(Cl)nc(C(C)C)c1,False
CC=Cc1cc(CCC2CC(=O)OC(CO)C2)ccc1[B]OC(C)(C)C(C)(C)S,False
CCOC(=O)N1CCn2c(nc(-c3ccncc3)cc2=O)C(NC)C1,False
O=C1N=CC2(CCCC2)N1,False
CCCOc1ccc2ccccc2c1C=c1sc2n(c1=O)C(c1ccc(C(C)C)cc1)C(C(=O)OCC)=C(C)N=2,False
CC(C)C(C)CCCCC(C)C(C)(C)C(C)C,False
O=Cc1cnc(Sc2nccs2)nc1,False
O=C(CSCC1CNC1)NCc1ccco1,False
CC=C(C(CC(C)CC=O)OC(=O)c1ccccc1P(c1ccccc1)c1ccccc1)[Si](C)(C)c1ccccc1,False
Cc1cccc2cnc(C=O)nc12,False
C=C(C)C(=O)OCC(COC(=O)c1ccccc1)OC(=O)NCCC[Si](OCC)(OCC)OCC,False
Cc1noc(C)c1CSc1ncccc1C(=O)N(C)CCOc1cccc(Cl)c1,False
Cc1cnn(-c2c(Cl)cc(C(F)(C(F)(F)F)C(F)(F)F)cc2OC(F)(F)F)c1,False
CC(C)C(=O)Nc1ccc(C(=O)NCC2(C)CCCC2)cc1,False
CC(C)C(CCC(C)C1(C)CCC(C=O)C1(C)C)O[Si](C)(C)C(C)(C)C,False
COc1ccccc1N1CCN(CC(=O)Nc2ccccc2Sc2ccccc2)CC1,False
CCCC(=O)N(C(=O)OC(C)(C)C)C(C=O)(CC(SC)SC)NC(=O)OC(C)(C)C,False
CC(C)Nc1nccn1CCCN(C)Cc1ccccc1,False
CNC(=O)C(Cc1ccccc1)NC(=O)C(C)C(OC)C1CCCN1C=O,False
Cc1[nH]c2ccccc2c1CC(=O)N(C)Cc1ccc2c(c1)OCCO2,False
CCC(C)CC(=O)OC1C(C)C(OCC2OC(O[Si](C)(C)C(C)(C)C(C)C)C(N=[N+]=[N-])C(C)C2C)OC2COC(C)(C)OC21,False
O=C([O-])C(Cc1ccc(O)cc1)N1C(=O)CC(S(=O)(=O)O)C1=O,False
O=C(O)c1cc(NC(=O)c2cc3ccccc3s2)ccn1,False
O=CN(OCC1OC(n2cnc3c(NC4CCOC4)nc(Cl)nc32)C(O)C1O)C1CCCC1,False
COC1CC(C(=O)Nc2ccc3c(c2)CCNCC3(C)C)N(C(=O)Nc2ccc(Cl)cc2)C1,False
CC(O)C1CCN(C(=O)C2CCCCN2C(=O)c2ccco2)CC1,False
Cc1oc2nc1C(=O)NC(C)C(=O)NCCCCC(NC(=O)Cc1cc3c(cc1Cl)OCCO3)C(=O)NC2C(C)C,False
CC(C)CC(=O)Nc1ccc(Cl)c(C(=O)NC2CC3CCC(C2)N3)c1.Cl,False
O=C(c1occc1COc1ccccc1)N1CCC(CO)C1,False
COc1c(C)cc(C)cc1S(=O)(=O)NCCC1CCCNC1.Cl,True
C=CC(C)c1cccc(OCCCO)c1,True
CCCCNOC(c1ccccc1C)C1CCCCC1,True
COc1ccc(NC(=O)CNC(=O)Cc2ccccc2)cc1NS(C)(=O)=O,False
O=Cc1ccccc1CC(NN1CCNCC1)C(=O)OS(=O)(=O)c1ccccc1,False
CC(C)(C)Cc1cn(CCNS(=O)C2CC2)c2ccc(-c3ccccc3)cc12,True
CCCCCOc1cc(COC(C)=O)ccc1OC(C)=O,False
CC(CCCCCCC=CCCCCCCCC(N)=O)CCCCCCC=CCCCCCCCC(N)=O,False
O=[P+](OC(Sc1ccc(Cl)cc1)(c1ccccc1)c1ccccc1)OC(Sc1ccc(Cl)cc1)(c1ccccc1)c1ccccc1,True
CCC[SiH2]OCCOc1ccccc1,True
COc1ccc(-c2cc(NC(=O)CC(C)C(=O)NC3C(=O)N4CCCN4Cc4ccccc43)n(C)n2)cn1,False
CCOc1ccc(CNC(=O)C(=O)NCc2ccc(C)cc2)cc1,False
CCOc1cc(CNC2CCCc3ccccc32)ccc1OC(C)C(=O)N(C)C,False
CC(=O)NC(Cc1ccc(O)cc1)C(=O)NC(C(=O)N1CC(OCc2ccccc2)CC1C(=O)NC(C=O)CC(=O)NN(C(N)=O)C(C)(C)C)C(C)C,False
Cc1cc(C)c(OCc2nnc(COc3ccccc3)o2)cc1C,True
CC(C)(C)C(=O)N1CCN(C(=O)Cc2ccc(C(=O)O)cc2)CC1,False
C.C.C.CC(C)(C)CC=O.CC(C)(C)COS(=O)(=O)[O-].COC(=O)C(Cc1ccccc1)NC(=O)C(CC(=O)O)NCCC(C)(C)C.COC(=O)C(Cc1ccccc1)NC(=O)C(N)CC(=O)O.[Na+],False
COc1ccc2c(ccc3c(-c4ccccc4C(=O)O)n[nH]c32)c1,False
COC(=O)CC(C(=O)C(C)C)C1CCCCC1,False
CCCC(C=O)OC(C)=O,False
Cc1cc(NC(=O)c2ccco2)ccc1Cl,False
Cc1ccc(C(=O)Nc2cccc(C(=O)N3CCCC3)c2)cc1I,False
COC(=O)C(C)(O)O,False
CCS(=O)(=O)c1ccc(C(=O)N2CCN(c3ncnc4[nH]ccc34)CC23CC3)cc1,False
CCCCCCCOCC(NC(C)C)(C(=O)OC)C1CC1,False
CCS(=O)(=O)N(CC(=O)N(C)Cc1ccc(Cl)cc1)c1ccc2c(c1)OCO2,False
CCOCC1CCCN(CC2CCCCC2NC(=O)Cn2cnnn2)C1.Cl,False
CN(N=Cc1nccn1C)c1ccccn1.CN(N=Cc1nccn1C)c1ccccn1.O=S(=O)([O-])C(F)(F)F.O=S(=O)([O-])C(F)(F)F.O=S(=O)([O-])C(F)(F)F.[Yb+3],False
COCC(C)c1nn(Cc2ccc(C)cc2)cc1C=O,False
CC(C)(C)S(=O)NC(CCC1CC1)(c1cccnc1)c1ccc(F)c(N)c1,False
CCCN(CC)C(=O)O[Si](OCC)(OCC)OCC,False
Cn1c(C=O)c(N)ccc1=O,False
CC(O)C(C)Nc1cccc(Cl)c1Cl,True
NC(=O)CC(NC(=O)C(Cc1ccc(O)cc1)NC(=O)C(CC(N)=O)NC(=O)C(N)Cc1ccc(O)cc1)C(=O)O,False
COc1nn(C)cc1OC=O,False
C=CCC(=CC)C(=O)OC,False
CCCCCCCCCC=CCCCCCCCC(=O)NC(COP(=O)([O-])OCC[N+](C)(C)C)C(O)C=CCCC=CCCC=CCCCCCCCCCC,False
CC(C)(CN)CNS(=O)(=O)c1ccccc1F,False
C=CCC(CCCN)C1CC(C)=CN1,False
C=CCOC(=O)NC1C(CC(=O)O)OC(COC(C)=O)C(OC(C)=O)C1OC(C)=O,False
CC=C(Cc1oc(C=CC(=O)O)c2ccccc12)C(Cl)=CCCl,False
Cc1cc([N+](=O)[O-])c(Cl)cc1-c1ccc(C=C2N=C(c3ccccc3)OC2=O)o1,False
CCCCOc1ccc(C(=O)Nc2cccc(NC(C)=O)c2C)cc1OC,False
CC[Si](CC)(CC)OCCC(CC=O)(OC)OC,False
CCONc1ncnc2c1c(C=O)cn2C1OC(CO)C(O)C1(C)Cl,False
O=Cc1ccc(Cl)c(C#CCCBr)c1,False
CCCC(C)(N)C(=O)N1CCN(c2cc(C)nc(C(C)C)n2)CC1,False
CC1(C2(N)Cc3c(O)c4c(c(O)c3C(O)C2)C(=O)c2ccccc2C4=O)OCCCO1,False
CC=CSc1ccccc1C(=NC)c1ccc(C(=O)OCC)cc1,False
CC=C(CCCC(C)C)C(=O)O.CCCCCOC(=O)CO.COC(=O)C=C(C)CCC=C(C)C,False
Cc1cccc(OC=O)c1.O=C(O)c1ccc2c(c1)C(=O)c1ccc(C(=O)O)cc1-2.O=CC1=CC(=COO)CC=C1,False
CCC=CCCC(=O)CC(C)=O,False
CCCCN(C=O)C(=S)N(C=O)c1ccccc1,False
CCC(=O)OC1(C)CC(OC2C(C)OC(OC(C(CC(OC)OC)CC(C)C(C=O)O[Si](C)(C)C(C)(C)C)C(OC)C(O)CC(=O)OC(C)CC=O)C(OC(C)=O)C2N(C)C)OC(C)C1C,False
O=Cc1c[nH]c2cc(Cl)c(-c3ccccc3)cc12,False
O=S(=O)(NCc1ccccc1CN1CCCC1)c1cc(Cl)ccc1Cl,True
Cc1ccc2cccc(NC(=O)C3(O)CCC(NCc4ccc5c(n4)NC(=O)CS5)CC3)c2n1,False
C1CCCCC1.Cc1nc(-c2onc(C)c2CNc2ncnc(C3CCCC3)n2)ccc1O.O=CO,False
CNC1CCCc2nc(N3CCN(C)CC3)sc21,False
CCOC(=O)c1ccc(NC(=O)CC(NS(=O)(=O)c2cccc(Br)c2)OS(C)(=O)=O)cc1,False
Clc1ccc2c(c1)C1(c3cc(-c4ccccc4)ccc3S2)c2ccccc2-c2ccccc21,False
C=O.CNC(c1ccccc1)(c1ccccc1)c1ccccc1.Cn1cc(CC(N)C(N)=O)c2ccccc21.N#Cc1ccc(N)cc1.O=CCCC(=O)O,False
CCC1CCC(F)CC1F,False
N.O=C(O)O.[Zn+2],False
CCNC(CC1CCCN(S(C)(=O)=O)C1)CC(C)(C)C,True
Cc1cc(F)ccc1C1=CC(C)(C)CC=C1,False
c1ccc(-c2cc3c4ccc5c6ccccc6oc5c4n4c5nc6ccccc6nc5c(c2)c34)cc1.c1ccc2c(c1)ccc1nc3c(nc12)c1cccc2c4c5c(ccc4n3c12)oc1ccccc15.c1ccc2cc3nc4c(nc3cc2c1)c1cccc2c3cc5c(cc3n4c21)oc1ccccc15,True
CC1(C)CCc2c(-c3cccc(CC(C=O)(C(=O)O)c4ccc(NC(=O)OCc5ccccc5)cc4[N+](=O)[O-])c3)nn(C3CCO3)c2C1,False
CN1C(=O)C(Br)(Br)c2cccnc21,False
CCc1nc(CNc2ccnc(C)c2)cs1,False
NC1=NC(c2cccc3ccccc23)C=C(c2c3ccccc3cc3ccccc23)N1,False
N#Cc1cccc(C=O)c1.N#Cc1cccc(C=O)c1,False
CC1(C)c2ccccc2-c2c(-c3nc(-c4ccccc4)nc(-c4ccc5c(ccc6ccc7ccc8nc(-c9ccccc9)oc8c7c65)c4)n3)cccc21,True
CCCC(CCC)(OC=O)C1CCCC1,False
NCc1ccccc1COc1ccc(C=O)cc1Cl,False
COc1cccc(C(=O)CSc2nnc(-c3ccccc3Cl)n2-c2ccccc2Cl)c1,False
COC(OC)C(C)(CN)N(C)Cc1ccccc1Br,True
CC=COc1cc2c(cc1OCCCCCOc1cc3c(cc1OC)C(=O)N1C=C(C)CC1C=N3)N=CC1CC(C)=CN1C2=O,False
Cc1cc(OCCCc2c3n(c4c(-c5c(C)nn(C)c5C)c(Cl)ccc24)C(C)CN(c2cc(N(C)C(=O)OC(C)(C)C)cc4c(C(=O)O)cn(C)c24)C3=O)cc(C)c1Cl,False
CCCCC(CC)CC(=C(C(=O)O)C(=O)O)c1ccccc1CC(CC)CCCC,False
CC1(c2nc(CO)no2)CC1,True
C=C(C)C(=O)OC(CC)COc1c2ccccc2cc2ccc(C(=O)O)cc12,False
CN=C(NCc1cccn1C)NC1CCCC(C(F)(F)F)C1.I,False
CN=C(NCCNC(=O)OC(C)(C)C)NCc1cc(Br)c(OC)c(OC)c1,False
Cc1cc2cc(C(=O)C3CC3N(C=O)C(CO)C(=O)O)cc(Cl)c2o1,False
Cc1cc(CN2CCCC3(CCc4c(NCCO)nc(C(C)(C)C)nc43)C2)n[nH]1,True
CC(C)CCC1(C=O)CCCC1C,False
Cc1ccc(COc2cccc(C=C3N=C(c4ccc(Cl)c([N+](=O)[O-])c4)OC3=O)c2)cc1,False
NC(=O)C1C=CC=CC1.O=Cc1ccc2ccccc2c1,False
Nc1cc(-c2ccoc2)ccc1C=O,False
O=Cc1ccc(OCC(=O)OCCCN2C(=O)c3ccccc3C2=O)cc1,False
COCC(CCO)NC(=O)c1cc(O)ccc1O,False
CC(=NNc1cccc(C)c1)c1ccc(OCC(=O)N(C)C)cc1,False
C=C(C(=O)OC)C(OC(C)=O)c1cc(C)ccc1NC=O,False
COCCN(CCCCCN)C(C)C,True
CCC(C)(CC)C(=O)C=C(O)C(C)(CC)CC.[Ir].[c-]1c(-c2nccc3c4c(sc23)CCc2ncccc2-4)cc(-c2ccccc2)c2ccccc12,False
CN(C)Cc1c(C(=O)Nc2cccc(Cl)c2Cl)nc2ccccn12,False
CSc1ccc2ncnc(NC3CC=C(CC=NC(=O)OC(C)(C)C)C3)c2c1,False
CN(CC(=O)NC(C)(C)C)c1nc(-c2ncc(CCO)s2)nc2c1CCC2.CN(CC(=O)NC(C)(C)C)c1nc(-c2ncc(CCOCc3ccccc3)s2)nc2c1CCC2.CN(CC(=O)NC(C)(C)C)c1nc(C(=N)SC(C=O)CCOCc2ccccc2)nc2c1CCC2,False
C=CCCNS(=O)(=O)c1cc([N+](=O)[O-])cc(C)c1C,True
COc1ccc(C=O)cc1OCCc1cccnc1,False
CCCCC1=NC=C[N+]1(Cc1ccc(-c2ccccc2-c2nnnn2C(c2ccccc2)(c2ccccc2)c2ccccc2)cc1)C(CC(NC=O)c1ccccc1)C(=O)O,False
C=Cc1ccc(Cn2c(C)c(CNCCc3ccc(OCC)cc3)c(C(=O)[O-])c2C)cc1,False
COc1ccc(NC(=O)c2ccn(-c3cccc(Cl)c3)n2)cc1OCC(N)=O,False
CCCNC(=S)Nc1ccc2c(C(=O)NC3CN4CCC3CC4)nsc2c1.O=CO,False
CNCC1CCC(CC(=O)NC(C=O)Cc2ccc3ccccc3c2)CC1,False
CC.CCN1CCC(O)C1.CN1CCCC1,True
CC(=O)CC(C=O)NC(=O)CN1C(=O)C(NC(=O)c2ccccc2)CN(C(=O)CCc2ccccc2)c2ccccc21,False
Cc1ncc2nc(C=Cc3nc(N4CCCC4=O)cn3-c3ccccc3)nn2c1C,False
CN=C1CC=CC(OC)=CC1=C(N)c1cnc2[nH]cc(C=O)c2n1,False
O=C(O)CC(=O)CC1Cc2cccc(C(=O)O)c2OB1O,False
N#Cc1c(C(F)F)cc(-c2cccnc2)[nH]c1=S,False
COc1cccc(Cl)c1-c1nc(C)c(C)c(NN)n1,True
CC(C)(CC=O)Cc1ccccc1,False
CC=CCCNC(=O)N1CCC(CC)(CO)CC1,False
COB([O-])OC.COB([O-])OC.COB([O-])OC.Cl.[Al+3].[Al+3].[Cl-].[Cl-],True
Cc1ccccc1C(C#N)(CCCN1CCN(Cc2ccccc2)CC1)C(C)C.Cl.Cl,False
CC(=O)C(C)(C=C(C)C)C1CCCCC1,False
COc1ccc(CC(=O)Nc2nc3c(s2)CCCC3)cc1OC,False
NCCCOc1ccc2ccc(C(=O)NCC(NS(=O)(=O)c3ccccc3)C(=O)O)c(=O)n2c1,False
COCCn1c(C)cc(N2CCOCC2)c(C=O)c1=O,False
CC1(C)c2ccccc2-c2ccc(-n3c4ccccc4c4cc5c6ccccc6n(-c6cccc7c6sc6ccccc67)c5cc43)cc21,False
C=CC(C=O)=CC=C(C=C)S(N)(=O)=O,False
COC(=O)C(CNC(=O)CC1CCCCC1)NC(=O)c1c(C)nc(NCCCc2cccc(O)c2)nc1C.Cc1nc(NCCCc2cccc(O)c2)nc(C)c1C(=O)NC(CNC(=O)CC1CCCCC1)C(=O)O,False
C=Cc1cc2c(cc1NC)CCC2,False
CC(C)(NC=O)c1cn[nH]c1.Cc1cc(Cl)cc(Cl)c1,False
CC=CCC(NC(=O)CCc1ccsc1)C(=O)O,False
C.CC(C)(C)c1cc(C(C)(C)C)c([N+](=O)[O-])cc1C=O.CC(C)(C)c1cc(C=O)c([N+](=O)[O-])c(C(C)(C)C)c1.CC(C)(C)c1cc(C=O)cc(C(C)(C)C)c1.CC(C)(C)c1ccc(C=O)c(C(C)(C)C)c1.CC(C)(C)c1ccc(O)c(C(C)(C)C)c1.CC(C)(C)c1cccc(C(C)(C)C)c1.CCOCC.CCOP(=O)(Cl)OCC.CCOP(=O)(OCC)Oc1ccc(C(C)(C)C)cc1C(C)(C)C.COC(Cl)Cl.O=NO[O-].O=S(=O)(O)O.[K+],False
CC.CC.CC.CC.CC.CC.CC#N.CC=NC.CCNS(=O)(=O)c1ccccc1.CCNS(=O)(=O)c1ccccc1.Cc1ccccc1.Cc1ccccc1,True
CCCCS(=O)(=O)Nc1nnc(CN2C(=O)c3ccccc3C2=O)s1,False
[B]C(=O)N(C)C=O,False
CS(=O)(=O)CC(Cl)Cc1c(F)cccc1F,False
O=CCCCCCC1(c2ncco2)OCCO1,False
O=C(CCNC(=O)c1ccsc1)Nc1ccccc1-c1nc2ccccc2[nH]1,False
COc1ccc(OC)c(-c2ccc(SCC(=O)Nc3ccccc3C)nn2)c1,False
C=C(Cl)Cn1ccc2cccc(C=O)c21,False
CCCc1ccc(OC(=O)CC(CCCN=C(N)CC(=O)Oc2ccc(CCO[N+](=O)[O-])cc2)OC=O)cc1,False
CC(C)[Si]1(C(C)C)c2cc(C=O)ccc2-c2ccc(N(C)C)cc21,False
O=Cc1cccc(Cl)c1C(=O)c1ccc(Cl)cc1,False
COC(=O)CC(C)NC(=O)c1cc(-c2cccs2)nc2c1cnn2C(C)C,False
C=S1(=O)CCN(c2cc(-c3cc(C4CCC(O)CC4)n4nc(NC(C)COC)ncc34)ccn2)CC1.COCC(C)Nc1ncc2c(-c3ccnc(OC4CCC4)c3)cc(C3CCC(O)CC3)n2n1.OC1CCC(c2cc(-c3ccnc(N4CCCCC4)c3)c3cnc(CC4CCOC4)nn23)CC1,True
O=C(CSc1ccccc1)NCc1cccc2ccccc12,False
CC=Cn1c(C=Cc2cc([N+](=O)[O-])ccc2Cl)nc2ccccc21,True
CC1CCC(=Nc2cc(C=O)cc(NC3CCC(O)CC3)n2)Sc2cc(C3CCOC(O)C3C)ccc21,False
CC=CC=C(C)c1ccccc1C.CCCC(NC=O)C(=O)OC,False
Cc1cc(Cl)ccc1Nc1ccnc(NCCc2ccccc2F)n1,False
CC[Si](CC)(CC)OOC1(OC)CCC(c2ccccc2)CC1,True
CCOC(=O)c1c(OC(=O)O)ccc(C(=O)OC)c1-c1ccccc1,False
Cc1ccc(-c2ccc(N(C)C)nc2)nc1C,False
O=C(c1cc([N+](=O)[O-])[nH]n1)N1CCN(Cc2ccccc2Cl)CC1,False
COc1cc(C=O)cc(C2C=CC=CC2)c1O,False
COc1ccccc1-c1nc(COC(=O)c2cn3ccc(C)cc3n2)cs1,False
CCc1nc(C)cc(-c2cc3n(c(=O)c2)CC2CC3CN(CC(C)C)C2)n1,False
CC(NC(=O)OC(C)(C)C)c1cccc(OC2CCCCC2)c1,False
C=Cc1c[nH]c(=O)s1,False
CCOC=O.CNc1cc(Cl)ncc1C(C)=O,False
CCOc1ccccc1CN(C)CC1CCCNC1.Cl,True
N#Cc1cccc(-c2cc(-n3c4c(c5cc(-c6cccnc6-c6ccccc6)ccc53)=CC(=c3ccc(-c5ccc(-c6ccc7c8ccc(-c9cccnc9-c9ccccc9)cc8n(-c8cc(C(F)(F)F)c(-n9c%10cc(-c%11cccnc%11-c%11ccccc%11)ccc%10c%10ccc(-c%11cccnc%11-c%11ccccc%11)cc%109)cc8-c8cccc(C#N)c8)c7c6)c(-c6ccccc6)n5)nc3=C3C=CC=CC3)CC=4)c(C(F)(F)F)cc2-n2c3ccc(-c4cccnc4-c4ccccc4)cc3c3cc(-c4cccnc4-c4ccccc4)ccc32)c1,False
CC(=O)Nc1ccc(C(=O)CSc2ccc3c(c2)OCCCO3)cc1,False
C=C(C)C(=O)CCC.C=CCC.CC(=O)C(N)CCCCN.CC(=O)C(N)CCCN=C(N)N.CC(=O)C(N)CCCN=C(N)N.CCCCCCCN.CCCCOCCOCCOCCCN.CCCN.CCCOCCOCCN.N=C(N)CCCCC(=N)N.NCCCCC(N)C(=O)O,False
COc1ccc(C(C)=O)cc1COc1ccc(N(C)S(=O)(=O)c2ccc(C)cc2)cc1,False
COc1ccc(-n2c3c(cc(C(=O)NC=O)c2=O)C(=O)CC(C)(C)C3)cc1,False
CC(CCC(=O)NC=O)N1C(=O)c2ccc(C3CCNCC3)cc2C1=O,False
NN1CCN(c2ccccc2NC(=O)c2ccn3ncc(-c4cccc(Cl)c4)c3n2)CC1,False
COc1cccc(C(C)=C2SC(=S)N(C(CCC(N)=O)C(=O)O)C2=O)c1,False
O=CCNC(=O)CC1CC1,False
Cn1ccc(=O)n(Cc2ccc(Br)o2)c1=O,False
COC(=O)c1ccc(COc2cccc(C(N)=S)c2)cc1,False
CC=CCCNS(=O)(=O)NC1CC1,True
CC1Cc2cc(C(C(=O)O)C(C)C)ccc2O1,False
C=CC(C=O)=Cc1c(Cl)cn(-c2ccc(CC)cc2)c1C(C)C.CC.CN1CCCCC1,False
COCc1nc(N2CCN(C3CC3)CC2)sc1C=O,False
Cc1cc(-c2nc3ccccc3c(=O)n2-c2ccc(NC=O)cc2)cc(C)c1OCCO,False
CCCCN(CCCC)C(=O)C(=O)Nc1cccc(Cl)c1C,False
O=C(O)CCc1cc2ccccc2n1C1CCC1,False
CC(C)COC(=O)N(C)S(=O)O,False
Oc1ccc(C(O)CNC2CCCC2)c(F)c1O,False
O=C(O)c1cc(C#CCN2CCCC2=O)cs1,False
O=C(CSc1nc2ccccc2s1)NN=Cc1ccc([O-])c([N+](=O)[O-])c1,False
CC=CNC(=O)N1CCN(C=O)CC1,False
CCNC(=NCc1nnc2ccccn12)NCCCCn1c(C)cccc1=O.I,False
O=C1NCC[N+]2=C1NCC2,False
C1=CC2C3C=CC4c5ccc6c7ccc8c9ccc%10c%11c%12c%13c%14c%15c(c5c6c5c%15c%13c(c%119)c8c75)C4C3C=%14C2C%12C1%10,False
O=Cc1cnn2c(CC3CC3)cc(-c3ccc(CO)s3)nc12,False
C=CCC(CN)CCC(C)O,True
C[Si](C)(C)c1cc(-c2c3nc(c(-c4cc([Si](C)(C)C)cc([Si](C)(C)C)c4)c4ccc([nH]4)c(-c4cc([Si](C)(C)C)cc([Si](C)(C)C)c4)c4nc(c(-c5cc([Si](C)(C)C)cc([Si](C)(C)C)c5)c5ccc2[nH]5)C=C4)C=C3)cc([Si](C)(C)C)c1,False
CC(C)CC(NC(=O)C1CCCN1C(=O)C(CO)NC(=O)CNC(=O)C(Cc1ccc(O)cc1)NC(=O)C(Cc1cnc[nH]1)NC(=O)C(Cc1cnc[nH]1)NC(=O)C(N)CCC(N)=O)C(=O)NC(C(=O)O)C(C)O,False
O=C(CN1CCCCC1CCO)NC1CCCCCC1,False
COc1ccccc1C(=O)N1CCN(c2ccc([N+](=O)[O-])c(NCc3ccccc3)c2)CC1,False
O=C(COc1ccc2ccc(=O)oc2c1)c1ccc(Oc2ccccc2)cc1,False
COc1cc(OC)nc(NC(=O)NS(=O)(=O)c2c(C(N)=O)cc(C)c(C=O)c2N)n1,False
CN(C)CC(C)(O)CN1C(=O)CNC1=O,False
CCc1ccc(C(=O)N(CC)c2cccc(N)c2)s1,False
CCCCC(O)C(=O)OCCC.O=C(O)c1ccccc1.O=CO,False
CCC(C)=O.CCCCSc1ccc(O)c(C)c1,False
COCC(C)(O)CC(C)C,True
CN1CCC(OC(=O)C(OC=O)(c2ccccc2)c2cccc(C(=O)NCCCCN(CC(O[Si](C)(C)C(C)(C)C)c3ccc(O)c4[nH]c(=O)ccc34)C(=O)OC(C)(C)C)c2)C1,False
Cc1cccc(-n2c(=O)c3ccccc3n3c(SCC(=O)NC4CCCCCCC4)nnc23)c1C,False
Cc1ccc2c3cccc4c3n(c2c1C)-c1c(ccc[n+]1C)[Si]4(c1ccccc1)c1ccccc1,False
CCc1cc(NC(=O)CS)ccc1OC,False
Clc1cc(-c2ccccc2OCc2ccccc2)ccn1,True
CCCOc1c(OC)cccc1C1C(C(=O)OCCOC)=C(C)N=c2sc(=Cc3cccc([N+](=O)[O-])c3)c(=O)n21,False
CCCC(C)C(C)(O)C=O,False
CCCNC(C1=CCCO1)C1(OCC)CCCCC1,True
O=Cc1cc(O)c(C=O)c2ccc(O)cc12,False
CCS(=O)(=O)CCNc1ncnc2sc(C(=O)O)c(C)c12,False
CC(C)C(NC(=O)c1ccc(N2CCCCC2)cc1)C(C)C,False
CCC(CCCN=C(N)N)C(=O)NC(CCCN=C(N)N)C(=O)CC(CCCN=C(N)N)C(=O)NC(CCCN=C(N)N)C(=O)CC(CCCN=C(N)N)C(=O)NC(CCCN=C(N)N)C(=O)CC(CCCN=C(N)N)C(=O)NC(CC1=CCc2ccccc21)C(=O)CC(CS)C(N)=O,False
COC(=O)CNP(=O)(OCC1OC(n2cnc(C(N)=O)n2)C(O)C1C=O)Oc1ccccc1,False
CC(N)CC(=O)N1CCCCCC1,False
CC.CCOC.Cc1ccccc(C=O)cncc1,False
CNC(=O)NC(C(N)=O)C(C)C.COC(=O)NC(C)CO.N,False
CC=C(C)NC(=O)CC1=CCC(=Nc2ncnc3cc(OCCCN(CC)CCOP(O)O)ccc23)NN1,False
COCCOCCNC(C)(CCl)c1ccccc1,True
Cc1nccn1CC1(C(=O)O)CCCCC1,False
CC[Si](C#CC(OC(=O)c1ccc2ccccc2c1)C1CCCCC1)(CC)CC,False
C=CCNCC(=O)N1CCCC(OC)C1,False
C[Si](C)(C)O[Si](C)(C)O[Si](C)(C)O[Si](C)(C)O[Si](C)(C)CCCOCCOCCOC=O,False
CCOCCOC1CCC(C)(OCCOCC)C(OC(=S)NC(C)C)C=CC(C)C(C(C)=CC=CC(C)(CC2OC2C(C)C(CC)OCCOCC)OCCOCC)OC(=O)C1,False
CCN(CCCCCCCCCCCCn1cc(C=O)c2cc(OC)ccc21)Cc1cccc(O)c1,False
c1ccc(-n2c3ccccc3c3cc(-c4ccc(-c5nc6c(-c7ccncc7)cc(-c7cccnc7)cc6o5)cc4)ccc32)cc1,True
CCC(C)n1nccc1NC(=O)C(C)OC(=O)c1ccc(N(C)C)cc1,False
CC(COC=O)COS(C)(=O)=O,False
C=CC(=O)CC1CCOCC1Nc1ncc2cc(-c3c(Cl)c(OC)cc(OC)c3Cl)nc(NCc3cccc(N)c3)c2n1,False
COC(=O)CC1c2ccccc2C(C)C1CO,False
CCC(N)Cc1c(C)nn(C)c1Sc1cccc(Br)c1,False
C=C(c1c(C)cc(C)c(C=O)c1C)c1c(C)cc(C)c(C=O)c1C,False
CS(=O)(=O)OCC1COCCN1C(=O)OCc1ccccc1,False
CC1CCC2(C)C(CCC3C4=CC(C=O)=C(n5ccnc5)C4(C)CCC32)C1,False
Cc1cc(NC2CC2)nc(Nc2cc(Cl)ccc2C)n1,False
C=CC1CC1(NC(=O)C1CC(Oc2cc(-c3csc(NC(C)C)n3)nc3c(Br)c(OCCC)ccc23)CN1C(=O)C(NC(=O)OC1CCCC1)C(C)(C)C)C(=O)O,False
O=Cc1ccc(OC(=O)C2CCC(N3C(=O)C4CCCCC4C3=O)CC2)cc1,False
C=CCn1c(SCC(=O)c2c(C)[nH]c(C)c2C(=O)OCC)nnc1-c1ccccc1OC,False
CCC(C)C(C)C(C)C=O.CCC1SC(O)C(C)C1C.CCC1SC(OC(C)=O)C(C)C1C,False
CC(=O)NCC1CCCCN1C=O.COC(C)(C)C.S,False
O=C(c1n[nH]c2c1CCCC2)N1CCC(Cc2ccccc2)C1,False
c1ccc(-c2cccc(N(c3ccccc3)c3cc(N(c4ccccc4)c4cccc(-c5ccccc5)c4)c4ccc5ccccc5c4c3)c2)cc1,False
C1=CC2=[N+](c3nc(-c4ccc(-c5ccccc5)cc4)c4ccccc4n3)c3ccccc3N3c4cccc5cccc(c45)C(=C1)C23,False
CC1(CCl)CCC(Cc2ccccc2)C1(O)Cn1ccnc1,True
C=CC(=CCC=C(C)CCC=Cc1c(N)nc(N)nc1C=CC)C(=O)NC(CC(=C)C(=O)O)C(=O)O,False
CC=CC(Oc1ccc(CCC2CCN(C(=O)OC(C)(C)C)CC2)cc1)=C(C)CC,False
O.OO.[Cr],True
CB(C)Br.CNCCCn1cc2c(C3C(=O)Nc4ccc(Br)cc43)ncnc2n1.[N-]=[N+]=NCCCn1cc2c(C3C(=O)Nc4ccc(Br)cc43)ncnc2n1,False
COCC(=O)N1CCN2C(=O)c3ccc(Cl)cc3NC(=O)C2C1,False
CCN(CC)C(=O)C(c1nc2cc(Cl)ccc2c(=O)n1Cc1ccccc1)N(CCCN)C(=O)c1ccc(Br)cc1,False
CC(C)n1c(SCC(=O)Nc2nc3c(s2)CCCC3)nc2c1c(=O)n(C)c(=O)n2C,False
CCCOc1cc(-c2n[nH]c3c2CN(CC)CC3)ccc1OC,True
CCSC1=CC(=S)N(CC(C)(CC)CCSCCSCCC(C)(C)CN2C(=S)C=C3SCCC3C2=S)C(=S)C1C,False
CCN(CC)C(=O)CCNc1cc(C#N)ccn1,False
CC(Sc1nc2ccccc2c(=O)n1C)C(=O)Nc1ccc(C(C)(C)C)cc1,False
Cc1c(Cl)c(COC(=O)CCNS(=O)(=O)c2ccccc2)nc2ccccc12,False
CC=c1[nH]cc(-c2nc(N)cs2)c1=CCC=N,False
CCC(CCl)(CCl)Nc1nccn2nc(C(C)(C)C)cc12,False
CNC(=O)c1nnc(NC(=O)C2CC2)cc1Nc1cccc(C(=O)Nc2ccc3c(c2)CNC3=O)c1OC,False
CC(I)NC(=O)OCC1c2cc(NC(=O)CO)ccc2-c2ccc(NC(=O)COCCO)cc21,False
C=C.C=CO.C=COC(C)=O.C=Cc1ccccc1,False
CCOC(=O)c1nnn(CCC(C)O)c1-c1cccs1,False
CCOC(=O)c1cccc(CCC=O)c1O,False
CC=CC1OC1(C)c1cc(=O)c2c(C)cc3c(c2o1)C(=O)c1c(O)c(C2CC(C)C(OC(C)=O)C(C)(N(C)C)O2)cc(C2CC(N(C)C)C(O)C(C)O2)c1C3=O,False
Cc1ccc(C)c(CCCCNCCOS(=O)(=O)SCCNCCCCc2cc(C)ccc2C)c1,True
CC(CC(=O)OCC(=O)Nc1ccccc1)c1ccccc1,False
CC(C)(C)C1CCC(CC(C)(C)C2CC(S(C)(=O)=O)C2)C1O,True
CC1(C)CN(C2CCC(C#N)(NC3CC3)C2)CC(C)(C)O1,True
Cc1ccc(C)c(-c2c(C)ccc(O)c2O)c1,True
CC(CC(=O)O)C(C)(NC=O)C(=O)O,False
COc1ccc(CNc2ccnc(N3CCN(c4ccccn4)CC3)n2)cc1,True
CC1(C)c2ccccc2-c2ccc(-c3cc(N(c4ccc(-c5ccccc5)cc4)c4ccccc4-c4ccccc4)cc4c3sc3ccccc34)cc21.CC1(C)c2ccccc2-c2ccc(-c3cc(N(c4ccccc4)c4ccc(-c5ccccc5)cc4)cc4c3sc3ccccc34)cc21,False
C=Cc1c(C)cc2c(c1O)CN(CCc1ccc(C)cc1)C2=O,False
CCNC(=O)c1ccc(NC(=O)CN2CCCCC2=O)cc1,False
[C-]#[N+]c1ccc(-c2cc(N3[CH-]N(C)c4cccnc43)[c-]c(N3[CH-]N(C)c4cccnc43)c2)cc1.[Os],False
CCC1SC2=NC(C)=C(C(=O)OCCOC)C(c3ccccc3Br)N2C1=O,False
CCOP(=O)(OCC)C(c1ccccc1)N(C)C=O,False
CC(N)=Cc1cc(C(=O)NC(C)C(=O)N2CCC3(CC2)CC3)[nH]c1N,False
O=C1CCC(Nc2ncnc3c2C=C(c2cncc(O)c2)CC3)CC1,False
CCOC(=O)C1=C(C)N=c2sc(=Cc3ccc(OC)cc3)c(=O)n2C1c1ccccc1OC,False
CC(=O)Nc1ccc(C(=O)NN=Cc2cc([N+](=O)[O-])ccc2OC(=O)C=Cc2ccccc2)cc1,False
C=c1c(-c2ccc(OC)cc2)cccc1=C(C=C(c1ccccc1)C(C)CC)c1ccc2c3c(cccc13)-c1c-2c(-c2ccccc2)c2ccccc2c1-c1ccccc1,True
CC(C)(C)n1c2ccccc2c2cc(-c3ccc(CN(c4ccccc4)c4ccc(-c5ccccc5)cc4)c4ccccc34)ccc21,False
COCCN1CCC(CN(C)C=O)CC1,False
C=CCN(C(=O)C1CC2(CO2)C2C(=O)N(c3ccccc3)C(=O)C12)c1ccccc1,False
O=C(NNc1ccccc1)c1cc(OCc2ccccc2)c2ccccc2c1Br,False
C=C(CCN(CC)CC)C(=O)c1c(C)[nH]c(C=C2C(=O)Nc3ccccc32)c1-c1ccc(O)cc1O,False
CC=CC=CC(=O)N1CCC(NC(=O)c2ccccc2)CC1,False
C#CCN(CCc1ccccc1F)S(=O)(=O)c1cc(S(=O)(=O)c2ccc(C)cc2)ccc1C,False
N#Cc1ccc(NC(=O)C(Cc2ccccc2)n2cnc(-c3cc(Cl)ccc3N(N)C=C(N)Cl)cc2=O)cn1,False
CC(=O)CC(=O)OC(C)(C)C.O=Cc1ccc[nH]1,False
CC.CC.CC=CC=CC.COC(=O)c1cc(C)nn1-c1ccc(CNC(=O)c2ccccc2)cc1,False
COc1cccc2c1NC(=O)N(C1CCN(C(=O)NC(Cc3cc(C)c4[nH]ncc4c3)C(=O)N3CCC(N4CCCCC4)CC3)CC1)C2,False
CCN(CC)c1nc(NCCCN2CCCC2=O)nc(Nc2cc(OC)c(OC)c(OC)c2)n1,False
N=C(c1ccc2c(c1)COC1(CCNCC1)O2)c1cc(OCc2c(Cl)cncc2Cl)ccc1NPI,True
NC(O)(c1ccc(Br)cc1)C(F)(F)F,False
CCCCC(=O)O.CCCNC.CCNC(=O)CNC=O.Cc1ccccc1.N=CN,False
CC(C)C(COS(=O)(=O)O)COS(=O)(=O)O,True
Cc1ccc2[nH]cc(C(=O)C[NH+]3CC[NH+](CC=Cc4ccccc4)CC3)c2c1,False
Cc1cc(OCC(=O)NCCOc2ccc(S(=O)(=O)N3CCCC3)cc2)ccc1Cl,False
O=CNCCc1cncs1,False
CCCSN1CCC(c2nc3cc(-c4ccc(CN=O)c(F)c4)ccc3o2)CC1,False
CC(N)C(C)C(=O)NCCc1ccsc1,False
CC=Cc1ccc(OCC(=O)N2CCC(C)(CN)C2)c(OC)c1.Cl,False
CCC(N)C(O)N1CCCC1c1ncc(-c2ccc3c(c2)OCC2C3=Cc3cc(-c4cnc(C5CCC6CN(CC)C(c7ccccc7)C(=O)C(C5)C6C)[nH]4)ccc3C2C)[nH]1,False
CC(O)(c1cc(F)ccc1F)C1CCCN1,False
N#CCc1ccc(OCCN2CCc3sccc3C2)cc1,True
COCCOCCNCc1ccc(F)c(Br)c1,False
CC=C1CN2CCC34c5ccccc5N5C(C6C7CC8N(CCC89c8ccccc8N(C(C)=O)C69)CC7=CC)OC=C(C1CC23)C54,False
Cc1cc(=O)n(-c2ccc(NC(=O)c3cccc(C#N)c3)cn2)[nH]1,False
CCCCN(CC)C(=O)c1ccc2c(=O)n3c(nc2c1)CCCC3,False
CC1(C)CCCCC1(O)Cc1ccc(Cl)c(Cl)c1,True
CC(C)c1c(O)cc(C=Cc2ccccc2)cc1OSO,True
CCCCN1C=CN(C)C1.I.[I][Zn][I],False
CC.CC.O.O=CNS(=O)c1ccccc1,False
Fc1ccccc1CNc1ccccc1F,False
CC(C)NCCCOC(=O)Nc1cc(Cl)ccc1Cl,False
O=C(NN=Cc1cc(Cl)cc([N+](=O)[O-])c1O)c1ccc([N+](=O)[O-])cc1,False
C=Cc1c2[nH]c(c1C)C=C1NC(=C3CC(=O)C4=C(C)C(C=c5[nH]c(c(C)c5CC)=C2)N=C34)C(CCC(=O)O)C1C,False
Nc1ccc(C(=O)c2ccccc2)cc1.O=CO,False
Cn1cc(CCNCC2(O)CCC2)cn1,True
COC1CCN(c2ccc(S(=O)(=O)n3cc(N4CCNCC4)c4ncccc43)cc2)C1.O=CO,False
CCCCCCNC(=O)Nc1cc(C#N)ccc1OC(C)C,False
CN(CC(=O)c1cc(Cl)ccc1Cl)Cc1ccccc1,False
C=CC1CC1(CC(=O)C1CC2CN1C(=O)C(C1CCC1)CC(=O)OCCCCCc1ccc3ccnc(c3c1)O2)C(=O)NS(=O)(=O)C1CC1.C=CC1CC1(NC(=O)C1CC2CN1C(=O)C(C1CCCC1)CC(=O)OCC(C)(C)CCCCc1ccc3ccnc(c3c1)O2)C(=O)NS(=O)(=O)C1CC1.C=CC1CC1(NC(=O)C1CC2CN1C(=O)CCC(=O)OCC(C)(C)CCCCc1ccc3ccnc(c3c1)O2)C(=O)NS(=O)(=O)C1CC1.CC1CCCC1,False
CN=C(NCc1ncccc1F)NCC(c1ccc(OC)cc1)N1CCCCC1,False
C=CC(=O)OC12CC3CC(C)(CC(OCO)(C3)C1)C2,False
CCc1sc(-c2ccccn2)nc1CO,True
COc1cc(OC)cc(OCCNC(=O)C2CCC2)c1,False
CC(C)C(C)NC=O.CC(C)C(NC(=O)OCc1ccccc1)C(=O)N1Cc2ccccc2CC1C.O=Cc1nnc(Cc2ccccc2)o1,False
CN(C1=NC(C=O)c2cccnc2S1)C1CCCCC1,False
CSc1cccc(SC(=O)NC2CC2)c1,False
C=CCC.CC.Cc1cccc(OC(F)(F)F)c1,False
Cc1ccncc1C(=O)Cc1ccc(-c2cc(-c3cnn(C)c3)ccc2OC(C)C)cn1,False
CN(C)C1(c2ccccc2)CCC(c2[nH]c3ccccc3c2CCNC(=O)c2ccccc2)CC1,False
CCn1cc(S(=O)(=O)Nc2ccc(OC)cc2OC)cn1,True
COCOc1ccc(OCc2ccc(C(=O)O)cc2)cc1C=O,False
N#CNS(=O)c1ccccc1.NC=O.Nc1c2c(cc3c1CCC3)CCC2,False
FC(F)(F)Oc1cccc(NCc2cc(Br)c(Br)o2)c1,False
CC(C)(C)[Si](C)(C)Oc1ccc(C=C(Br)Br)c(C2c3c(C=C(Br)Br)ccc(O[Si](C)(C)C(C)(C)C)c3Cc3c(O[Si](C)(C)C(C)(C)C)ccc(C=C(Br)Br)c32)c1.CC(C)[Si](C)(C)C(C)(C)C,True
CC1NC(=O)NC1CCCCCC=O,False
CNNC(C=N)=Nc1ncc(Cl)c(-c2ccc3c(c2)C(=O)N(CC(=O)NC(CO)C2CC=CC(C)=N2)C3)n1,False
Brc1ccc2c3c(cccc13)C1C3c4cccc5cccc(c45)C21c1cccc2cccc3c12,False
CCCCC(C=O)(c1ccccc1)C1CCC1,False
CC=Cc1c(C)cc2ccccc2c1C(C)OC(=O)C(CC(C)C)C(C)(C)C,False
CC(C)(C)OC(=O)Nc1ccc2ncc(I)n2c1,False
CC1(C)CC2CN(C(=O)C(N)Cc3ccc(O)cc3)CCC2O1.Cl,False
CCCS(=O)(=O)Nc1cc2c(cc1N)OCCO2,True
CS(=O)(=O)c1ccc(Nc2ncnc(OC3C4COCC3CN(c3ncc(C#N)cn3)C4)c2F)c(F)c1,False
CCC1OC(=O)C(C)C(=O)C(C)C(OC2OC(C)CC(N(C)C)C2O)C(C)(C)CC(C)C(=CCOC(=O)CNCc2ccc(-c3ccncc3)cc2)C(C)C2NC(=O)OC12C,False
O=C(O)c1ncccc1CN(Cc1cccc(CN(Cc2cccnc2C(=O)O)Cc2cccnc2C(=O)O)n1)Cc1cccnc1C(=O)O,False
CC(C)(C)OC(=O)N(CC1C2CNCC21)C(=O)OC(C)(C)C,False
CCOC(CCn1c(SC)nc2c(sc3ccccc32)c1=O)OCC,False
CCCCNCCOCCOCCOCCO.O=Cc1ccccc1,False
CCS(=O)(=O)Nc1cccc(-c2cc(=O)n(-c3ccc(Br)nc3)nc2C)c1,False
CN(C)C1C(NC(=O)CNS(C)(=O)=O)C2CCOC21,False
O=C(O)Cc1ccc(NC(=O)N2CCCNCC2)cc1,False
Nc1snnc1CN1CCCCC1,False
CCc1c(N)n[nH]c1-c1nnn(C)c1C,False
Cc1ccc(C=O)c(C)c1.II,False
Cc1ccc2c(c1)NC(=O)C(CC(=O)NC(C)(C)C)O2,False
Cc1nnc2sc(-c3ccccc3Cl)nn2c1=O,False
CNCCC1(C)C(=O)CCC2(C)C1CCC1(C)C2C(O)C2Cn3cc(C(C=O)c4cc(C5CCCCC5)cc(C5CCOCC5)c4)c4[nH]cc(c43)CCC(C)(CC(O)C3OC3(C)C)C3=C2C1(C)CC3=O,False
NC(CN1C(=O)CCCC1=O)c1ccc(Br)cc1,False
CC1=CC(C)(C)N(CCCS(=O)(=O)O)c2cc3c(cc21)C(=CC=CC1=[N+](CCCS(=O)(=O)O)c2ccc(S(=O)(=O)O)cc2C1(C)CCCC(=O)O)C=C(C(C)(C)C)O3,False
Cc1ccc(S(=O)(=O)C(NC(=O)c2ccccc2)c2ccncc2)cc1.O=C(NC(C(=O)c1ccccc1)c1ccncc1)c1ccccc1.O=Cc1ccccc1,False
Cc1ccc(C2(c3ccc(C)cc3)CCCCN2C(C)C(N)C(=O)OC(C)(C)C)cc1,False
C1=CNCC(Cc2ccccc2)CCC1,False
CCn1ncc(C(=O)c2ccc(Cl)c(C(C)=C(C)C)c2C)c1OC,False
CC=Cc1ccc(OCC(=O)N2CCCc3c(C)ccc(OC)c32)c(OC)c1,False
Cc1c(C(NC(=O)N2CCCC2CO)C(C)C)oc2ccccc12,False
C.C.CC.CC.CCCOCCOc1cc(C#Cc2ccc(C=O)cc2)c(OCCOCCNC(=O)OC(C)(C)C)cc1C#Cc1ccc(C=O)cc1.CCCOCCOc1cc2c(OCCOCCNC(=O)OC(C)(C)C)cc1C#Cc1ccc(cc1)CNCCOCCOCCNCc1ccc(cc1)C#Cc1cc(OCCOCCNC(=O)OC(C)(C)C)c(cc1OCCOCCC)C#Cc1ccc(cc1)CNCCOCCOCCNCc1ccc(cc1)C#C2.NCCOCCOCCN,False
CCCC(C)(C(N)=O)C(C)NC(=O)C(C)NC(=O)C(NC=O)C(C)C,False
CCCC(C)CC(=O)N(C)C(C)(C)C(=O)O,False
N#Cc1ccc(S(=O)(=O)NCC(=O)OCC(=O)c2ccc3c(c2)-c2ccccc2C3)cc1,False
CN(C)CCCOc1ccc2nc(NC(=O)C(=NOCc3ncccn3)c3ccc(C(=O)C4CC4)cc3)sc2n1,False
CCCCC(CCO)Nc1nc(C)nc2ccn(CC(C)C)c12,True
Cc1ccccc1-c1cc(NCc2ccc(C(=O)NO)cc2)c2nccn2c1,False
Br.Br.O=c1[nH]ncn1-c1ccc(N2CCNCC2)nc1,False
FC(F)(F)c1cnc(Nc2ccccc2)nc1Cl,False
C=Cc1cc2cc3ccccc3cc2c(S(=O)(=O)O)c1C=C,True
COc1cnnc2c(C(C)C)cn(C(C)C)c12,True
CC(C)(C)S(=O)(=O)NCCCCCNc1cccc(CC=O)c1,False
CC(C)CN(CC(=O)N(CC(C)C)NC(=O)CBr)NC(=O)OC(C)(C)C.CC(C)CN(CC(=O)N(CC(C)C)NC(=O)CC#N)NC(=O)OC(C)(C)C.CC(C)CN(CC(=O)N(CC(C)C)NC=O)NC(=O)OC(C)(C)C.CC(C)CN(N)CC(=O)N(CC(C)C)NC(=O)CBr.CC(C)CN(N)CC(=O)N(CC(C)C)NC(=O)CC#N.CC(C)CN(N)CC(=O)N(CC(C)C)NC=O,False
Cc1ccc(CCNCC2(C(=O)O)CCC2)o1,False
CCOC(=O)CSc1ccc(Cl)cc1Sc1ccc(S(=O)(=O)CC)cc1Cl,False
COC(=O)c1cc(CCBr)c(C)cc1O,False
CN(OC(=O)O)C(=O)CC=O,False
C=C(Cl)C(C=O)=CC=CC,False
Cn1cncc1CNS(C)(=O)=O,True
Nc1cc(S(=O)(=O)Nc2cc(Cl)ncn2)ccc1Cl,True
CC1=CC(C)CCC1N(C)C,False
O=S(=O)(NCCCN1CCCC1)c1c(F)cccc1F,False
COc1c(C=O)ccc(B(O)O)c1OC,False
CC(O)C(C=O)NC(=O)NCc1nc(C(N)CO)no1,False
CC(C)CC1=Cc2cnsc2CC1,False
COCc1nc(N2CCCOC(C)C2)sc1C=O,False
C=CC=c1nc(C(=O)C(CCCCN)NCC2(C=O)CCCOC2)sc1=C,False
CN(C)CCCN(C(=O)c1ccc2ccccc2c1)c1nc2c(Cl)cccc2s1.Cl,False
CC(C=O)C1CCC2C3CCC4CC(C)(O)CCC4(C)C3C(=O)CC12C,False
CC(C)CC(=O)C=C(O)CC(C)C.CCC(CC)C(=O)C=C(O)C(CC)CC.CCC(CC)C(=O)C=C(O)C(CC)CC.CCC(CC)C(=O)C=C(O)C(CC)CC.Cc1[c-]c(-c2cc3cc(C(C)C)ccc3cn2)c2oc3nc(C)ccc3c2c1.Cc1[c-]c(-c2cc3cc(CC(C)C)ccc3cn2)c2oc3nc(C)ccc3c2c1.Cc1[c-]c(-c2nccc3ccccc23)c2oc3nc(C)ccc3c2c1.Cc1ccc2c(n1)oc1c(-c3nccc4ccccc34)[c-]ccc12.[Ir].[Ir].[Ir].[Ir],False
CC1=NN(c2ccc(C(=O)OCC(=O)NCCC3=CCCCC3)cc2)CC1,False
CCN1CCN(CC(=O)O)CCN(CC(=O)O)CCN(CC(=O)N(C)CC(=O)N(C)CC(=O)N(C)CC(=O)N(C)CC(=O)NCCN2CCC(C)C2)CC1,False
C.C.CC1CCCCC1.CC1CCCCN1.CC1CCNCC1.CN1CCCCC1,False
Cc1c(O)c(O)cc(O)c1C(C)C,True
O=CCN(NC(=O)CC1CCCC1)C(=O)C=Cc1ccccc1,False
Cc1nc2ccccn2c1C(=O)N1CCC(N2C(=O)CNC2=O)C1,False
CC1=PC(C)(CCP(C#Cc2ccccc2)C#Cc2ccccc2)C(C)=C1C,False
C=CCCOC(=O)N(CCC)C1CC(=NOC2CCCCO2)C2=CC(CCCCO)C(CCCCO)C3c4cc(Oc5ccc(SC)cc5)ccc4OC1(OCC=C)C23,False
CC(=O)NCc1cc(-c2cccc(-c3ccc(N(C=O)CCN(C)C)c(Cl)c3)c2O)cc(N2CCNCC2)c1,False
C=CC.C=CC(=CC)C(=O)Nc1ccc2c(c1)B(O)OCC2.CC.CC,False
CC(C)N1CCC(Oc2cc3cc(C(=O)N4CCN(C=O)CC4)n(C(C)C)c3cc2Br)CC1,False
ClC(Cl)(Cl)c1cn[nH]c1C(Cl)(Cl)Cl,False
CN=C(NCCNc1ccc([N+](=O)[O-])cc1)NC1CCN(c2ccccc2OC)C1.I,True
CN1C(=O)N(C2CC2C(=O)O)CC1C(C)(C)C,False
CC=Cc1ccc2n(c1=O)CC1C(CO)C(C(=O)N3CCC(Cc4ccccc4)CC3)N(CC)C21.CC=Cc1ccc2n(c1=O)CC1C(CO)C(C(=O)N3CCC(Cc4ccccc4)CC3)N(CC)C21,False
C.O=C(O)CCNC(=O)c1ccc(CN(C(=O)NCc2ccccc2-c2ccccc2)c2ccc(C3CCCCC3)cc2)cc1,False
O=CC(c1ccc(N2CCCCC2=O)cc1Cl)[N+](=O)[O-],False
COC(=O)c1ccc(-c2c3nc(cc4ccc([nH]4)c(-c4c(C)cc(C)cc4C)c4nc(cc5ccc2[nH]5)C=C4)C=C3)cc1,False
Cc1cc(C(=O)O)cc(NCC2CCCS2(=O)=O)n1,False
CC(C)(C)OC(=O)NC(C(=O)N1CC2CCCC2C1C(=O)O)C(C)(C)C.CCOC(=O)C1C2CCCC2CN1C(=O)C(NC(=O)OC(C)(C)C)C(C)(C)C,False
CCC1OC(c2cc(COC=O)c3c(N)ncnn23)C(C)(OCc2ccccc2)C1C,False
Cc1csc2c(CBr)ccc(C=O)c12,False
CC(C)(C)OC(=O)N(c1cc(-c2cccc(CN3CCOCC3)c2)nc2c(C=O)cnn12)C1CC1.O=Cc1cnn2c(NC3CC3)cc(-c3cccc(CN4CCOCC4)c3)nc12,False
O=C(NCc1ccc(CN2CCCCC2)cc1)Nc1ccccc1,False
COc1cc(OC)c(Cl)c(-c2nc(N3CC(C)(C#N)C3)c3cc(N)ncc3n2)c1Cl,True
CC(=O)CO.CC(=O)CO.CC=CC=O,False
COc1cccc2c(C(=O)NC3C(C)(C)CCCC3(C)C)nn(CCN3CCOCC3)c12,False
CCC(OC(=O)C(C)(CC(C)C)C(C)C)OC1CCCCC1,False
O=C1NC2(CCCC2)C(=O)N1Cc1cn(CC2CC2)nn1,False
C.C.CC(=O)c1ccc(C(C)=O)cc1.CC(=O)c1ccc2cc(O)ccc2c1.COc1ccc(-c2ccc3cc(OC)ccc3c2)cc1,False
C1CN2CCN3CCCN4CCN(C1)C2C34.C1CN2CCN3CCCN4CCN(C1)C2C34.[Cu+],False
O=CNC(CCC(=O)C1CCC1)C(=O)O,False
COc1ccc(-c2c(C(=O)c3ccccc3)c[nH]c2C=O)cc1,False
O=S(=O)(c1ccc(CCl)cc1)N1CCc2ccccc2C1,True
CNC1(C#N)CCCC1CCN1CCN(C(C)C)CC1,False
Cc1ccc(S(=O)(=O)N2CC3C(NC(=O)COc4ccccc4)C(=O)N3C2C(=O)OCc2ccccc2)cc1,False
CNC(=O)c1cc(Oc2ccc(CNC(=O)Nc3ccc(S(N)(=O)=O)cc3)cc2)ccn1,False
CCOC(=O)c1ccc2nc(C)cc(Nc3cccc(C)c3C)c2c1.Cl,False
CCC1CCCCN1C(=O)c1cncc(C(=O)Nc2ccccc2Cl)c1,False
Nc1ccc(CN2CCN(c3cnc4ccc(-c5ccc(O)cc5)cc4n3)CC2)cc1,True
CC=C(O)C(=O)OCCCOc1c(C)cc(C2(c3cc(C)c(OCCCOC(=O)C(O)=CC)c(C)c3)c3ccccc3-c3ccccc32)cc1C,False
CC(C)(C)n1nc2c(c1-n1cccc1)CN(C(=O)c1ccccc1I)C2,False
Cc1cccc(OCC(=O)Nc2ccc(S(=O)(=O)NC(C)C3CC4CCC3C4)cc2)c1,False
CCCCCc1ccc(C2(C=O)CCCCC2)cc1,False
COC(=O)NC1CC(C(C)O)CN(CCO)C1,False
C=CC(CCC(C)C)CNC(=C)CNCC(Cc1ccccc1)CS(=O)(=O)CCN(C)CP,True
CCCCN(CCCC)CC1NCCCC1C,False
CCCCCCCCCCCC(=O)OCC(C)C(C)CCC(C)C1CCC2C3CCC4CCCCC4(C)C3CCC12C,False
C=C(NCC(C)(C)CC(=O)NCCCN(C)C)C(=C)N(C=C(C)OC(=C)c1ccc(O)cc1)C(=C)C,False
CC1CC(=O)N(CC(=O)c2ccc(C(C)C)cc2)C(=O)C1,False
CNC(=O)c1ccc(-c2nn(-c3ccccc3)c(C(=O)OC)c2C(=O)OC)cc1,False
CC(C)NC1(C(N)=O)CCCC(N2CCC(C)(C)C2)C1,False
CCCCCCCCCCc1cc(NC=O)ccc1NC=O,False
COC(=O)c1cccc(N=Cc2ccc(N3CCCCC3)cc2OC)c1C,False
O=CCNCCc1cccs1,False
c1ccc(-c2ccc(N(c3cccc(-c4cc5ccccc5c5ccccc45)c3)c3ccc4oc5c6ccccc6c(-c6ccccc6)cc5c4c3)cc2)cc1,True
CCn1ncc(C(C)NCc2ccc(OC)c(CN3CCCCC3)c2)c1C,True
COc1ccc(CCN(C)CCCC(Oc2ccc(CC=O)cc2OC)C(C)C)cc1OC,False
CC(=O)N1CC(CO)C2(CCN(Cc3ccc(Br)s3)CC2)C1,False
Oc1c(Br)cccc1CNc1ccc(N2CCCC2)nc1,True
Cc1ccc(S(=O)(=O)C2(S(=O)(=O)c3ccc(C)cc3)CNCCNCCNCC[N+]2(Cc2ccc(C[N+]3(S(=O)(=O)c4ccc(C)cc4)CCNCCNCCNCC3(S(=O)(=O)c3ccc(C)cc3)S(=O)(=O)c3ccc(C)cc3)cc2)S(=O)(=O)c2ccc(C)cc2)cc1,True
O=CNc1cccc(C(=O)Nc2ccccc2)c1,False
COc1cc(C(=O)C=CNc2ccc(Oc3ccccc3Cl)cc2)cc(OC)c1OC,False
O=C(Cn1ccc2cc([N+](=O)[O-])ccc21)N(C1CCCC1)C1CCCC1,False
COc1ccc(C(N)CC(=O)O)c(O)c1OC,False
COc1ccccc1C1(Sc2ccccc2)C(=O)N(Cc2ccccc2)C1c1ccc(C)cc1,False
Fc1ccc2nc(C(F)(F)F)cc(NC3CCCC(Nc4nccc5ncccc45)C3)c2c1,False
COc1cc([N+](=O)[O-])ccc1NC(=O)CCN1CCN(c2nnnn2-c2ccccc2)CC1,False
COC(=O)OCC1OC(OC2C(OC(=O)OC)C(NC(=O)OCc3ccccc3)CC(NC(=O)OCc3ccccc3)C2OC2OC(C=O)=CC(OC(=O)OC)C2NC(=O)OCc2ccccc2)C(OC(=O)OC)C1C1OC(CNC(=O)OCc2ccccc2)C(OC(=O)OC)C(OC(=O)OC)C1NC(=O)OCc1ccccc1,False
CC1(C)OCC(C2NC(C=O)Cc3c2[nH]c2ccccc32)CO1,False
C=CCC(C)(C)C1CCC2C3C(CC(=C)C)CCC3(NCCC3(O)CCN(C(C)=O)CC3)CCC2(C)C1(C)C,False
COc1ccc(N2C(=S)NC(c3ccccn3)C2c2ccn(C3CCCCC3)c2)cc1NS(C)(=O)=O,True
CC1CCC2C1CCC1C3CCC(=O)CC3CCC21,False
CCCC(C)(C=O)CN1CCCC1CCCO,False
CC(=O)[O-].CC=[C]C(C)O.[Hg+],False
CC(=O)O.CC(C)(C)OC(=O)NC1CCC(C(=N)N)CC1,False
CN(C)C(C#N)c1cc(Br)c2c(c1)OCCO2,True
CC(CN)N(C)S(=O)(=O)c1ccc([N+](=O)[O-])c(Br)c1,True
COC1(COc2ccccc2)CCCN(C(=O)Cn2nc(C)nc2C)C1,False
NC(=O)CC1CCN(c2ccc(C=O)c(Br)c2)CC1,False
CC(=O)OC(C)=O.CC(C)(C)[Si](C)(C)Cl.CC1(C)CCCC(C)(C)N1.CC1CCc2c(Cl)ccnc21.CC1CCc2c(Cl)ccnc21.Clc1ccnc2c1CCC2.O=C1CCc2c(Cl)ccnc21.O=CO[O-].O=P(Cl)(Cl)Cl.OC1CCc2c(Cl)ccnc21.OC1CCc2c(Cl)ccnc21.[K+].[K+].[O-][n+]1ccc(Cl)c2c1CCC2.[O-][n+]1cccc2c1CCC2.c1cnc2c(c1)CCC2,False
CC(=CC1C(C(=O)OC2CC(C)CCC2C(C)C)C1(C)C)CO,False
Cc1cc(CC=O)ccn1,False
C=CC(=O)CC1CCOCC1Nc1ncc2cc(-c3c(Cl)c(OC)cc(OC)c3Cl)nc(NCCCCN(C)C)c2n1.C=CC(=O)CC1CCOCC1Nc1ncc2cc(-c3c(Cl)c(OC)cc(OC)c3Cl)nc(NCCCCN3CCCC3)c2n1.C=CC(=O)CC1CCOCC1Nc1ncc2cc(-c3c(Cl)c(OC)cc(OC)c3Cl)nc(NCCCCNC(C)C)c2n1.C=CC(=O)CC1CCOCC1Nc1ncc2cc(-c3c(Cl)c(OC)cc(OC)c3Cl)nc(NCCN3CCN(C)CC3)c2n1,False
COc1cc(N=Nc2ccc(S(=O)(=O)O)cc2)ccc1N=Nc1ccc2c(S(=O)(=O)O)cccc2c1O.[Na+],True
COc1ccc(CN2C(CCCOCc3ccccc3)CC(=O)C3=CCCCC32)cc1,False
Cc1ccc(NS(=O)(=O)c2ccccc2C(=O)N2CCN(Cc3cnc[nH]3)c3ccccc3C2)cc1,False
COCCOCC(=O)NCC1COCCN1,False
CCNCc1ccc(CN2CC(C)CC(C)C2)cc1OC,True
Cc1cc2c(N(C)c3ccc(C(=O)O)cc3)ncnc2s1,False
COC(=O)c1ccc(OCC(OC)OC)c(C=O)c1.O=Cc1cc(C(=O)O)ccc1CO,False
CCC(CCCN(C)C(C)CC(C)C)(NC1CC1)C(=O)O,False
Cc1cc(=O)n(CCCCCCO)c(O)c1C#N,False
CC(C)C(C(=O)NCCc1ccc(N)cc1)N1CCCCC1.Cl.Cl,False
C=CC(Cl)CN,True
CC.CCCCC(CC)Cc1ccc(-c2c3ccsc3c(-c3ccc(CC(CC)CCCC)s3)c3ccsc23)s1.CN,False
Cc1c(-c2cccc3c2SC2(C)C(c4oc(-c5c6c(c(-c7oc(-c8cccc9c8oc8c(-c%10cccc(-c%11ncnc%12ccccc%11%12)c%10C)ccnc89)c(C)c7C)c7ccccc57)C=CCC6)c(C)c4C)=CC=CC32)cccc1-c1ncnc2ccccc12,True
Nc1ncc(-c2cc(N3CCOCC3)nc(N3CCCC3)n2)cn1,True
COc1nc(-c2cccc(-c3cccc(-c4cc5c(=O)n(C)c(CN6CC(C)(O)C6)nn5c4)c3Cl)c2Cl)ccc1CNCC1(SC)CCC(=O)N1,False
C=C(C=CC(=CC)c1cnc2ccc(NC3CCN(C)CC3)nn12)C(=O)O,False
Cc1c(NCCN2CCNCC2)cccc1[N+](=O)[O-],True
CC1C(O)C(COP(=O)(O)n2ccnc2)OC1[n+]1cn(CCOc2ccc(Cl)cc2)c2c([O-])nc(N)nc21,True
CCCn1cc(Cl)cc1C(=O)NCCCC(C)O,False
C=CC=CCNC(C=C(N)c1ccccc1O)=C(N)N.CC.N=CC(=CN)C1CCC(N2CC3(CNC3)C2)CC1,True
COCCNCC(=O)N1CCCc2cc(C(C)C)ccc21.Cl,False
CCc1csc(CC)c1N(C(N)=O)S(=O)(=O)N(c1cnn(C)c1)C1CCCN(C)C1,False
CCCC(=O)NC(C(=O)N1CCN(C(c2ccccc2)c2ccccc2)CC1)C(C)C,False
CC1OCCC1N(C)c1ncc(Br)cc1CN,True
Cc1ncsc1CCOc1cc(N)nc(C(C)C)n1,True
O=CC1CCCN1OSn1c2ccccc2c2cc(N(c3ccccc3)c3ccc(C=Cc4ccccc4)cc3)ccc21,False
C=CCC1CC(C)CC=C1I,False
CCCNc1ncc(S(=O)(=O)NCCC)cc1Cl,True
O=c1[nH]c(C[NH+]2CCCCC2)nc2sc(-c3ccccc3)cc12,False
COC(=O)c1ccc2c(c1)S(=O)(=O)CC1(CCCC1)CN2,False
Cc1ccc(C)c(C(=O)CCC(=O)OCn2nnc3ccccc3c2=O)c1,False
CCc1oc(C(=O)NCC2CCCOC2c2ccc(C)cc2)cc1C(=O)O,False
CC(C)c1c(-c2ccnc3c2cnn3C(c2ccccc2)(c2ccccc2)c2ccccc2)[nH]c2ccc(NC(=O)O)cc12,False
CC1CC(C2=CCC=C2)NS(=O)(=O)O1,True
O=C(O)C(O)c1ccc(CBr)c(CCCCl)c1,False
CC(NC(N)=NCc1ccnc2ccccc12)c1ccc(Cl)cc1Cl.I,False
O=CC(=O)C1NCOC1c1ccc(Oc2ccccc2)cc1,False
C=CC=CC=CC(=C)C(=C)C=CC=CC,False
CCOC(c1ccc(Cl)cc1)(c1c(C)cccc1Cl)N(C=O)Cc1ccc([N+](=O)[O-])cc1,False
COC(=O)CC(C)N(C)CCC=CB1OC(C)(C)C(C)(C)O1,False
c1cc(CSCc2ccncc2)ccn1,False
COCCN(CCBr)Cc1cc(C)nc2ccccc12,True
COc1cc(C(C)(C)C=O)cc(OC)c1O,False
C.CC(C)(C)SSC(COc1cccc(C(=O)O)c1)OCCO.CCOC(=O)c1cccc(OCC(OCCO)SSC(C)(C)C)c1,False
FC1(F)CCC(c2nc(C3CNCCO3)no2)CC1,False
CCOC(=O)C1=C(C)NC(C)=C(C(=O)OCC)C1C(=O)OCC(=O)Nc1nc(-c2ccc(C)cc2)cs1,False
Cc1cnc(CN(C=O)C(C=CN(C)C)=C2CCC2)cc1C,False
COc1cc(C(c2ccc(Cl)cc2)N2CCCC2C(=O)O)ccc1OCc1ccccc1,False
CNc1nc(Cl)ccc1C=O,False
CCOc1cc(C=C(C#N)C(=O)Nc2ccc(OC)cc2[N+](=O)[O-])cc(Cl)c1OC(=O)c1ccc(OC)cc1,False
CCC(C)OCC(=O)c1ccccc1OC,False
O=C(O)C(O)(CO)Cc1ccco1,False
Oc1cc(Oc2ccc(-c3nc4ccccc4[nH]3)cc2)ccc1Cl,True
CN1CCCc2cc(C(O)CCCS(C)(=O)=O)ccc21,True
Cn1c(=O)oc2ccc(-c3ccc4[nH]c(CC(C#N)NC=O)cc4c3)cc21,False
COCCOCCN1CCN(C(=O)c2cc(C)sn2)CC1,False
CCOc1ncccc1NCc1ccccc1F,False
CCc1nn(CC)c(CN2CCCC(C=O)C2)c1Br,False
O=C1CCN(Cc2cccc3ccccc23)CC1,False
O=CCCCC#CC(=O)O,False
C=C(N)c1cc(CC)c2c(c1)c1cnc(-c3cc(C)nn3CC)nc1n2CC=CCn1c2cc(-c3cc(C)nn3CC)ncc2c2cc(C=O)cc(OCCCO)c21,False
C=CCOCC(C=O)(Cc1ccc(OC(=O)NC(CCNC(=O)OC(C)(C)C)C(=O)O)cc1)NC(=O)OC(C)(C)C,False
CC(C1CCN(Nc2nc(NC3CCC(N)CC3)nc3c2ncn3C2CCCC2)CC1)S(=O)c1ccccc1,True
NCc1cc(S(=O)(=O)NCC2CCCCS2)cs1,True
Cc1cc(O)cc(=O)n1CCn1ccnc1,False
Cc1nn(CC(C)C)c(Cl)c1C1CCCN1C(=O)C(C)Cl,False
N#CC(=C1CCN(C=O)CC1)c1ccccc1,False
C=C(Cl)COc1ccc2c(-c3ccccc3)cc(=O)oc2c1,False
CCCCCCC(C(=O)O)(C(CC)C(=O)O)S(=O)(=O)O,False
O=C(O)C(=O)O.c1ccc2c(c1)CCCO2,False
CC(C)(C)OC(=O)N1C(CNc2ccccc2NCC23CC4CC(CC(C4)C2)C3)COC1(C)C,False
CC1(C)C(=O)N(C2C3CC4CC2CC(OC=O)(C4)C3)C1c1ccnc2ccccc12,False
CC(=Cc1cc2ccccc2o1)CBr,True
CC(c1cc2c([nH]1)NC(=O)C21Cc2cc(C(=O)NC3CC(c4ccccc4)C(C)N(CC=O)C3=O)cnc2C1)C(C)N(C(=O)OC(C)(C)C)C(=O)OC(C)(C)C,False
CN1CCC(N2CCN(C3(CC=O)CC(N4CCc5ccccc5NC4=O)CC[N+]3(Cc3ccc(Cl)c(Cl)c3)C(=O)O)CC2)CC1,False
CCn1c(C(=O)O)c(C)c2cc(C(C)C)ccc21,False
COc1ccc(CCCNS(=O)(=O)c2ccc(C(=O)C3CC3)cc2)cc1,False
C=CC.CC.CC1=CC(c2c(O)cc(OS(=O)(=O)C(F)(F)F)cc2O)CCC1,False
CCNC(C)c1cccc(F)c1N1CC2CCC(C1)O2,False
CN(C(=O)c1cccc(C(=O)N2CCN(C=O)CC2)n1)c1ccccc1,False
CNCCCO.COc1ccc(CN(Cc2ccc(OC)cc2)S(=O)(=O)c2cc(C=O)n(C3CC3)n2)cc1.COc1ccc(CN(Cc2ccc(OC)cc2)S(=O)(=O)c2cc(CN(C)CCCO)n(C3CC3)n2)cc1,False
N#Cc1ccc(N2CC(CCN)c3ccccc32)nc1,False
Cc1cc(CN2CCC(C(N)=O)CC2)nn1C,False
Cc1cccc(-c2nccc3c2cc(C(=O)O)n3CCOc2ccc(OC3CCOCC3)cc2)c1,False
CCOc1cc(C=c2sc3n(c2=O)C(c2ccccc2Cl)C2=C(N=3)c3ccccc3CC2)ccc1OCc1ccccc1C#N,False
O=CNCC(=O)c1ccc(N2CCOCC2)cc1,False
CC(C)(C)OC=O.CN(CC1CCNCC1)c1cc(NCc2ccc3c(c2)OCO3)ncn1,False
CCC.CN1CCOc2ccncc21,True
CNC(=O)C(C)(C)CCCCC=O,False
CCC(C)C(C)n1c(N)nc2c(Cl)cccc21,False
CC(=O)C(NC(=O)COc1ccc(C=O)cc1Cl)C(C)C,False
CC(=O)Nc1ccc2cc3c(cc2c1)C(C=O)CCC3,False
CC=Cc1c(C(=CO)C(=O)Cl)ccc(O)c1C(=O)Cl,False
Cc1cc(C(=O)NCC2(c3ccc4c(c3)OCCO4)CCCC2)ccc1-n1cnnn1,False
CC(C)(C)[Si](C)(C)OC1CC=C(c2ccc(C(N)=NC=N)[nH]2)CC1,True
CNc1ccc(S(=O)(=O)N2CCC(C(=O)O)CC2)cc1[N+](=O)[O-],False
N=C(N)c1csc(CNC(=O)C2CC3(CN2C(=O)CN(C=O)c2ccc(Oc4ccccc4)cc2)OCCO3)c1,False
CC(C)Cc1cccc(C(NN)c2cc(Cl)ccc2I)c1,False
Cc1cn(C2CC(OP(=O)(O)OCC3OC(n4cnc5c(=O)[nH]c(N)nc54)C(O)C3OP(=O)(O)OCC3OC(n4ccc(N)nc4=O)C(O)C3O)C(COP(=O)(O)OC3C(COP(=O)(O)O)OC(n4cnc5c(N)ncnc54)C3O)O2)c(=O)[nH]c1=O,False
O=C(NCc1ccccc1)c1cccc2c1C1C3C=CC(C3)C21,False
NC(=O)CC(O)C(O)c1ccc(Cl)cc1C=O,False
NCCc1ccc(Sc2ccc3c(c2)OCCO3)c(Cl)c1,True
Fc1ccc2c(c1)CC(n1ccc3ccsc31)CN2,False
Cc1oc2ccc(Br)cc2c1C(=O)N1CCN(C(=O)c2ncn(-c3ccccc3)n2)C(C)(C)C1,False
CCc1n[nH]c(=O)c(CNC(=O)NCC(C)c2ccsc2)c1CC,False
CC(C)C1NC(=O)C(CC(=O)OCc2ccccc2)Cc2ccc3c(c2)C2(c4ccccc4NC2O3)c2oc1nc2-c1nc(C=O)co1,False
CN(C)c1ccc(Nc2ccnc(C(=O)NCc3ccccn3)c2)cc1,False
CC=C(C)C(=O)OCCOP1(=S)OCCO1,False
Cc1ccc(-c2ncccn2)c(C(=O)N2C3CS4(C3)Oc3ccccc3NC(=O)C24)c1,False
CC(OC(=O)CC(O)C(=O)OC1=CCC2(O)C3Cc4ccc(O)c5c4C2(CCCN3C)C1O5)C(=O)O,False
CCCNc1ccncc1C(=O)N(CCO)CCOC,False
CNC(=O)CN1CCC(Nc2cc(C#N)c3cc([N+](=O)[O-])ccc3n2)CC1,False
CCNC(=NCCCOCCc1ccccc1)N1CCC(O)C1.I,True
CC(C)(C)OC(=O)NCCC(=O)Nc1ccc(CNC(=O)c2ccc(C(C)(C)C)cc2)cc1,False
Cc1c(C2OCCO2)sc(C(F)F)c1Br,False
COCCn1cnc2c1c(=O)n(CC(=O)NNC(=O)C1CC1)c(=O)n2Cc1ccccc1,False
N=C(Cl)C(Cl)=CC=O,False
Nc1c(Nc2ccc(Oc3ccccc3)cc2)ncnc1NC(c1ccccc1)c1ccccc1,True
CCCCCCC(Br)(C=O)CCCCCC,False
O=C(Nc1cccc(C=Cc2ccccn2)c1)c1cc(S(=O)(=O)N2CCCC2)ccc1Cl,False
Clc1cccc2[nH]c(-c3ccc4c(c3)NCC4)nc12,False
C=C(NC1=C(C)C(=O)NCC1)c1ccnc(-c2ccc(OCCC)c(C)c2)n1,False
C=CC=CC(=C)CN1CCC(n2c(Nc3ccc(OC)cc3)nc3ccc(C(=O)N(CCC(C)C)CCC(C)C)nc32)CC1,False
CN(C)c1cc(C(=O)Nc2cccc(NC(=O)NCc3ccncc3)c2)ccn1,False
CCC(c1nnnn1C(C)(C)C)N(Cc1cccs1)Cc1cc2cc(C)cc(C)c2[nH]c1=O,False
FC(F)(F)C(F)(F)C(F)(F)C(F)(F)C(F)(F)C(F)(F)[Si](Cl)(Cl)C(F)(F)C(F)(F)C(F)(F)C(F)(F)C(F)(F)C(F)(F)F.FC(F)=C(F)[Si](Cl)(Cl)C(C(F)(F)F)(C(F)(F)F)C(F)(F)F.FC(F)=C(F)[Si](Cl)(Cl)C(F)(F)C(F)(F)C(F)(F)C(F)(F)C(F)(F)C(F)(F)C(F)(F)C(F)(F)F.FC(F)=C(F)c1c(F)c(F)c([Si](Cl)(Cl)c2c(F)c(F)c(F)c(F)c2F)c(F)c1F,False
O=Cc1c(Sc2nccs2)nc2ccccn12,False
CC(N)C1CN(c2ccc(C(F)(F)F)nn2)CCO1,False
C=C(C)C(=O)O.C=C(C)C(=O)OCCCC.C=C(C)C(=O)OCCOC(=O)C(=C)C.C=Cc1ccccc1,False
CN(CC1CCC1)S(=O)(=O)c1cccc2ccccc12,True
C=CC(=O)N1CCN(c2nc(C)nc3c2CCN(c2cccc4cccc(C)c24)C3)CC1CC#N,False
CS(=O)(=O)NC=C(c1ccccc1)c1ccc2cccccc1-2,True
COc1cccc(-n2c(-c3ccccc3)cc(C(=O)NCCCN3CCCCC3C)c2C)c1,False
Cc1c(CC(=O)O)c2cc(O)ccc2n1C.O=Cc1ccc(Cl)cc1,False
COc1ccc(-n2nc(C=O)c(=O)cc2C)c(OC)c1,False
CC(C)C(CCO)Nc1cc(N)nc(C(F)(F)F)n1,False
CN1CCN(CCOc2ccc(O)c(C=O)c2)CC1.CNc1cc(-c2ccccc2)ccc1C(C)=O,False
O=CCCCc1cn(C(CO)(CO)COCC(CO)CO)nn1,False
CCOc1ccccc1-c1nn(CC)cc1C=O,False
Cc1cccc(N)n1.Cc1cccc(NC(c2cc(Cl)cc(Cl)c2)c2cc(Cl)c3cccnc3c2O)n1.O=Cc1cc(Cl)cc(Cl)c1.Oc1ccc(Cl)c2cccnc12,False
Cn1c(=O)n(C2CCC(=O)NC2=O)c2cccc(CNCCCCCc3cn(Cc4cccc(N5CC6CC5CN6C=CC(=O)c5ccccc5O)n4)nn3)c21,False
C.CCC.O=Cc1ccc(CCCCOPI)cc1,False
CC1C2=C(CCC1OC(=O)C1=CCC(OCCCOC=O)CC1)CC(C=O)CC2,False
CC(c1nccs1)n1c(=S)[nH]c2cc(I)ccc21,False
Cc1cc(Cl)cc(C)c1OCC(=O)NCc1ccc(CN2CCOCC2)cc1,False
CCNC(=NCCOCc1cccc(Cl)c1)N1CCC2(CCOC2)C1.I,True
COc1ccc2c(c1)nc1n2C(CNC(=O)COc2ccccc2)COC1,False
CC(C)(C)OC(=O)NCC=CCNC(=O)NCCCc1c[nH]c2ccccc12,False
COCCN(CC(C)C)CC1(O)CCCCC1,True
O=C(O)C=Cc1nccc2cc3c(cc12)OCCO3,False
N.N.O.O=S(O)O,True
CC(C=O)CN1CCC(N(C)C(=O)c2cc3ccccc3cc2C(=O)C(c2cccc3ccccc23)P(=O)(O)O)CC1,False
CCCCCCOc1ccc(N2C(=O)CC(N3CCC(=O)CC3)C2=O)cc1,False
CN(C)CCN(C)c1ccc(C=O)c(O)c1,False
O=C(NCC1CCCCC1)c1ccc(CN2CCc3ccccc3C2)cc1,False
O=C1c2ccc3c4ccc5c6c(ccc(c7ccc(c2c37)C(=O)N1c1ccc2ccccc2c1)c64)C(=O)N(c1ccc2ccccc2c1)C5=O,False
Cc1c(Cl)cccc1-c1c(C#N)c(O)c(OS(N)(=O)=O)c(-c2cccc(Cl)c2C)c1OS(N)(=O)=O,True
CC(C)Cc1noc(C2C(C(=O)O)C2(C)C)n1,False
CC.CC.CN1CCC2CCC(=NNC=O)CC21.COc1ccccc1OC.Cc1ccc(Cl)cc1,False
CC=CCCNC(=O)c1cc(C)nc(Cl)c1,False
CS(=O)(=O)c1ccc(Cn2ccccc2=O)cc1,False
CCCCC(=O)N1CCN(c2nc(C3CC3)c(-c3cccc(NC=O)c3)cc2C#N)CC1C,False
C=CCOC1CCC(C(=O)[I-]C)CC1,False
COc1ccc(CNC(=O)CCC(C)N)c(OC)c1OC,False
COCCCNC(=O)COc1c(Cl)cc(Cl)cc1C=O,False
COc1ccc(NC=Nc2c(I)c(C)nn2-c2ccccc2)cc1,True
O=CCC(c1ccccc1)C1CCCCCCC1=O,False
C=CC1=C(C)c2cc3[nH]c(cc4nc(cc5[nH]c(cc1n2)c(C)c5CCC(=O)NCC(=O)OCCSSCC(CC(=O)C(CCCNC(=N)N)CC(=O)C(CCCNC(=N)N)CC(=O)CCC(NC(=O)c1ccc(NCc2cnc5nc(N)[nH]c(=O)c5n2)cc1)C(=O)O)C(=O)O)C(CCC(=O)OC)=C4C)C1(C)C3=CC=C(C(=C)OC)C1C(=O)OC.C=CC1=C(C)c2cc3[nH]c(cc4nc(cc5[nH]c(cc1n2)c(C)c5CCC(=O)NCC(=O)OCCSSCC(CC(=O)C(CCCNC(=N)N)NC(=O)CC(NC(=O)C(CCCNC(=N)N)CC(=O)CCC(NC(=O)c1ccc(NCc2cnc5nc(N)[nH]c(=O)c5n2)cc1)C(=O)O)C(=O)O)C(=O)O)C(CCC(=O)OC)=C4C)C1(C)C3=CC=C(C(=C)OC)C1C(=O)OC.C=CC1=C(C)c2cc3[nH]c(cc4nc(cc5[nH]c(cc1n2)c(C)c5CCC(=O)NCC(=O)OCCSSCC(CC(=O)CCC(NC(=O)c1ccc(NCc2cnc5nc(C)[nH]c(=O)c5n2)cc1)C(=O)O)OC=O)C(CCC(=O)OC)=C4C)C1(C)C3=CC=C(C(=O)OC)C1C(=O)OC,False
O=CC1=C(C(=O)Nc2sc3ccccc3c2-c2nc(C3CC3)no2)CCC1,False
Cc1cc2c(C)c(CC(=O)NCCN(C)C)c(=O)oc2c(C=O)c1O,False
COCN(C)C=CC(=O)NC=O,False
CC(C)(C)OC(=O)n1cc(C=O)c2ccccc21.CC(C)(C)OC(=O)n1cc(CO)c2ccccc21,False
CP(c1cc(C(C)(C)C)cc(C(C)(C)C)c1)c1cc(C(C)(C)C)cc(C(C)(C)C)c1,False
O=C1CCCc2oc3cc(Cl)ccc3c(=O)c21,False
CCC=CCC=CCC=CCC=CCC=CCC=CCC=CCC=CCCCCCCCCCCCCC(=O)OCC(COC(=O)CCCCCCC)OC(=O)CCCCCCCC,False
O=C(NCC(O)CO)c1cc(C(O)CO)cc([N+](=O)[O-])c1,False
C=CC.C=CC(=O)NCCCCC(NC=O)C(=O)O,False
IC=C(c1ccccc1)c1ccccc1,False
Cc1nc(C)c(C(C)N(C)C2(CC(=O)O)CCCCC2)s1,False
Cc1ccc(CC(=O)OC(C)C(=O)Nc2ccc(C)cc2)cc1,False
CCOc1nc(NN)nc(N2CC(C)C(C)C2)n1,True
N#Cc1c(COC(=O)COc2ccc(Cl)cc2)cn2ccccc12,False
C=CC.COC(=O)c1ccc(C2=CCC3(C)C(CCC4(C)C3CCC3C5CCCC5(C=O)CCC34C)C2(C)C)cc1.COS(C)(C)C(C)(C)C,False
Cc1ccc(C2(c3ccc(C)cc3)C3CC4CC(C3)CC2C4)cc1.Cc1ccc(C23CC4CC(C2)CC(C25CC6CC(CC(c7ccc(C)cc7)(C6)C2)C5)(C4)C3)cc1.c1ccc(C23CC4(c5ccccc5)CC(c5ccccc5)(C2)CC(C25CC6(c7ccccc7)CC(c7ccccc7)(CC(c7ccccc7)(C6)C2)C5)(C3)C4)cc1,False
CC1CCN(C(=O)c2n[nH]c(C3CC3)c2N)C1CO,False
COc1ccc(-[n+]2[nH]oc(=O)c2C([O-])=Nc2sc3c(c2C#N)CCN(Cc2ccccc2)C3)cc1,False
COc1ccc(C(Br)c2cccc(Cl)c2F)c(C)c1,False
CCC1CCCN1S(=O)(=O)c1cccc(CO)c1,True
O=Cc1cc(OC(=O)C2CCC(C3CCC(C(=O)Oc4ccc(OC(=O)C5CCC(C6CCC(C(=O)Oc7ccc(OCCCCCCO)c(C=O)c7)CC6)CC5)cc4)CC3)CC2)ccc1OCCCCCCO,False
CCc1ccc(C(C)NC(=O)CN(CC(C)O)c2ccccc2)cc1,False
CCCCCCC(c1ccccc1)C(C=O)(C=O)C(C)(C)O,False
CC=CC=CC(=O)N(CCCOC)C1CCS(=O)(=O)C1,False
Cc1cc(NCc2nc3ccccc3s2)cc(C)c1Br,False
CC1(C)CC(Nc2ccccc2)C(C(=O)I)C1,False
C=Cc1ccc(N)cc1.O,True
COc1ccc2occ(C(=O)Nc3ccc(C)cc3)c(=N)c2c1,False
COC(C=O)(C(=O)O)c1cccc([N+](=O)[O-])c1,False
CCCCCCCC[Si](Cl)(CCCC)OCC,True
C=C(C)C(C)C.CC.CC.CC.CC.CC.CC.CC.CC.CC.CC.CC.CC.CC.CC.CC.CC.CC.CC.CC.CC.CC.CC.CC.CC.CC.CC.CC(C)=C(C)C.CC(C)=C(C)C.CC(C)=C(C)C.CC(C)=C(C)C.CC(C)=C(C)C.CN(CCCSSCCCN(C)c1ccccc1)c1ccccc1.C[n+]1ccccc1.C[n+]1ccccc1.C[n+]1ccccc1.C[n+]1ccccc1.NCCCSSCCCN.Nc1ccccc1.Nc1ccccc1.c1cc[n+](CCCSSCCC[n+]2ccccc2)cc1.c1ccc2c(c1)CCCC2.c1ccc2c(c1)CCCC2,False
NC(=O)C(NCc1ccncc1Cc1ccncc1)c1cccc(Cl)c1Cl,False
Cc1nccc(N2CCN(CC(=O)O)C(=O)C2)n1.O=CO,False
O=C(NCc1ccncc1)c1cccc2c1OCCC2NCc1cncn1Cc1ccc(-c2csnn2)cc1,False
CCC(O)(c1ccc(OCCCN2CCN(C(c3ccccc3)c3ccccc3)CC2)cc1)c1ccccc1OC,True
CCCC1=C(C(=O)OCC)C(c2cc(Br)ccc2OC)n2c(sc(=Cc3ccc(-c4ccc(OC)cc4[N+](=O)[O-])o3)c2=O)=N1,False
CC=CC=C(C)C(=O)CCCC(CCC)C(CCc1ccc(C)c(C=CCc2cccc(C(C)(C)C)c2)c1)CC(C)=O,False
O=C(O)c1cc2c(o1)CCc1nnsc1-2,False
CCOC(=O)Cc1cc2c(C=O)sc(-c3ccc(N(c4ccc(C)cc4)c4ccc(C)cc4)cc3)c2s1,False
Cc1cccc(C=O)c1Br,False
Cc1ncsc1CCSc1ccc(CNC2CC2)cc1,False
COc1nc(NCCc2ccccc2)c2cnn(C3CCCCO3)c2n1,True
C=CC=C(C=CC)Cn1cnc(C(N)=O)n1,False
CCOC(=O)N1CCC(C(C)(C=O)NC(=O)OC(C)(C)C)CC1,False
CN=C(NCC1(c2ccccc2OC)CC1)N(C)Cc1ccccc1OC,True
C=CC(=O)OC(C=O)(C1=CCCC1)C1=CCCC1,False
CC1CCCN(c2nn3c(C(=O)NCCCN4CCCCCC4)cc(=O)nc3s2)C1,False
Cc1ccc(-c2nccc3oc(C)cc23)cc1,True
CC(=O)c1ccc(Nc2ccnc(C(=O)N3CCN(C=O)CC3)c2)cc1,False
CCOC(=O)C(NC=O)C(O)c1cccc(C2CC2)c1,False
O=C(NCCCN1CCN(c2ccccc2)CC1)C1CC(=O)N(c2ccccc2)C1,False
Cc1cc(OCc2ccc(C(=O)NN=Cc3ccsc3)cc2)ccc1Cl,False
Cc1ccc(N2C(=O)CCC(C(=O)OCc3cc(=O)n4ccc(C)cc4n3)C2c2cccs2)cc1,False
CCC[N+]1(C(C)Cc2cccc(NC(=O)c3cccc(OC)c3)c2)CCC(C(N)C(=O)N2CCOCC2)CC1,False
CC[Si](CC)(CC)OC1CCC2(C)C(C(Cc3cc(C)c([Si](C)(C)C(C)(C)C)o3)OC(=O)c3cc(Br)cc(Br)c3)C(=O)CC2C12CCC1C(C)(C)C(O[Si](C)(C)C(C)(C)C)CCC12C,False
CCOc1ccc(C(=NN=C([S-])N(CC)CC)C(=NN=C([S-])N(CC)CC)c2ccccc2)cc1.[Cu+2],True
Cc1cc(-c2cn(-c3ccc(C4CC4(CO)S(N)(=O)=O)cc3N3CCC4(CC3)CC4)nn2)cc(N2CCC(F)(F)CC2)n1,False
CC(C)(C)OC(=O)OC(=O)C(Cc1ccccc1)CC(N)C(=O)NCC=O,False
CC(C)(C)OC(=O)N(C(=O)OC(C)(C)C)N(C(=O)OC(C)(C)C)C1CCOC1,False
CC.CCC(CC)[N-]c1cc(C=O)ncn1.CN.[K+],False
CC(C)n1nc(-c2noc(C3CC3)c2-c2ncc(C3CCN(C)CC3)cn2)c2c(N)ncnc21.CCOC(OC)C1CC2(CC(OC=O)C2)C1,False
CCCCCCCC(=O)Nc1ccc(Cl)c(-c2c3nc(c(-c4c(Cl)ccc(NC(=O)CCCCCCC)c4Cl)c4ccc([nH]4)c(-c4c(Cl)ccc(NC(=O)CCCCCCC)c4Cl)c4nc(c(-c5c(Cl)ccc(NC(=O)CCCCCCC)c5Cl)c5ccc2[nH]5)C=C4)C=C3)c1Cl,False
CCN(c1ccc(Cl)cc1C=O)C1CCCCC1,False
CCOC(=O)C1=C(CN2CCOC(COCC=O)C2)NC(c2nccs2)=NC1,False
Cl.NC(=O)C1COCCN1C(=O)C1CNC1,False
Cc1ccc(C(O)(c2ccc(C)cc2)C(F)(F)F)cc1,False
Cc1ccc2c(CC(C)(C)C)c3c(c(C)c2c1)-c1c2c(cc4cccc(CC(C)C)c4c2cc[n+]1C)S3,False
CC(=O)SCCC(C)NC=O,False
c1ccc(-c2nc3ccccc3c3c2cc(-c2ccc(-c4nc5ccccc5n4-c4ccccc4)cc2)c2oc4ccccc4c23)cc1,True
CCC(C)(C=O)C(C)(C)C=O,False
O=Cc1c(-c2ccncc2)n[nH]c1C1CC1,False
COc1ccccc1CCNCc1c(C(=O)O)n(Cc2ccc(C)cc2)c2cc(C)ccc12,False
Cc1ccc2c(CCC(=O)O)c[nH]c2c1C,False
COc1cc(CN2CC(C=O)NS2(=O)=O)cc(OC)c1OC,False
CC(C)(C)c1cc(C=O)nn1Cc1ccccc1,False
COc1ccc(S(=O)(=O)C=Cc2ccc(C)cc2)cc1,True
C=CCNC(=O)C(=O)C(NC(=O)C1C(C(C)C)CCN1C(=O)C(NC(=O)NC(C(=O)C1CC1)C(C)(C)C)C(C)(C)C)SCCCCC,False
Cc1c(C(=O)O)cn2ncc(C#N)c(Nc3ccc(Oc4ccccc4OC(C)(C)C(=O)NCCO)cc3)c12,False
COc1cc(C(=O)Nc2cc(C)c3nc(C)nn3c2)cc(OC)c1OC,False
CNC(=O)CCC(C=O)N1C(=O)c2cccc(NC3CCN(CCn4cc(C#Cc5sc6c(c5C)C(c5ccc(Cl)cc5)=NC(C)C(=N)N6C(C)=N)cn4)CC3)c2C1=O,False
COc1ccc(CC(=O)NC(C)CCC(C)C)c(OC)c1OC,False
O=C1c2cc(Br)cnc2CN1CC1CC1,False
CN=C(NCCc1ncc(C)s1)N(C)Cc1cccc(F)c1,False
O=CC1CNNCCN1,False
CCC(CC)(C(Cc1ccc(F)cc1)NC)N(C)C,False
Nc1c(Cl)cccc1C(=O)N1CCC2(CCNC2)C1,False
CCCCCCCCOCC(O)CN1CCNC(=O)CNCC(=O)NCC1,False
Cn1cc(-c2cc(Oc3cccc(N)c3)ccn2)cn1.Cn1cc(-c2cc(Oc3cccc(NC(=O)c4cccc5cc[nH]c45)c3)ccn2)cn1,False
CC(=O)c1ccc(-c2ccc(C=O)o2)s1,False
CC1(c2ccccc2Br)NC(=O)N(Cc2ccccc2C#N)C1=O,False
C[n+]1[c-]n(-c2cccc(F)c2)cc1,False
Cn1c(=O)n(CC(C)(C)C)c2ccc(N3CC(NC(=O)C4CCCC4)Cc4ccccc43)nc21,False
O=C(OC(CCO)CC(O)CO)C(Cc1ccc(OCc2ccccc2)c(OCc2ccccc2)c1)N(Cc1ccccc1)Cc1ccccc1,False
CC(=O)OC(C)=O.CCc1ccc(C#N)c(Cl)n1.COC(=O)CS.COC(=O)c1sc2nc(CO)ccc2c1N.Cc1ccc(C#N)c(Cl)[n+]1[O-].Cc1ccc(C#N)c(Cl)n1.N#Cc1ccc(CO)nc1Cl.Nc1c(C(=O)O)sc2nc(CO)ccc12.O=CO[O-].[K+].[K+].[Li+].[OH-],False
CCC(CC(O)C1=CCc2ccccc21)C1=CC=CC1,True
COc1ccc(-c2cn3c(CCC(=O)Nc4ccc(C)cc4C)csc3n2)cc1,False
COC1CCC2C(C1)CC1C(CO)N(C(=O)C3CCCCC3)CC3(CCN(Cc4nccs4)CC3)C21,False
CC(C)(C)[Si](C)(C)OC1CC2C(O)CC(c3ccccc3)C(=O)N2C1,False
CCOCCCNCc1ccc(OCc2ccc(Cl)c(Cl)c2)c(OC)c1.Cl,True
COc1ccc(-c2c(C=O)cc(OC)cc2OC)cc1,False
CC(C)=CCCC(C)CC[N+](C)(C)C,False
Clc1ccc(Cl)c(-c2csc(-c3ccccc3Br)n2)c1,False
CC(=O)c1ccccc1NC(=O)COC(=O)c1cncc(Br)c1,False
CC=Cc1ccc(C(OC)=C2C3CC4CC(C3)CC2C4)c(Cl)c1OCc1ccc(OP(C)(C)=O)cc1,True
Cc1cc(-c2cc(C#N)ncn2)n(C)n1,False
CCc1ccc(N=Cc2ccccc2OCc2ccc([N+](=O)[O-])cc2)cc1,True
C#CCNCC(c1ccccc1)c1ccccc1.C#CCNCC(c1ccccc1)c1ccccc1.O=CC(c1ccccc1)c1ccccc1,False
c1ccc(-c2ccccc2-c2nc(-c3cccc(-n4c5ccccc5c5c6cccc7c6n(c54)-c4ccccc4S7)c3)nc(-c3ccc4oc5ccccc5c4c3)n2)cc1,True
O=Cc1cccc(-c2cc3ccccc3n2S(=O)(=O)c2ccccc2)c1-c1cc2ccccc2n1S(=O)(=O)c1ccccc1,False
CN(C(=O)c1cccc(S(=O)(=O)Cl)c1)C1CCCCC1,False
C=CC(=O)N1CCN(C(=O)c2cnn3ccc(C)cc23)CC1CC,False
COc1ccc(C)c(C23CCN(C)C(C)C2(O)CCC(C(=O)NC=O)C3)c1,False
O=S(=O)([O-])[O-].[Fe+2].[O]=[Al][OH],True
CONC(=O)CN1CCC(N2CCN(C3(CC=O)CC(N4CCc5ccccc5NC4=O)CC[N+]3(Cc3cc(Br)c(O)c(Br)c3)C(=O)O)CC2)CC1,False
CCOC(=O)CSc1nnc(N)n1C(C)C(=O)NCCc1ccccc1,False
N#CCCCN1C(C(=O)O)CC2CCCCC21,False
CC=C(C(=O)O)C(=O)C=C1CC(C)C(c2ccccc2)Cc2cc(COCCCC)c(C)cc21,False
CCCc1ccc(OC(C=O)CO)c(OC)c1,False
CNC1(NC=O)c2ccccc2SC1c1ccccc1,False
CCCNC(C)C(CC)c1nccnc1C,False
COC(=O)CC1CCC2C3CC=C(c4cccnc4)C3(C)CCC2C1(C)CC(=O)OC,False
Cc1ccc(S(=O)(=O)N(C#N)C=Cc2ccccc2)cc1,True
C=CC(=O)N1CCOC1=O.C=CCC(C)C(=O)N1C(=O)OCC1Cc1ccccc1.C=CCC(C)C(=O)N1C(=O)OCC1Cc1ccccc1.CC=CC(=O)N1CCOC1=O.CCC(=O)N1C(=O)OCC1Cc1ccccc1,False
C=CC=C(C=C)Nc1cc(=O)c2ccc(COc3ccccc3)nc2n1C(C=CC)=CC=C,False
CN=C(NCc1cccc(CN2CCOCC2)c1)N1CCN(c2ccc(F)cc2)CC1.I,False
CC.Cc1cc(Cl)cc(-c2c(C)c(-c3ccc4c(c3)CCCO4)c(C(C)OC(C)(C)C)c(C)c2N)c1.O=CO.OC#CCO,False
CNC(=O)c1ccc(-c2cccc(CCC=O)n2)cc1,False
CC1CN(CC(N)=O)CCN1c1cccc2c1CN(C)CC2c1ccccc1.Cl.Cl.Cl,False
O=CC1(Cl)SSC=C1Cl,False
CCCC(C)C1OCc2nc(Cl)ccc2C1C,True
N#CCCN(CCC#N)C(=O)CSc1ncnc2ccsc12,False
CC=C(C)C(=O)OC1C2OC(=O)C(C)C2C2OC2C(C)C1(O)C(=O)CC(C)O,False
Cc1nc(C(=O)C(C)c2ccc(OCCCCCc3ccccc3)cc2)sc1CCCC(=O)O,False
CC1Cc2ccc(C=O)cc2C(C(=O)O)N1C(=O)OC(C)(C)C,False
CCOCCC(=O)NC(COCc1ccccc1)C(=O)Cc1ccc(Oc2ccccc2)cc1,False
C#C.CC=NN1C=CC(Oc2ccc(Nc3ncnc4cc(OC)c(NCCNCC5CS5)nc34)cc2C)=CC1.CCC,True
CC=C1C(O)CC(=CCP(=O)(c2ccccc2)c2ccccc2)CC1O.[Y].[Y].[Y],True
COC(=O)CCc1ccccc1OC1OC(CO)C(O)C(O)C1O,False
O=CCNC(=O)N1CCN(N=C2C=CSC2)C1=O,False
Cn1c(CNC(=O)C2Cc3ccccc3S2)nc2ccccc21,False
CC1(C)c2cc3ccccc3cc2-c2c(-c3cc(-c4ccc5cc(-c6cc(-c7ccc8sc9ccccc9c8c7)cc(-c7cccc8ccccc78)c6)ccc5c4)nc(-c4ccccc4)n3)cccc21,False
COCC(C)(C)CNCc1ccc2c(c1)CCC(N(C)C(=O)c1ccc(OCC3CC3)cc1)C2,False
C.C.C.C.CC(C)C(c1cc2ccccc2o1)C(C)(C)C.CC(C)C(c1ccc2c(c1)OCO2)C(F)(F)F.CC(C)C(c1ccccc1)C(C)(C)C.CC(C)C(c1ccco1)C(C)(C)C.CC(C)C(c1ccco1)C(C)(C)C.CC(C)C(c1cccs1)C(C)(C)C.CC(C)c1ccccc1.CC(C)c1coc(C(C(C)C)C(C)(C)C)c1.CC(C)c1coc(C(C(C)C)C(C)(C)C)c1.CC(C)c1coc(C(C(C)C)C(C)C)c1.CC(C)c1coc(C(C(C)C)C2CC2)c1.CCC(c1cc(-c2ccccc2)co1)C(C)C.CCC(c1cc2ccccc2o1)C(C)C.CCC(c1ccc(C)o1)C(C)C.CCC(c1ccco1)C(C)C.CCc1coc(C(C(C)C)C(C)(C)C)c1.Cc1ccc(C(C(C)C)C(C)(C)C)s1,False
CN(C(=O)C1(C)CCCS1)c1cccc(C#N)c1,False
O=Cc1ccc2c(c1)oc(=O)n2Cc1cccc(Cl)c1,False
C=C1CCNC1C(=O)OCc1ccccc1,False
Cc1cccc(NC(=O)CC(c2ccccc2)n2cccc2)c1,False
COCCN1C(=O)C(=O)C(=C(O)c2cc(C)c(OC)cc2C)C1c1ccc(C(C)C)cc1,False
[B]c1cccc2oc3c4c(ccc3c12)-c1cccc2cccc-4c12,True
CN(CCCCCNC(C)(C)C)Cc1ccc(Br)cc1,False
C=Cc1cc(Cl)cc(C=O)c1,False
C#C.CC.CC(C)C.COC(C)(C)C.NC(=O)C1CCCN1C(=O)CNC=O,False
CCNc1ncc(CN(CCO)CCOC)s1,True
CC.CCOC=O.CCc1cn2c(-c3ccc(OC)cc3Cl)cccc2n1,False
CCc1sc(C)c(C)c1C=O,False
CCCCOc1cc2n(c(=O)c1)CCc1c-2ccc(OC)c1OC,False
CCCCCCCCCCCCCC(=O)N1CCCC1C(=O)C=O,False
CCOP(=O)(OCC)OCC=O,False
Cc1cc(Nc2cc(C)[nH]n2)nc(C2(O)CCC(C(=O)O)CC2)c1,False
COc1ccc2c(c1)C(=O)N(CC(NC(=O)NC=O)c1ccc(OCc3ccc4ccccc4n3)cc1)C2,False
Cc1nn(Cc2ccccc2)c(C)c1C(=O)NCc1ccc(N2CCCCC2)nc1,False
Cc1cc(C)cc(Oc2c(Cl)cc(Cn3ncc(=O)[nH]c3=O)cc2Cl)c1,False
Cc1ccc(Cl)c(OS(=O)(=O)c2cc([N+](=O)[O-])cc(C)c2C)c1,True
CCCCCCCC(O)C(C)c1cn[nH]n1,True
CN1CCN(CCO)C(=O)C12CCN(Cc1cnn(C)c1)CC2,False
CCCCC(CC)CNC(=O)c1ccc(C)cc1,False
CC=C(N(C)N(C=O)c1ccc(OC)nc1)C12CCC3(C)C(CCC4C5(C)CCC(OC(=O)CC(C)(C)C(=O)O)C(C)(C)C5CCC43C)C1=C(C(C)C)C(=O)C2,False
CCCC1(CCOC=O)c2cc(C#CC3OC(CO)C(O)C(O)C3O)ccc2-c2ccc(C#CC3OC(CO)C(O)C(O)C3O)cc21,False
Cc1[nH]nc(-c2ccncc2)c1CCOC=O,False
Cc1ccc2nn(C3CC(C)(O)C3)cc2c1,True
CC1(CNC(=O)N2CCC3OCCC3C2)CC1,False
Cc1nn(C)c2nccc(C=O)c12,False
C=C1CCC(C(C)(C)C)CC1.CCOC(=O)C1CCN(Cc2ccc3cc(C=C4CCC(C(C)(C)C)CC4)ccc3c2)CC1.COC(=O)C1CCN(Cc2ccc3cc(C)ccc3c2)CC1,False
CCn1ccc(CNCc2ccn(C(F)F)n2)n1,False
Cc1c[c-]c(-c2ccc(C)cn2)cc1.Cc1c[c-]c(-c2ccc(C)cn2)cc1.Cc1c[c-]c(-c2ccc(C)cn2)cc1.Cc1ccc2c(n1)oc1c(-c3cc(C4C(C)(C)CC(C)(C)CC4(C)C)ccn3)[c-]ccc12.Cc1ccc2c(n1)oc1c(-c3cc(C4C(C)(C)CCCC4(C)C)ccn3)[c-]ccc12.Cc1ccc2c(n1)oc1c(-c3cc(CC4CCCC4)ccn3)[c-]ccc12.[Ir].[Ir].[Ir],True
O=C(Cc1coc(-c2ccccc2)n1)NCC1(c2ccc3c(c2)OCO3)CCCCC1,False
O=CC1c2ccccc2Oc2c(CCBr)cccc21,False
OC1CCCC1Nc1ccccc1,True
CC(=O)Nc1cccc(NC(C)C(=O)N2CC[NH+](Cc3ccccc3)CC2)c1,False
C=CCN(CC=C)c1ccc(N(CC=CC)C(=O)O)cc1C,False
CCN1C=CN(C)C1.N#Cc1nc2[nH]c1C2(C#N)C#N,False
CC1(C)CCCN1c1ccc(C=O)cc1Br,False
CN1C(=O)CC(N)C1c1ncc(Br)cc1Br,False
COCCN(c1c(Cl)cc(N)cc1C(N)=O)C(C)C,False
O=CCC1CCN(Cc2ccccn2)CC1,False
Cn1c(-c2ccccn2)nc2ccc(C=O)cc21,False
CCOC(=O)C1=C(c2ccccc2)N=c2sc(=Cc3ccccc3OCc3ccccc3C#N)c(=O)n2C1c1ccc(OC)c(OC)c1,False
Brc1ccc(-c2nc3ccccc3nc2-c2ccc(Br)cc2)cc1.OB(O)c1ccc(-c2nc3ccccc3nc2-c2ccc(B(O)O)cc2)cc1,True
CC1(C)Cc2c(sc3c4nnnn4c4nnnn4c23)CO1,True
CC(N)(C(=O)N1CCC(Cc2ccccc2)C1)c1ccccc1.Cl,False
CC(C)(C)OC(=O)N1CCN(c2ccc(Br)cn2)C1=O,False
c1ccc(-c2nc(-c3cccc(-n4c5ccccc5c5ccccc54)c3)nc(-c3ccc(-c4ccc(-n5c6ccccc6c6cc(-c7ccc8c(c7)c7ccccc7n8-c7ccccc7)ccc65)cc4)c(-n4c5ccccc5c5ccccc54)c3)n2)cc1,False
CC(C)(C)c1ccc(OCCCC(=O)Oc2ccc3oc4ccccc4c3c2)cc1,False
C#CC(C)NC(=O)NC(COC)C(=O)O,False
COc1c(O)c(C)c(O)c(C=O)c1O.COc1cc(C)c(O)c(C=O)c1.COc1cc(C=O)c(C)cc1O.COc1cc(O)c(C)cc1O.COc1ccc(C)c(O)c1O.Cc1cccc(C=O)c1O.Cc1ccccc1C=O.O=Cc1cccc(O)c1O,False
CCCCCCOCCCc1cc2c(cc1O)C1(CC2(C)C)CC(C)(C)c2cc(CCCOCCCCCC)c(O)cc21,True
NC1Oc2cncnc2C1(N)c1ccc(F)c(Cl)c1,False
CN(Cc1ccccc1)c1ccnc(C(=O)N2CCCCCC2)c1,False
CCC(CC1CC1)NC(C)c1cccc(NC(C)=O)c1,False
CC(C)(C)C1=CC(=CC2=C([O-])C(=CC3=CC(C(C)(C)C)=[Se]C(C(C)(C)C)=C3)C2=O)C=C(C(C)(C)C)O1,False
CCC=CCC=CCC=CCC=CCC=CCCCC(=O)OC(COC(=O)CCCCCCCCCC=CCC=CCCCCC)COP(=O)(O)OCC[N+](C)(C)C,False
C=CC(=O)OC1(OCC)CNCCO1,False
CC=CCC(C)C(O)C1C(=O)NC(CC)C(=O)N(C)C(CCN(CC)CC)C(=O)N(C)C(CC(C)C)C(=O)NC(C(C)C)C(=O)N(C)C(CC(C)C)C(=O)NC(C)C(=O)NC(C)C(=O)N(C)C(CC(C)C)C(=O)N(C)C(CC(C)C)C(=O)N(C)C(C(C)C)C(=O)N1C,False
CC1CCCN(S(=O)(=O)c2cccc(C(=O)CNCC(c3ccco3)N3CCCCC3)c2)C1,False
CC(C)(C)CC1(C(=O)OCCC(C=O)Oc2ccc(C(=O)Oc3ccc(-c4ccc(C#N)cc4)cc3)cc2)CC1(C)C,False
C1=C(c2cccc(-c3nc(-c4ccc(-c5ccccc5)cc4)nc(-c4ccc(-c5cccc6c5-c5ccccc5CO6)cc4)n3)c2)c2oc3ccccc3c2CC1,True
C=Cc1ccccc1C(=O)OCCCCCCCCCCCC,False
Cc1cn(CCC(=O)NN=Cc2ccc3cccnc3c2)c2ccccc12,False
C=C1CCC2C(C)(C)CCCC2(C)C1CC=O.C=C1CCC2C(C)(C)CCCC2(C)C1CO.C=CC(C)(O)CCC1C(=C)CC(O)C2C(C)(C)CCCC12C.CC1(C)CCCC2(C)C1CCC1(C)OC(=O)CC12.CC1(C)CCCC2(C)C1CCC1(C)OCCC12.CC12CCC(=O)C=C1CCCC2=O,False
O=CCN1C(=O)c2ccc(Br)cc2C1=O,False
CC.COCC1(C)CCCC2(C)C1CCC13C=C(C)C(CC21)C(C=O)C3C(=O)OC,False
Cc1cc(-c2ccc(Cl)c(C(=O)NC(O)C3CCCCCC3)c2)n(CC(O)CN)n1,False
O=Cc1ccccc1N1CCN(C(c2c[nH]c3ccccc23)S(=O)(=O)c2ccccc2Br)CC1,False
C=CC(=O)O.C=CC(=O)OCC(C)O.O=CO,False
O=C(Nc1ccccc1)c1ccc(-c2ccccc2Cl)nc1,False
NC(=O)C1=CN(CCNC=O)C=CC1,False
CCOC(=O)C1(CI)CCN(C(=O)c2ccc(OC)cc2)C1,False
Cc1cccc([N+](=O)[O-])c1C(=O)Nc1cccc2c(CC(N)=O)c(C)oc12,False
CCCCOCCCCC1C(C)C(O)CC1C1(C=O)CC2C=C(C(C)C)C1(C(=O)O)C2.CCCCOCCCCC1C(C)C(O)CC1C1(C=O)CC2C=C(C(C)C)C1(C(=O)OCc1ccc(OC)cc1)C2,False
CC(=O)Oc1ccc(C(=O)Nc2nnc(C3CC(=O)N(c4cccc(C)c4)C3)s2)cc1,False
CC1(C)COC(CC(=O)Nc2ccc(-n3cnc4ccccc43)nc2)C1,False
CC(OC(=O)OCc1ccccc1)C1C(=O)N(S(=O)(=O)O)C1C(C)OC(=O)NCc1ccccn1,False
CCc1ccncc1NC(=O)CN1C(=O)NC2(CC(C)CC(C)C2)C1=O,False
NC1CCC(NC(=O)CCOc2ccc(Cl)cc2[N+](=O)[O-])CC1,False
COc1cc(C=NN=C2NC(=O)C(CC(=O)Nc3ccc(Cl)cc3)S2)ccc1O,False
CC=C(C=CCC)CCNC(=O)C1=C(C)NC(C)=C(C(=O)O)C1c1cccc(Cl)c1,False
C=CC=C(C=CC)C=CC(CN(CC1CCCN1CC1CC2CCC(C1)N2)C(=O)c1cc(OC)c2c(c1)OC(C)(C)O2)=NC.CC,False
c1ccc2c(C3COCCN3)csc2c1,True
CCC(C)N1C(=O)c2ccc(C(=O)Nc3nc(CN(C)C)cs3)cc2C1=O,False
Nc1ccc2c(S(=O)(=O)NCCc3cscn3)c[nH]c2c1,True
CCOc1ccc(C=CC(=O)Cl)cc1OC,False
O=S(O)Oc1ccccc1OS(=O)O,True
C=C.C=C.COC=O,False
O=C(O)CC1CN(C(=O)CCCn2cccn2)CC1c1cn[nH]n1,False
C=CCOC(=O)Nc1cccn(CC(=O)NC(C=O)CCCNC(=C)N)c1=O,False
CC(C)(O)c1ccc(C=NN=C2NC(=O)C(CC(=O)O)S2)cc1,False
CC(C)C1CC(C=O)N(C(=O)C(NC(=O)NC(C(=O)c2ccccc2)C2CCCCC2)C(C)(C)C)C1,False
OCOc1cccc(F)c1,False
CC=CC=C(CCCCC)C(C)(F)F,True
CC(=O)CC1CCC(C(C)(O)CCC=O)O1,False
NCCCCCCN1CCOC2CCCCC21,True
CCC(CC)c1ccnc(Cl)c1,False
N#CC(Cc1ccccc1Cl)c1cccc(F)c1,False
CCOC.CCOc1ccc(C(=O)CCC=O)cc1.CNc1cc(-c2ccc(O)cc2)cc(-c2ccccc2)n1,False
N#CC1([NH+]2CCCCC2)C2CC3CC(C2)CC1C3,False
CN1CCN(Cc2ccc(C(=O)[N+]3(C)CCN(Cc4ccc(C(=O)O)cc4)CC3)cc2)CC1,False
COc1cc(C=CC(=O)OCC(O)COC(=O)C=Cc2ccccc2)ccc1C=O,False
CC(C=CC1OC(CC=O)CC(C(C)O)C1C)=CCC1OC(C)CCC1C,False
O=CC1=Nc2ccccc2C1=Cc1ccccc1,False
CC=C(C)C(=O)O.CCCCCCCCON=O,False
CC1=CN(C)C(n2c(C)c(C)c3c(Cl)nc(C)nc32)c2cnsc21,False
C1=C(c2cccc(-c3ccc4c5ccccc5n(-c5cccc(-c6ccc7c8ccccc8c8ccccc8c7c6)c5)c4c3)c2)CCc2c1c1cc(-c3cccc(-c4cccc5c4sc4ccccc45)c3)ccc1c1ccccc21,False
Cc1cc(=O)oc2ccc(OCCCC(COc3ccc(-c4ccc(C#N)cc4)cc3)N(O)C=O)cc12,False
CC(C)N1CCN(c2ccccc2CCC=O)C1=O,False
CCC1=C(NC)CCCC1C,False
CC(N)c1cc2n(n1)CCCC2.Cl.Cl,False
COc1ccc2nc(C(=O)NC(CC3CCCCC3)C(=O)NC(C=O)CC3CCNC3=O)cn2c1,False
COCCCOc1cc(C=C(CC2CNCC2NS(=O)(=O)Cc2ccccc2)C(C)C)ccc1OC,True
C=C(C)C(=O)NCCCCCOCCNC(=O)CCC(=O)OC,False
COc1cc(C=NN=C2NC(=O)C(CC(=O)O)S2)ccc1CSc1ccccc1,False
c1ccc(-c2ccc(N(c3ccccc3)c3ccc(C4(c5ccccc5)c5cccc6ccc7cccc4c7c56)cc3)cc2)cc1,False
Cc1ccc(-c2nnc(CC3=Nc4nc(CO)ccc4C3)o2)cc1,True
C=CC1(C)CC=C2C(CCC3C(C)(COC(=O)CC4CCCCNCCC4)CCCC23C)C1,False
CC=C(CC)C(=O)OC(C=O)(CC(=O)OCOC(=O)C(C)CSC)CC(C)C(=O)OCOC(=O)COC(=O)COC(=O)COC(=O)COC(=O)COC(=O)COC(=O)COC(=O)COC,False
COC(=O)C1=C(C)N=c2sc(=Cc3ccc(-c4cccc(Cl)c4)o3)c(=O)n2C1c1ccc(SC)cc1,False
Cc1sc(CN)cc1CN1CCCCCC1C,False
Cc1ccc(S(=O)(=O)N2C=C(c3ccccc3)N3c4ccccc4C=CC3C2=CC(=O)OC2CC(C)CCC2C(C)C)cc1,False
CC1CCC(C)C(C#N)(Nc2cccc(Br)c2)C1,False
NC(Cc1cccc(O)c1)c1ccc2ccccc2n1,True
N=C(N)NCCCC(N)C(=O)NC(CCCNC(=N)N)C(=O)NC(Cc1c[nH]c2ccccc12)C(=O)NC1CSSCC(C(=O)NC(CCCNC(=N)N)C(=O)O)NC(=O)C(CCCCN)NC(=O)C(CCC(=O)O)NC(=O)C(Cc2ccc(O)cc2)NC(=O)CNC(=O)C(CCCCN)NC(=O)C(CCCCN)NC(=O)C(CCCNC(=N)N)NC(=O)C(Cc2ccc(O)cc2)NC1=O,False
CC1(C)Cc2cc3n(c2C1)CCN(c1nccc(Cl)c1C=O)C3=O.CC1CN(C2COC2)CCN1c1ccc(Nc2cc(-c3ccnc(N4CCn5c(cc6c5CC(C)(C)C6)C4=O)c3C=O)cn(C)c2=O)nc1.CC1CN(C2COC2)CCN1c1ccc(Nc2cc(-c3ccnc(N4CCn5c(cc6c5CC(C)(C)C6)C4=O)c3CO)cn(C)c2=O)nc1.Cc1cc(Nc2ccc(N3CCN(C4COC4)CC3C)cn2)c(=O)n(C)c1,False
CC(C)(C)C1CCCN(c2cncc(Cl)n2)CC1,False
CCC(C)C(=O)Oc1ccc(C(=O)N(C)C)cn1,False
C=CC(=O)Nc1ccc(CCN(C)C)cc1Nc1cc(N(C)C(=O)Nc2c(Cl)c(OC)cc(OC)c2CI)ncn1,False
O=Cc1c(Br)cccc1-n1ccc2ccccc21,False
C=CCC1OC(=O)C(=C(C)O)C1(CC=C)C(=O)O,False
Cc1cnn(CCc2nnc(Nc3ccccc3)s2)c1.O=S(=O)(O)O,True
C#CC(=CC=O)C(C)C,False
CC(C)(C)OC(=O)[As]c1cc(B(O)OC(C)(C)C(C)(C)O)cc([N+](=O)[O-])c1,False
CCc1c(C)[nH]c(C2c3ccccc3NC2O)c1C,True
CC(=O)c1c(C)[nH]c(C(=O)C(C)N(C)Cc2ccc(C(C)C)cc2)c1C,False
O=C(O)c1cc2ccccc2cc1C(=O)NO,False
COc1ccc(Cc2noc(-c3cc(OC)c(OC)c(OC)c3)n2)cc1,True
CC1(C)OC2OC(CCOCc3ccccc3)C(OCc3ccccc3)C2O1,True
CC(C)N(Cc1ncc[nH]1)c1cccc(OC(F)(F)F)c1,False
CC(OC(=O)CCNS(=O)(=O)c1ccccc1)C(=O)Nc1ccccc1Cl,False
Nc1ccccc1NC(=O)CCCCNC(=O)C1=CC(c2coc3ccccc3c2=O)CC(OCCOCCO)O1,False
Cc1ccc(-c2nn(Cc3n[nH]c(=S)n3Cc3ccccc3)c(=O)c3ccccc23)cc1C,False
CCCNC(CCC)CCc1cccc([N+](=O)[O-])c1Br,True
CC1OC2(CC[N+](C)(C)CC2)OC1C.[I-],True
NC(=O)OC1(C=O)CCC1,False
CNS(=O)c1cccc(-c2cc(C=O)ccc2OCC(=O)OC(C)(C)C)c1,False
CCC(COC)Nc1nc(Cl)nc(OC)n1,True
O=C(NCC1(CO)CCC1)c1cnc2sccn2c1=O,False
CC1(C)c2ccccc2-c2c(-c3ccc(-c4ccc(-c5cc(-c6cc(-c7ccccc7)cc(-c7ccccc7)c6)nc(-c6ccccc6)n5)c5ccccc45)c4ccccc34)cccc21,False
CCN(C)C(c1ccccc1)C1CCCC1,False
Cc1sc(C(=O)c2cncnc2NC2CC(O)C(COS(N)(=O)=O)C2)cc1Cc1cccc(Br)c1,False
CCCNC(C#N)CCOc1cc(OC)cc(OC)c1,True
C=C1c2ccc(-n3c4ccccc4c4ccc(CCCC)cc43)cc2-c2cccc[n+]2C1(CC)CC,False
CCC(O)Oc1ccccc1Cl,True
O=C(O)C1CCCN1C(=O)CCCc1ccc2c(c1)OCCO2,False
Cc1nn(CN2CCN(S(=O)(=O)c3cccc(Cl)c3Cl)CC2)c(=S)s1,True
CC([C]1[CH][CH][CH][C]1C=O)N(C)C.[CH]1[CH][CH][CH][CH]1.[Fe],False
C=C(C=C(O)C(=CC)OC)C1C(C)C(=O)N1c1cc(OC)c(OC)c(OC)c1,False
CCc1c(C(C(=O)NS(=O)(=O)c2ccc(C(C)C)cc2)c2ccc3c(c2)OCO3)[nH]c2cc(C(=O)O)ccc12,False
O=S(=O)(c1cnc(C(F)(F)F)cc1C1CC1)N1CCNCC1,False
CC.CNC.CNC(=O)CN1CCNCCN(CC=O)CCNCC1,False
C#CCCC(C)(C#N)C(=O)OCC,False
COc1c(C)cc(C)cc1-c1csc(-c2ccc(CN)cc2)n1,True
Cc1[nH]n(C)c2nc3cc(=O)ccc3c(NCCCN(C)C)c12,False
C=Cc1c(SCCNCC)n(C)cc(C(=O)NCc2ccc(Cl)cc2)c1=O.CNN=CC=CCC(C)O,False
COc1ccc(C(NC(=O)CCc2cccs2)C2CC2)cc1,False
CCSc1ccc(CC(=O)Nc2nnc(-c3cccnc3)o2)cc1,False
O=C(CC1CCSCC1)NCc1ccccc1,False
CCOc1ccc2c(C=O)cccc2c1,False
NCC#CC(=O)Nc1ccccc1,False
Cl.Nc1ncc(CNCc2ccc(OCC(F)(F)F)cc2)s1,False
CC=C(CCC(C)C1CCC2C3CC=C4CC(OC(=O)CCC)CCC4(C)C3CCC12C)C(C)C,False
C=C(N)C(=CC(=CC)c1cnc(C)n1C)C(=N)c1cc2c(-c3ccccc3F)cccc2[nH]1,False
CCCCCCCCCCCCCC=CC(O)C(COC1OC(CO)C(OC2OC(CO)C(OC3OC(CO)C(O)C(OC4OC(CO)C(O)C(OC5OC(CO)C(O)C(OC6(C(=O)O)CC(O)C(NC(C)=O)C(C(O)C(CO)OC7(C(=O)O)CC(O)C(NC(C)=O)C(C(O)C(O)CO)O7)O6)C5O)C4NC(C)=O)C3O)C(O)C2O)C(O)C1O)NC=O,False
COc1ccc(Nc2nc(N3CCC(NC(=O)c4ccc(C=O)cc4)C3)nc3scnc23)cc1OC,False
C=CCC(=O)CC(=O)C=CC,False
CNC(=O)C(C)(C)CNC(=O)N(C)C(C)(C)C(=O)O,False
COCc1nnc(-c2cccc(C(=O)N(C)c3ccccc3)c2)o1,False
CC(C)Oc1ccc(C(=O)N2CCC3(CC2)Oc2ccccc2-c2c3cnn2C)cc1C=O.CC(C)Oc1ccc(C(=O)O)cc1C=O.ClCCl.Cn1ncc2c1-c1ccccc1OC21CCNCC1,False
O=CC1CCN(c2ccc(C3c4ccc(O)cc4CCC3c3cccc4c3CC4)cc2)CC1,False
CCCC12CCCC(C1)CC(CCc1ccc(C3C4CC5(C)CC(c6ccccc6)(C4)CC3(C(=O)NC3CCC(CN)CC3)C5)cc1)(C(=O)NC1CC3CNC1C3)C2,False
COc1ccc(C=Nc2ccc(Br)cc2)cc1C(=O)O,False
COC1=CCNC12CCC(=O)C(C(O)C(C)Cc1ccc(OC)cc1)C2,False
Cc1cccc(NC(=O)NCC(=O)N2CCCC2Cc2ccccc2Cl)c1,False
CCCCCC(O)C=CC1C(O)CC(O)C1CC=CCC(=O)OCC(COP(=O)(O)OCCN)OC(=O)CCCCCCCCc1oc(CCC)c(C)c1C,False
CCOc1cncc(-c2ccc(CC(=O)C3(c4ccnc(CS(=O)(=O)C5CC5)n4)CCOCC3)cc2)n1,False
O=C(C(=O)N1CCC(c2ccc3c(c2)OCO3)C(O)C1)N1CCCCCC1,False
CNc1cn2ccnc2c(Oc2cccc(C#N)c2)n1,True
COC(=O)CC1CC2(CO2)C(O[Si](C)(C)C(C)(C)C)C(C=CC(C)=CCC2OC(C)C(NC(=O)C=CC(C)OC(C)=O)CC2C)O1,False
O=C(O)C1CCC(C(=O)NCCc2ccccc2[N+](=O)[O-])O1,False
CC(c1cccc(C(C)(C)O)c1)N1CCNCC1,True
C=CC1=C(C)c2cc3[n-]c(cc4nc(cc5[n-]c(cc1n2)c(C)c5CCC(=O)O)C(CCC(=O)O)=C4C=[N+]([O-])C(C)(C)C)c(C)c3C(O)CCC=C(C)CCC=C(C)CCC=C(C)C.[Fe+4],False
CCc1c(C(=O)OC(C)(C)C)[nH]c(C=O)c1-c1ccsc1,False
O=Cc1c(N2CCCCC2)nc2ccccn12,False
CC=CC(OC(=O)OC(C)(C)C)OC(=O)OC(C)(C)C,False
CCCNO.CCC[N+](C)=Cc1ccc(CC)cc1.CCc1ccc(C=O)cc1.I.II.I[I-]I,False
COc1c(CN2CCC(CN)C2)c(C)nn1C,True
C=C1CN(c2ccc(C)cc2)C(C=CC=O)=C(c2ccccc2)O1,False
COc1cccc(CNC(=O)C2CCN(C(=O)c3sccc3-n3cccc3)CC2)c1,False
CC(C)NC(=O)CCNC(=O)NCc1ccc(N2CCCCCC2)nc1,False
C=C(C1C2CCC(=C)C2(C)CCC1C1(C)CCC(O)CC1C=O)n1ccnc1,False
CC1CNCCN1C(=O)c1ccc2c(c1)COC2,False
O=C(O)c1cncc2c1CCN(C(=O)NC(c1ccccc1)c1ccccc1)C2,False
COc1c(C(=O)O)ccc(OC(C)C)c1OC(C)C,False
COc1cc(Cl)c(C)cc1NC(=O)CCCCC1SCC2NC(=O)NC21,False
C#CC(C)NC(C)c1ccc(Br)cc1,False
Cc1ccc(S(=O)(=O)N(CCCC(=O)NCc2cccc(C=O)c2)c2cccc(C)c2C)cc1,False
COC(C(=O)O)C(C)(C)C=O,False
CC(=O)Oc1ccc(-n2cc3ccc(OC(C)=O)cc3c2)c(OC(C)=O)c1,False
CC12CCC(C(=O)N(CCCC(=O)O)C1=O)C2(C)C,False
CCn1cc(Nc2ccccc2S(=O)(=O)C(F)(F)F)cn1,False
CCc1cccnc1C(=O)N1CCC(O)(c2cn[nH]n2)C1,False
CCc1noc(CC)c1CNC(=NC)NCC(Cc1ccccc1)N(C)C,True
Cc1ccc2sc(N(Cc3cccnc3)C(=O)c3ccc(Cl)cc3)nc2c1C,False
COCc1nnc2c3cc(-c4ccccc4)c(-c4ccc(C=O)cc4)nc3ccn12,False
C#CC=C(C=CC)CNC(=O)Cc1ccc(NC(=O)c2ccccc2C(=O)N2CCOCC2)cc1,False
CC(C)OC1CC2(C1)CN(c1ccc3c(c1)N(C=O)Cc1cccnc1N3)C2,False
CC(C)CC(NC(=O)c1ccc(N(C)C)cc1)C(=O)NC1(C)C(=O)COC1C,False
CC(CO)CSc1ccc([N+](=O)[O-])c2nonc12,True
CC(C)(C)CC(NC(=O)C(NC(=O)NC(C)(C)C)C(C)(C)C)C(=O)NC(C=O)CC1CCNC1=O.S.S.S.S,False
CC(C)(C)c1ccc(N(c2ccc3c(c2)-c2ccccc2C32CCCC2)c2ccc3ccccc3c2-c2cccc3ccccc23)cc1,False
CCCCCCOC(=O)c1cc(N)ccc1Br,False
CCCC1CC1N1C(=O)c2ccc(C(=O)O)cc2C1=O,False
Cc1cc(C=O)ccc1N(CCCl)CCCl,False
C[C-]1CC2(CCCN(N)C2)CO1.[CH3-].[CH3-].[Li+].[Lr],True
C.CCCCCCCCCCCCCCCCCCC(CCCCCCCCCCCCCCCCCC)OC(=O)NCCCOCCOC,False
CC1CCN(c2cccc3ccc(N)cc23)CC1,False
N#CCC(C1CCCC1)n1cc(-c2ccnc(Nc3ccc(C(=O)N4C5CC6CC4CC(C5)O6)cc3)n2)cn1,False
COC(=O)CCNC(=O)C1CCCCC1(C)C,False
Cn1c(=O)oc2cc(C(Cl)c3cc(I)ccc3Br)ccc21,False
C=COCCCNC1CCCc2occc21,True
Cn1c(C2CCC3(CC2)CCN(C=CC=O)CC3)c(-c2ccc(Oc3ncccn3)cc2)c2c(N)ncnc21,False
CC(OC(=O)Cn1ccc(=O)cc1)C(C)(C)C,False
O=C(NCCCN1C(=O)c2ccccc2C1=O)NCCc1ccccc1,False
COC(=O)NC(C(=O)N1CCCC1c1ncc(-c2ccc3c(c2)OC(c2ccc(C)o2)n2c-3cc3cc(-c4cnc(C5CC6C7CC67N5C(=O)OC(C)(C)C)[nH]4)ccc32)[nH]1)C(C)C,False
COc1ccccc1CCNC=C(C#N)C(=O)NCc1ccc(Cl)cc1,False
O=Cc1ccc(Sc2n[nH]c(=O)n2C2CC2)o1,False
CC(=O)Nc1ccc(C=CC(=O)NCCCc2nc3ccccc3s2)cc1,False
[B]C1(O)c2ccccc2C(O)(O)N1C=O,False
CCCCNS(=O)(=O)c1cccc(C(=O)Nc2nc3ccccc3[nH]2)c1,False
COC(=O)C1CC2CN(Cc3cn(C)c(C)n3)CC(=O)N2C1c1ccccc1.O=CO,False
C=CC=CC(=CC)c1cc(C)cc(C(=C)C)c1.C=CCCC=C.CC.CCc1ccccc1C,False
CCOc1ccccc1C(CCC(C)(C)OC)NC,True
CC(CCS(C)=O)NC(=O)C(C)CCl,False
COc1cccc(CC(Br)c2cc(Cl)ccc2C)c1,True
Cc1cccc(C=CC(=O)C=C(O)c2ccccc2O)c1C,False
Cc1ccc(S(=O)(=O)n2c(CNC(=O)C3(C)CC3)cc3cc(C=O)c(O)cc32)cc1,False
C=II.Cc1ncc(C(O)CP(C)(C)=O)c2c1OC(C)(C)OC2,True
CCC(C)(C)C1CCc2c(sc(NC(=O)C(C)Oc3ccccc3)c2C#N)C1,False
CC1(C(=O)Nc2nccs2)Cc2cc(O)ccc2C1c1ccccc1,False
O=Cc1ccc(-c2ccc(OCc3ccccc3)cc2)cc1,False
CC1C2CCC1(c1cccc(N3CN=C(CCS(C)(=O)=O)N3)n1)c1nnc(-c3c(F)cccc3F)cc12,False
CC1=C(C)C(C)C(c2ccc(C(C)(C)C)cc2C(=O)c2ccccc2)=C1C,False
CCOC(=O)c1cc2cc(CO)c(CO)cc2n1N,False
C=Cc1cncc(C)c1C(=C)Br.CC,False
CCOC(=O)c1ccc2nc(Nc3nc4ccc(OC)cc4s3)sc2c1,False
COCC(=CC(C)=O)NS,False
N#Cc1cc(Cl)c(F)c(-c2ccc3ncc(-c4cc(F)cc(F)c4)c(N4CCC(N)CC4)c3c2)c1O,False
C=Cc1cc2c(OC3CN(C(=O)OC(C)(C)C)C(C)(C(=O)O)C3)nccc2cc1OC,False
CCOCCCOc1ccc(CNC(C)(C)C)cc1,True
CN=C(NCCN(C)CCCOC)NCc1ccccc1N1CCOCC1,True
CC=CCOc1ccccc1S(=O)(=O)NC(=O)NN1N=C(OC)C=C(C)N1,True
O=CO.O=CO.c1cc(CN2CCC(Nc3ncnc4cc[nH]c34)CC2)ccn1,False
O=C(O)Cc1cccc(C2CC23C(=O)Nc2cc(Cl)c(-c4ccc(-c5ccc(-n6cncn6)cc5)cc4)cc23)c1,False
CC(=O)C=C(C)C.CC(C)=CC=O.CC[Si](CC)(CC)OOC(C)(C)CC(C)OC(C)=O,False
CC(C)C1=CC(I)C(S)C=C1,False
CC(C)C1=C2C3CCC4C5(C)CCC(OC(=O)CC(C)(C)C(=O)O)C(C)(C)C5CCC4(C)C3(C)CCC2(C(O)CNCc2nc3ccccc3[nH]2)CC1=O,False
O=C(Nc1ccc(S(=O)(=O)Nc2nccs2)cc1)c1ccccc1Cl,False
CCOc1ccccc1C(=O)N1CCC(NC(=O)Cn2ccccc2=O)CC1,False
COc1cc(C=O)cc(OC)c1OC.COc1cc(CC2=C(c3ccc4nsnc4c3)C(=O)OC2(O)c2ccc(C)cc2)cc(OC)c1OC,False
Fc1cccc2c1NC1CCOCC21,False
Cc1cc(C)cc(NC(=O)c2ccccc2-c2ccc(C=O)o2)c1,False
C=CCC(=O)OS(=O)(=O)c1c(-c2ccccc2)ccc(C)c1C,False
CC=CCSc1cccc(C(=O)O)c1,False
O=[N+]([O-])c1ccc(Nc2ccc3nc(N4CCOCC4)sc3c2)c(F)c1,False
C1=Cn2c(nc3ccccc32)CS1,False
CCc1nc2[nH]ncc2c(NC2CC2)c1C=O,False
C.C.CCOC(=O)c1sc2cccc(OC)c2c1-c1nc2cc(C(N)=O)ccc2n1CCn1c(-c2c(CC)sc3cccc(OC)c23)nc2cc(C(N)=O)ccc21.CCOC(=O)c1sc2cccc(OC)c2c1C=O.COc1cccc2scc(-c3nc4cc(C(N)=O)ccc4n3CCn3c(-c4c(C(=O)O)sc5cccc(OC)c45)nc4cc(C(N)=O)ccc43)c12.II(I)I.II(I)I(I)I(I)I(I)I(I)I(I)I(I)I.NC(=O)c1ccc(NCCNc2ccc(C(N)=O)cc2N)c(N)c1.O=C=O.O=C=O,False
O=C1C=C(c2c[nH]c3ccccc23)C(=O)OC2(CCCC2)O1,False
COc1cc(C=C2Sc3ccccc3C2=O)c(Br)cc1OCc1ccc(Br)cc1,False
O=S(=O)(O)c1cccc(-c2nc(-c3ccc(Sc4ccc(F)cc4)c(S(=O)(=O)O)c3)nc(-c3ccc(Sc4ccc(F)cc4)c(S(=O)(=O)O)c3)n2)c1,False
CNCC=Cc1cncc(C=O)c1,False
CC(NC(=O)c1ccccc1CCC(=O)NNC=O)c1cccc2ccccc12,False
CCCN(CCO)S(=O)(=O)c1cccc2cnccc12,True
CC=C(C=CCC)COc1cccc(OC)c1CCN1CCC(n2ccc3ccc(C(N)=O)cc32)CC1,False
CSc1cccc2sc(N(CCN3CCOCC3)C(=O)c3ccc(S(=O)(=O)N4CCOCC4)cc3)nc12.Cl,False
CNS(=O)(=O)c1c(OC)ccc(C=O)c1C(=O)NN,False
CCNC(c1cc(C)cc(Cl)c1)C1CCCCC1CC,False
CCC1CCC(C(=O)OCCCCOC=O)CC1,False
Cc1ncc(S(=O)(=O)N2C(C)CCCC2CN)[nH]1,True
CC=CSc1ccc(Sc2ccc(SC=CC(=O)Oc3ccc(C(C)(C)c4cccc(OC(C)=O)c4)cc3)cc2)cc1,False
COc1ccc(N(Cc2cc(Cl)ccn2)c2ccc(C(=O)O)cc2)cc1OC1CCCC1,False
CCC(C)(C)C(=O)OC(C)(C)C(=O)OC1(C)C2CC3CC(C2)CC1C3.CCC(C)(C)C(=O)OC(C)C(=O)OC1(C)C2CC3CC(C2)CC1C3.CCC(C)(C)C(=O)OCC(=O)OC1(C)CCCCC1.CCC(C)(C)C(=O)OCC(=O)OC1(CC)CC2CC1C1C3CCC(C3)C21.CCC(C)(C)C(=O)OCC(=O)OC1(CC)CC2CCC1C2.CCC1(OC(=O)COC(=O)C(C)(C)CC)CCCCC1,False
CCCCCCCCCCCCCCCCCCC(=O)OC(CO)COC(=O)CCCCC(=O)CC1C(O)CC(O)C1C=CC(O)CCCCC,False
COc1cc(C=O)c(Br)c(Br)c1OC(C)C(=O)O,False
CCCCC(C=O)CC(CCC(=O)OC)C(=O)OCC,False
O=C(NNC(=O)c1ccccc1O)c1ccc(Cl)s1,False
O=C(CNc1ccc(-c2nnnn2C2CC2)cc1)NCC1CCCCC1,False
Nc1cccc(-c2nc(-c3cccc(-c4ccc5ccccc5c4)c3)nc(-c3ccc(C=Cc4ccccc4)cc3C=O)n2)c1NS(=O)(=O)c1ccccc1,False
O=Cc1ccc(Cl)nc1OCCSI,False
O=C(CCCc1cccc(Cl)c1)Nc1cccc2c1OCC(=O)N2,False
CCOc1ccc(CN2CCN(S(=O)(=O)c3ccc4ccccc4c3)CC2)cc1OC,True
Cc1ccc(C)c(S(=O)(=O)Nc2ccc(C(F)(F)F)cc2Cl)c1,False
C1=CCCCC(c2nc(-c3ccc(-c4ccc(-c5ccccc5)cc4)cc3)nc(-c3cccc4oc5cccc(-c6ccc(-c7ccccc7)cc6)c5c34)n2)=C1,True
COC(=O)CCOCCOCCOCCOCCOCCOCCOCCOCCCCCOCC=O,False
CC(C)OB(OC(C)C)c1ccc2c(c1)CCC(O[Si](C)(C)C(C)(C)C)C2,True
CC(C)C(C)C1(C=O)CCC(C)(C)CC1,False
CN(CCC(F)(F)F)CC(C)(CN)c1ccccc1,False
CC(NCc1cc(F)ccc1Br)C1CCC1,False
COCCCN(CCOC)Cc1ccc(C=O)o1,False
CN(C)CCOC(=O)C(C)(c1ccccc1)c1ccccc1.Cl,False
NC(Cc1ccccc1)C(=O)NC(Cc1ccccc1)C(=O)NC(CC(=O)O)C(=O)NC(Cc1ccc(O)cc1)C(=O)O,False
CCCN(C(C)(C)CN)S(=O)(=O)c1cn[nH]c1,True
CC(C)CC(NC(=O)C(Cc1c[nH]c2ccccc12)NC(=O)C(C)NC(=O)C1CCCN1)C(=O)NC(Cc1ccccc1)C(=O)NC(CCC(=O)O)C(=O)NC(C)C=O,False
CC1CCN(Cc2ccc(CNC(=O)N(C)Cc3ccsc3)cc2)CC1,False
CCOC(=O)CN(C(=O)Cn1nnc(-c2ccc(C)cc2)n1)C(C(=O)NCCC(C)C)c1ccc(O)cc1,False
C=C(C=CC(=CC)Oc1ccccc1)Nc1c(C#N)cnn2cc(C(=O)N(CC)CC(C)O)c(C)c12,False
c1ccc(-c2cc3ccc4ccc(-c5ccccc5)c5cc(-c6cc7c(-c8ccccc8)ccc8ccc9cc(-c%10ccccc%10)cc6c9c87)c(c2)c3c45)cc1,False
CC(C)(C)OC(=O)N1CCCC1c1ncc(-c2ccc3cc(B4OC(C)(C)C(C)(C)O4)ccc3c2)[nH]1.COC(=O)NC(C(=O)N1CCCC1c1ncc(-c2ccc(-c3ccc4cc(-c5cnc(C6CCCC6)[nH]5)ccc4c3)cc2)[nH]1)C(C)C.COC(=O)NC(C(=O)N1CCCC1c1ncc(-c2ccc(Br)cc2)[nH]1)C(C)C,False
CCCCCCCCCCOc1c(C=O)cc2c3c1CCCN3CCC2,False
CC(C)(C)CCCCC1(C(=O)OCC2CCCCC2)OO1,False
COc1nscc1[B-](F)(F)F.[K+],True
CC(C)c1nc(C=O)c2c(N(C)C)cccn12,False
CCOc1ccccc1NS(=O)(=O)c1ccc2c(c1)SC(C)CN2C(C)=O,False
C=P(c1ccc(F)c(F)c1)(c1cc2ccccc2c2ccccc12)c1cc2ccccc2c2ccccc12,False
CCCC(NC(=O)c1ccc(NC(=O)CC(C)C)c(C)c1)C(=O)O,False
Cc1ccc2c(c1)C(C)(C)C(=CC=CC1=[N+](C)c3ccc(C)cc3C1(C)C)N2C.[I-],False
C=CCOC(=O)CC(CC(C=O)O[Si](c1ccccc1)(c1ccccc1)C(C)(C)C)O[Si](c1ccccc1)(c1ccccc1)C(C)(C)C,False
CCOC(=O)N(C(=O)C(Cc1ccc(O)cc1)NC(=O)C(C)N)C(C)(C=O)C(C)C,False
OCC1OC(n2cnc3c(N4CCC(F)C4)ncnc32)CC1O,False
CCC(CC(C)(C)C(=O)OC)C(=O)OCCCCCCN1C(=C=Cc2c(O)n(CC)c(=S)n(CC)c2=O)Oc2ccccc21,False
CC(C)CCC(Cc1ccccc1Cl)C(=O)O,False
CC1(C)CCN(C2CC(N3c4cc(B5OC(C)(C)C(C)(C)O5)ccc4C4(CCOCC4)C3C=O)C2)C1,False
CNc1ccccc1C(=O)OCC(=O)Nc1ccc(C(C)=O)cc1,False
C=CCOc1ccc(Br)cc1C=c1sc2n(c1=O)C(c1cc(OC)c(OC)c(OC)c1)C(C(=O)OCC)=C(C)N=2,False
Cc1ccc(C(=O)NC2CCSC2)cc1NC(=O)c1cccc(C#N)c1,False
CC1CCCCN1CCN1c2ccccc2N=C2CCCC2C12CCCC2,False
CC(CCCC(C)(C)O)CC(C)(C)CC=O.[Y].[Y].[Y],False
CC(C)CC(CP(=O)(O)C(CC1CCCCC1)NC(=O)C(Cc1cnc[nH]1)NC(=O)C(Cc1ccccc1)NC(=O)OCc1ccccc1)N(C=O)Cc1ccccc1,False
C#Cc1ccc(C(=O)N2CCc3c(sc(NC(=O)c4cccc(C)c4C=CC)c3C#N)C2)cc1,False
COC(=O)C(C)(C)CC(C)C1CC1C(C)CC(C)(C)C,False
COc1cc(-c2ccncc2)cc(C(C)C=O)c1,False
COP(=O)(CC(C)(C)C)CP(=O)(OC)OC.COP(C)(=O)CC(C)(C)C,True
CCN(C)CCNC1CCCc2[nH]c(=O)ccc21,False
O=CNc1cccc(C(NCC2CC2)c2ccc3ccccc3c2)c1,False
CC=C(C)C(=O)N(C)C(Cc1cnc[nH]1)C(=O)OC,False
COC(=O)c1ccc(C2C(C=O)CN(S(=O)(=O)c3ccc(C)cc3)CC2O[Si](C(C)C)(C(C)C)C(C)C)cc1,False
Fc1cccc(C2CC(NCC3CC4CCC3C4)C2)c1,False
OCc1ccccc1.OCc1ccccc1.[Cu],True
COc1ccc(C(C)=CC(=O)N2CCN(c3ccccc3)CC2)cc1,False
CCCCNC(=O)C(C)N(Cc1ccc(Cl)c(Cl)c1)C(=O)CN(c1cc(OC)ccc1OC)S(=O)(=O)c1ccc(C)cc1,False
CC(CBr)(CBr)COCC1CC1,True
CCS(=O)(=O)N1CC2CC(C1)C(CNC(=O)c1ccc[nH]1)N1CCCCC21.O=CO,False
CC1C2CCCCCCC12,False
CCN(COC1C2C3OC3C3C4=C(CCC3(C)C23OC3C2OC21C(C)C)C(=O)OC4)C(=O)OCc1ccc(OC2OC(C)C(C)C(C)C2OC(C)=O)c(N)c1,False
CCOC(C)OC1CC(O)C(CC(=O)O)C1C=CCOC(=O)CC,False
Fc1ccc(Cl)cc1Nc1ncnc2ccc(N3CC4(CCN4)C3)nc12,False
CNC(c1ccc(F)cc1)c1cc(OC)ncn1,False
CCC(C)(C)C(=O)OC1(C=O)CC(C)C=C2C=CC(C)C(CCC3CC(O)CC(=O)O3)C21,False
Cc1ccc(-c2nn(-c3ccccc3)cc2C=CC(=O)N2CCOCC2)cc1,False
COCCNC(=O)c1cc(NC(=O)c2ccccc2OC)ccc1N(C)C,False
CS1(C)c2ccccc2-c2nc(-c3cccc(-c4cccc(-c5ccc6ccccc6c5)c4)c3)nc(-c3cccc(-c4ccccc4)c3)c21,False
COc1cc(C=C2SC(=O)N(Cc3ccccc3Cl)C2=O)cc(Cl)c1OCc1ccccc1C,False
COC(=O)c1c(C)c(C(=O)CN(CC2CCCO2)C(=O)C2CC2)c(C)n1C,False
c1ccc(-c2nc(-c3ccccc3)nc(-c3cccc4c5ccc6c7ccccc7n(-c7ncccn7)c6c5n(-c5ccccc5)c34)n2)cc1,False
O=C(O)COC(=O)NC(Cc1ccccc1)CP(=O)(O)O,False
CCCN1C(=O)C(=Cc2ccc(OCc3ccc(Br)cc3)c(OCC)c2)SC1=Nc1ccc(Cl)cc1,False
COc1ccc(C=O)cc1OC1CC2C3CCC(C3)C2C1,False
CC.O=Cc1cccc(Nc2nc3ccccc3nc2NSc2ccc(Br)cc2)c1,False
CCn1cc(C(N)=NO)c2ccc(OC)cc21,True
C#CC=CC(=CC)N1C(=O)c2ccc(Oc3ccc(C(C)(C)c4ccc(Oc5ccc6c(c5)C(=O)N(c5ccc(ON=O)cc5)C6=O)cc4)cc3)cc2C1=O,False
O=CC=Cc1ccc(Cc2ccc(C=CC=O)cc2)cc1,False
CS(=O)(=O)C1CCN(Cc2ccc(-c3c(-c4ccccc4)c4c(C=O)c(N)cnc4n3S(=O)(=O)c3ccccc3)cc2)CC1,False
CNC(C#N)(CCSc1ncccc1Br)c1ccccc1,False
CCCC(O)(CCC)CSc1cccc(C=O)c1,False
CCn1c(=O)[nH]c(C)c([N+](=O)[O-])c1=O,False
Cc1cc(CN=C(NN)NCC(C)C)on1,True
N#Cc1ccnc(N2CCN(S(=O)(=O)c3ncccc3Br)CC2)c1,True
CC(C)(C)OC(=O)N(C=O)CCC(=O)O,False
CCCCCC.CCOC=O.NC(=O)S.NC(=O)S,False
COC(CC(C=O)C(C(N)=O)c1cccc2ccccc12)OC,False
CCCNc1cc(C(=O)O)nc(COc2ccc(C)cc2)n1,False
Cc1c(Br)cc(C(=O)N2CC3CCC(N)C3C2)cc1[N+](=O)[O-],False
NCCC1CCCN1C=O,False
Cc1cccc(OCC(=O)N2CCCC(C(=O)O)C2C)c1,False
CC(C)Cc1ccc(CCC=O)c(CN)c1,False
CC(C)(C)c1ccn(C(c2ccc3ccccc3n2)n2ccc(C(C)(C)C)n2)n1,False
CCn1cncc1CNC(C1CC1)C1CC1,False
O=S(=O)(NCCc1c[nH]c2ccccc12)c1cc(F)ccc1Cl,False
CC=CC(=O)CCCCS,False
CSC1(c2cc(N3CCOCC3)nc(-c3ccc(NC4CCC4)cc3)n2)CC1.NC=O,False
CN(c1ccccc1)C(Cc1ccccc1)C12C=CC(O1)C(COC=O)=C2,False
C=CCOP(=O)(OCCNC(=O)C(NC(=O)Cc1c[nH]c2ccccc12)C(C)CC)OCC(NC=O)C(=O)NCCCOC=O,False
COc1ccc(C2CCCCCN2CC(=O)Nc2cccc(S(N)(=O)=O)c2)cc1,False
CC.Cc1ccncc1S(C)(=O)=O,True
Cc1cc(C(=O)COC(=O)C2COc3ccc(Cl)cc3C2)c(C)s1,False
Cc1cc(-c2ccccc2)n(-c2ccc(C(=O)Nc3cccnc3)cc2)n1,False
O=CC1C=CC(c2cccc(-c3cccc(NC(=O)OCc4ccccc4)c3)c2)CC1,False
CCC(CC=O)n1cc(CCNC(=O)OC(C)(C)C)c2ccccc21,False
Nc1cc(Cl)c(C=CCCCl)c(Cl)c1,False
CCOc1c(C(C)=CC(=O)Nc2ccccn2)cc2c(C)coc2c1C,False
CCN(C(=O)c1cc(Br)cn1C)c1ccccc1,False
Cc1cccc(CN2CCN(C(=O)C3CCCN3C(=O)Cc3ccccc3)CC2)c1,False
CC(=O)O.CCC(NC(=O)CCc1cc(-c2ccc(-c3ccccc3)cc2)no1)C(=O)CCC(N)=O.O=CO,False
CCCCCCC(C=O)C1(c2c[nH]c3ccc(C)cc23)C(=O)Nc2ccccc21,False
O=C(c1csc2ccccc12)N1CCC2CCC(C1)N2,False
Cc1ccc(-c2cc3cc(C)c(F)c(F)c3s2)cc1,False
Cc1c(-c2cccc(C(=O)NC3C4CNCC43)c2)ccn1S(N)(=O)=O.O=CO,False
O=c1ccc(-n2cccn2)nn1C1COCC1Nc1ncnc2[nH]ccc12,False
COc1cccc(COC(=O)c2ccccc2C(=O)c2ccc3c(c2)OCCO3)c1,False
CCCCC(CC)C(NC)c1ccc(C(C)(C)CC)cc1,False
CCN(CC)C(=O)CN(C)c1nc(C)cc(C#N)n1,False
CN=C(N)NCc1ccccc1-c1ccc(Cn2cncn2)cc1.I,False
COc1cccc(-n2ncc3c(NN=Cc4ccc(S(C)(=O)=O)o4)ncnc32)c1,True
O=C1CC(S)CN1c1ncnc2n[nH]c(Br)c12,False
CNCCN(C)C(=O)C(Cc1ccccc1)NC(=O)c1ccc(Cl)cc1,False
S=C1NC2NONC2NC1=S,True
CN=C(NCC1(N2CCCCC2)CCN(C)CC1)N1CCN(c2cccc(OC)c2)CC1.I,True
O=Cc1c2c(cc3c1=Cc1ccccc1O3)=CCO2,False
CCCOc1ccc(B(O)O)cc1,True
O=C(Nc1nc(-c2ccc(Cl)cc2Cl)cs1)c1cc(-c2ccc3c(c2)OCO3)nc2ccccc12,False
COC1=CC(=O)c2c(c(COC(N)=O)c(C)n2C)C1=O,False
CCCCCCCCCCCCCCCCCCCCCCCCCCCCCCC=CC(O)C(COP(=O)(O)OCC[N+](C)(C)C)NC(=O)CCCCCCCCCCCCCCCCCCCC,False
O=C(NCCOc1ccc(Cl)cc1)c1nnn(-c2ccc(Br)cc2)c1C1CC1,False
CN(C)Cc1cnc(-c2c(CO)cccc2C2CCCCC2)o1,True
Cc1ccc2[nH]c(C)c(C=Cc3cc[n+](C)cc3)c2c1.[I-],False
CC(C)(C)OC(=O)CCC(NC(=O)c1cc(OC2CCCC2)nc(-c2ccccc2)n1)C(=O)N1CCNCC1,False
Cc1ccc(Nc2ccc(C(=O)N3CCN(C=O)CC3)nn2)cc1Cl,False
Cc1nnc(C=Cc2c(Cl)ccc3cc(Cl)cnc23)s1,False
CCOc1ccc(NS(=O)(=O)c2cc(C(=O)NCCCOCC3CC3)ccc2Cl)cc1,False
CC(C)(N)Cc1cc(F)ccc1O,False
C=C(C)C(=O)OC=CCP(=O)(O)O,True
O=C(Cc1cc(Cl)cc2c1OCC2)c1cccc(Br)c1,False
O=Cc1ccc(-c2noc(C3CCC3)n2)o1,False
O=Cc1cccc(-c2cccc3ccccc23)n1.O=Cc1cccc(Br)n1.OB(O)c1cccc2ccccc12,False
COCC(C=O)(Cc1ccccc1)N=C=O,False
C=CC(=NC=CC)C(=O)NCC(=O)NC(C(=O)N1CCCC1C(=O)NC(CCCC)C(=O)C(=O)NCC)C(C)(C)C,False
O=S(=O)(CC1CCCN1)NCCc1ncon1,True
C=C(C)C(=NCC(C=CCNC)=CC(C)C=CC=O)NC(=CC)c1ccc(C(=O)NOCC(C)(C)O)c(C)c1,False
CCOc1nc(N)nc(N2CC(=O)NC(=O)C2C)n1,False
Cn1c(=O)n(-c2cccc(Oc3ccc4c5ccccc5n(-c5cccc(C(C)(C)C)c5)c4c3)c2)c2ccccc21,False
CCCc1cc(Nc2ccc(OCC)cc2)n2ncc(-c3ccccc3)c2n1,True
CC1CCN(CC(N)c2ccc(C(C)(C)C)cc2)CC1,False
CC(=O)C=CNc1ncn[nH]1.CC1CCN(C(=O)CC#N)CC1N(C)c1ccnc2ncnn12.CCOC(=O)C(Br)CBr.CNC1CN(C(=O)CC#N)CCC1C.C[O-].Cl.Clc1ccnc2ncnn12.Nc1ncn[nH]1.O=P(Cl)(Cl)Cl.O=c1ccnc2nc[nH]n12.[Na+],False
CC(=O)c1cccc(O)c1-c1ccc(C=O)o1,False
CC1CN(c2ccc(C(=O)O)c3ccccc23)CCCO1,False
CN1C(=O)c2cc(I)c(Br)cc2C1(C)C,False
CN(CC(C)(C)C)c1nc(Cl)nc(N2CCCC2)n1,False
C=CCOc1ccc(C(=O)N2CCNC(=O)C2CC(=O)OC(C)CC)cc1Br,False
CC(C)OCCCS(=O)c1ccc2c(c1)OCCCO2,True
C#Cc1cccc(NCc2ccccc2OC(F)F)c1,False
CCOC(OCC)C1=C(C=O)SC(=C2C(=S)SC3SSC(=O)C3N2CC)S1,False
CCOCCO[N+](=O)[O-].NC=O.O=C(O)c1ccc(Cl)c(S)c1,False
C#CC=CC(=CC)CNC(C#N)C(CC1CCNC1=O)NC(=O)C(CC(C)C)NC(=O)c1cc2c(OC)cccc2[nH]1,False
CCCCOc1ccc(C=c2sc3nc(C=Cc4ccc(Cl)cc4)nn3c2=O)cc1OCC,False
O=C(Nc1ccccn1)c1cc(S(=O)(=O)C2CCS(=O)(=O)C2)ccc1Cl,False
COC=O.OCc1ccco1,False
CCCCCCCCCCCCCCCCCCCCCC(=O)OCC(COC(=O)CCCCCCCCCC(C)C)OC(=O)CCCCCCC,False
CCCCC(O)C1OC2SC(=NC)NC2C(O)C1O,True
c1ccc(-c2cccc(-c3nc(-c4ccccc4)nc(-n4c5ccccc5c5ccc(-c6ccc(N(c7ccccc7)c7ccccc7)cc6)cc54)n3)c2)cc1,False
C=NNN(C)CCCCC,False
CCCN(CC=O)C(=O)Nc1nnc(C2CCC2)s1,False
COC(=O)C(C=O)c1cccc(C)c1,False
CCCCCCC(C)c1ccccc1S(=O)(=O)O,True
Cc1cccc(NC(=O)CCCn2nc(-c3ccc(Cl)cc3)ccc2=O)c1C,False
SN1CSC(c2cccnc2)O1,True
COc1ccc(-n2c(SCCO)nnc2-c2ccccc2Cl)cc1,True
O=C(Cl)CC1C=CCCC1,False
N#Cc1cc(-c2nc(Cl)c(C=O)s2)ccc1-c1ccccc1,False
c1ccc(-c2ccc(-c3cccc(-c4cccc(-c5ccc6c(c5)C(c5ccccc5)(c5ccccc5)c5ccccc5-6)c4)c3)cc2)cc1.c1ccc(-c2cccc(-c3cccc(-c4ccc5c(c4)C(c4ccccc4)(c4ccc6ccccc6c4)c4ccccc4-5)c3)c2)cc1.c1ccc(C2(c3ccccc3)c3ccccc3-c3ccc(-c4cccc(-c5ccc(-c6cccc(-c7ccc8ccccc8c7)c6)cc5)c4)cc32)cc1.c1ccc(C2(c3ccccc3)c3ccccc3-c3ccc(-c4cccc(-c5cccc(-c6ccc7ccccc7c6)c5)c4)cc32)cc1.c1ccc(C2(c3ccccc3)c3ccccc3-c3ccc(-c4cccc(-c5cccc(-c6cccc7ccccc67)c5)c4)cc32)cc1,False
Cc1nc(C(=O)NCc2cncc(-c3ccc4c(c3)CCC(=O)N4C)c2)c(C)o1,False
O=C(CCC1CCNC1)NCCc1cccc(Cl)c1,False
CC(C)N1CCN2C(=O)OCC2C1,False
CCC(C)NC(=O)COc1ccc(Cl)c(C)c1,False
Cc1ccc(S(=O)(=O)N(CC(=O)NCCSC2CCCC2)c2cccc(Cl)c2)cc1,False
COc1ccc(-c2nc(CSc3nnc(-c4cc(Cl)ccc4Cl)n3N)cs2)cc1OC,True
O=CC1COC2(CCCCC2)O1.O=S(=O)=O.O[CH-]C1COC2(CCCCC2)O1.[Na+],False
Cc1cccc(OCC(=O)Nc2ccc(Cl)cc2-c2nc3ccccc3s2)c1C,False
CC(C)CC(C(=O)NCc1ccc(Cl)c(Cl)c1)N(C=O)CCC(C[S+](C)c1ccccc1)N1CCC(N)C1.[CH3-].[Re],False
Cc1c(C=O)[nH]c(-c2nc3n(n2)CCC3)c1C=O,False
O=PCCCCCCCCCc1ccccc1,True
CN(C)C(C=C(N)N)=CN,False
CCOC(=O)C=c1sc(=Cc2cccc(OCC)c2OC)c(=O)n1CC(=O)N(CC)CC,False
CCC=CCC=CCC=CCC=CCC=CCCCC(=O)OC(COC(=O)CCCCC(=O)CC1C(O)CC(O)C1C=CC(O)CCCCC)COP(=O)(O)O,False
CC(NC(=O)CO)N1CCNCC1,False
CCn1c(SCC(=O)Nc2ccc3c(c2)OCCO3)nc2sc3c(c2c1=O)CCCC3,False
Cc1nc(C)nc(-c2ccc3c4ccccc4n(-c4ccc(-c5cccc(C#N)c5)c(-n5c6ccccc6c6ccc(-c7nc(C)nc(C)n7)cc65)c4C#N)c3c2)n1,False
COc1cc(C=O)ccc1O.c1cnnnc1,False
CN(Cc1ccccn1)Cc1ccc(C(N)=S)cc1Cl,False
CCCC(C)NC(=O)C(C)(C)Oc1ccc(Cl)cc1,False
CCCCOC(=O)NCC(C)C=O,False
CC=CCCNC(=O)N1CCC(C)(C(=O)O)C1,False
CCOC(=O)c1[nH]c(C)c(S(=O)(=O)N(CC(C)(C)O)C2CCOCC2)c1C,False
O=C(CSc1nnc(CNC(=O)c2cc(Cl)ccc2Cl)n1-c1ccc(Br)cc1)Nc1nccs1,False
CCCCC(CC)COCc1ccc(-c2ccc(-c3ccc(-c4ccc(-c5ccc(CNC(=O)CCCc6ccc7ccc8cccc9ccc6c7c89)s5)s4)s3)s2)s1,False
Cc1c(C(F)(F)F)ncc(OC(F)(F)F)c1C(F)F,False
CC(C)CCn1ccc2cc(C=O)ccc21,False
Cc1cc(Cc2cnc3c(N)ncnn23)cnc1N1CCNCC1,False
CCC(CCCC=O)OC(C)=O,False
C=C(NC1(C(F)(F)F)C(=C)Nc2nc3c(C#N)c(Cl)ccc3n21)c1cccc(NC(C)COC)n1,False
CC=c1ccc(C(=O)O)nc1=CC,False
C=CC(=O)N(C)c1ccccc1CC=O,False
O=C(NN1C(=O)C(=Cc2cccc(Oc3ccc([N+](=O)[O-])cc3[N+](=O)[O-])c2)SC1=S)c1ccccc1,False
CS(=O)(=O)Nc1cccc(-c2nc3n(c2-c2ccc(C4(NC(=O)O)CCC4)cc2)-c2cccnc2Nc2ccccc2-3)c1,False
COC(=O)CCCCCCCCCCc1nccn1C,False
CCOC1CN(C(=O)OC(C)(C)C)C(CC)(C(=O)O)C1,False
CCS(=O)(=O)N1CCC(Nc2cccnc2)C1,True
CC1OC2(COc3cc([N+](=O)[O-])ccc3SC2)OC1C,True
CCOC(=O)C=C(C)N1CCCC1.CCOC(=O)c1c(-c2ccc(C)cc2)noc1C.Cc1ccc(-c2noc(C)c2C(=O)O)cc1.Cc1ccc(C(Cl)=NO)cc1.Cc1ccc(C=NO)cc1.Cc1ccc(C=O)cc1.Cl.NO.[Li+].[OH-],False
c1ccc2c(-c3c4ccccc4c(-c4ccc5cc(-c6cc7c8cc9oc%10ccccc%10c9cc8sc7c7ccccc67)ccc5c4)c4ccccc34)cccc2c1.c1ccc2c(-c3c4ccccc4c(-c4ccc5cc(-c6cc7c8ccc9c%10ccccc%10sc9c8oc7c7ccccc67)ccc5c4)c4ccccc34)cccc2c1.c1ccc2c(-c3c4ccccc4c(-c4ccc5cc(-c6cc7c8ccc9oc%10ccccc%10c9c8sc7c7ccccc67)ccc5c4)c4ccccc34)cccc2c1.c1ccc2c(-c3c4ccccc4c(-c4ccc5cc(-c6cc7oc8ccc9c%10ccccc%10sc9c8c7c7ccccc67)ccc5c4)c4ccccc34)cccc2c1.c1ccc2c(-c3c4ccccc4c(-c4ccc5cc(-c6ccc7c(ccc8c9cc%10c(cc9sc78)oc7ccccc7%10)c6)ccc5c4)c4ccccc34)cccc2c1,True
O=CC1c2ccccc2CC1OCBr,False
CON=C(C(=O)NC1C(=O)N2C(C(=O)[O-])=C(Cn3cc[n+](C)n3)CSC12)c1csc(N)n1,False
Cc1cc2nc3c(C)ccc(C)c3cc2c(NCCN(C)C)n1,False
CSc1c(NC2CCC(O)CC2)sc(C(C)=O)c1N,False
CCc1cccc2cccc(N3CCc4c(nc(OCC56CCCN5CCC6)nc4N4CCCC5(CC(=O)N5)C4)C3)c12,False
CC(CC=O)c1cc2c(cc1Br)OC(C)(C)O2,False
CN=C1C(C(C)=[NH2+])=NNC1O,True
CNc1ccc(C(=O)NCCc2ccccc2OC)nn1,False
O.O.O.O=C[O-].O=C[O-].O=C[O-].[Al+3],False
CCOC(=O)CSc1nc2c(sc(=S)n2-c2cc(Cl)ccc2OC)c2nc3ccccc3n12,False
O=C(NNC(=O)c1ccc2c(c1)OCCO2)c1ccc(N2C(=O)CCC2=O)cc1,False
NC(=O)N1N=C(C2CC2)CC1c1ccc(Cl)cc1,False
CCOc1ccc(CNc2nc3nc(C)cc(=O)n3[nH]2)cc1,False
CC(=O)OCc1ccc(I)c(C(=O)OC(C)(C)C)c1,False
CCCC1CCC(C(F)(F)Oc2ccc(-c3cc(F)c(C(F)(F)OC(F)(F)F)c(F)c3)cc2)CC1,False
CC(C)CCCCCCCCOC(=O)C1CCCC(C(=O)OCCCCCCCCC(C)C)C1C(=O)OCCCCCCCCC(C)C,False
CC(=O)c1cncc2c1CN=C2,False
COc1cc(Nc2ncnc3c(C=Cc4cc(C5(NC=O)CC5)ccc4C)csc23)cc(OC)c1OC,False
CC(C)OC=O.CC(C)OP(=O)([O-])[O-].[K+].[K+],False
OCC1(Cc2ccc(Cl)c(Cl)c2)CCCC1,True
CC=C(Nc1cc(-n2ccccc2=O)ccc1-n1cc(CNC(=O)c2ccc(Cl)s2)nn1)c1cccnc1,False
CCN(c1ccccc1C)C1(CN)CCN2CCCC2C1,False
CCCCCCCCC(O)C(CCCCCCCC=O)OC(=O)C(CC)CCCC,False
Cc1ccc(C#N)c(Nc2ccc(OC(C)C)cc2)n1,True
CC(C)CCCCCCNCCc1ccccc1,False
COc1cc(CO)c(Br)cc1OCc1ccccc1,True
CCN(CC)CCCN=C(N)Nc1ccccc1OC.I,True
CC1(O)C(OCCCCCCCC=O)C(CO)OC1n1ccc2c(N)ncnc21,False
C[SiH2]NN=C(C)O[SiH2]C,True
CC.CC.CC(CCN1C(=Cc2sc3ccc4ccccc4c3[n+]2CCCS(=O)(=O)[O-])Sc2ccc(Br)cc21)S(=O)(=O)O.CCC(=Cc1oc2cc3ccccc3cc2[n+]1CCCCS(=O)(=O)[O-])C=C1Oc2cc3ccccc3cc2N1CCCCS(=O)(=O)[O-].CCC(=Cc1oc2ccc3ccccc3c2[n+]1CCCS(=O)(=O)[O-])C=C1Sc2ccc(Br)cc2N1CCCS(=O)(=O)[O-].CCNCC.CCNCC.[K+],True
CCOC(=O)C(=Cc1ccccc1)CNCc1ccccc1,False
Cc1c(C(=O)N(C)C)cccc1-c1cncs1.Cl,False
CCC1CN(CC(=O)Nc2ccc(Cl)cc2)CCC1=NO,False
CC(=CC(N)=O)c1ccc(Cl)cc1,False
CSc1nc(Cl)cc(=O)n1CC=O,False
CNC(N)=CNC=O,False
CCS(=O)(=O)c1ccc2c(c1)N(CC(=O)N1CCCN1C(=O)c1ccc(OC)nc1OC)C(=O)CO2,False
CCCC(C)NC(=O)N1CCC2(CC1)C(=O)N(c1cccc(Cl)c1)C2c1ccccn1.COC=O,False
Clc1ccc(CN2CCN(Cc3ccccc3)CC2)nn1,False
COc1cc(I)cc2cc(C=O)sc12,False
CCCCC=CCCCCCCO.O=CO,False
N#CC(CC1C2CCC1CNC2)(c1ccccc1)C1CCCCC1,False
C=Cc1ccc2ccccc2c1C1CC([Si](C)C)CCO1,True
CCc1ccccc1CNc1ccc(C)c(I)c1,False
CC(=O)N1CC2CC1C2c1ocnc1C(=O)O,False
COc1cccc(C(C)NC(CO)C(C)C)c1,True
N#Cc1cscc1NC(=O)c1csc2ncc(N3CC4CCC3CN4)nc12.O=CO,False
O=c1[nH]c(CNC2CCCc3sc(I)cc32)cs1,False
CCC(NC(=O)OCc1ccccc1)C(=O)Cn1nnnc1Sc1cccc(Cl)c1Cl,False
CC.CC.CC.CNc1ccc(Sc2nc(Nc3cc(C)[nH]n3)cc(N3CCN(C)CC3)n2)cc1.O=CC1CC1,False
COC(=O)c1cccc(NC(=O)c2nnn(-c3ccc4noc(-c5ccccc5)c4c3)c2C)c1,False
O=c1[nH]c(C=Cc2ccc(-c3ccc(Cl)cc3[N+](=O)[O-])o2)nc(O)c1[N+](=O)[O-],False
CNC(=O)NC(=O)C(C)Sc1nnc2n(-c3cccc(OC)c3)c(=O)c3ccccc3n12,False
C=C(C)C(=O)OC(COCC)OOC(C)(C)C,False
Cc1ccc(OCC(=O)N2CC[NH+](Cc3nc4ccccc4s3)CC2)c(C)c1,False
O=C(NNCC(=O)c1ccccc1[N+](=O)[O-])c1ccccn1,False
Cc1ccc(C2C3=C(CCC=C3)C(C3C=CC(c4cccc(C5=[N+]=CC=C5)c4)=C4C=CC=CC43)=C3CCC=CC32)cc1,False
CCOC1(c2cccnc2)C=CC(N2CCN(C(=O)N3CCc4cccc(C)c43)CC2CC)=C(C(=O)NC2CCNC2)N1,False
Cc1ccc(CN2CCC3CCC(C2)N3)c(C)c1.Cl,False
Cc1cccc(-n2nnc(C=O)c2C2CCC2)c1,False
CN(c1cc(N2CCN(C=O)CC2)ncn1)C1CCS(=O)(=O)C1,False
COc1cccc(-c2ccc(CCC(=O)O)cc2C)c1OC,False
CS(=O)(=O)Nc1cc(S)c(C(=O)CNC=O)cc1Cc1ccccc1,False
Cl.Cl.Cl.Cl.NC(=O)CCCCCCCCC(N)=O,False
C=CCOC(=O)C1=C(C)NC(CCl)=C(C(=O)OC)C1c1cccc2nonc12,False
C=CC=C(C=CC)c1cc(C)cc(C2=CCNC=C2)c1,False
Cc1cccc(C)c1NC(=O)c1cnc(Nc2ccc(N3CCN(CCN(C)C)CC3)cc2)nc1Oc1cccc(-c2ccn[nH]2)c1,False
CNCc1cccc(N=C(C=O)NC(Br)=CN(C)C)c1,False
COc1ccc(C=C2SC(=NC(C)C)N(C(C)C)C2=O)c(C)c1,False
SCCCCCCCCCCCCCC1CCC1,False
Cl.Cl.Fc1ccc2nccc(C3CC4CCC(C3)N4)c2c1,False
CCn1nccc1C(=O)N1CCCC(n2c(=O)n(C)c3cccnc32)C1,False
Cc1ccc(OCc2cc(C(=O)N3CCCCC3CCc3ccccn3)no2)cn1,False
Cc1ccc(S(=O)(=O)NC2(C)CCNC2)cc1C(N)=O,True
COc1cc2c(C=O)c(O)ccc2cc1C#N,False
CC(=O)Nc1ccc2c(COC(=O)CSc3cccc[n+]3[O-])cc(=O)oc2c1,False
COCCN1CC(C(=O)N(C)Cc2ccc3nonc3c2)CC1=O,False
CC(C)CC(N)C(=O)N(C(=O)C1CCCCC1)C(C=O)CCCN=C(N)N.Cl,False
CNC1CCN(C(=O)CC(C)(C)OC)c2ccccc21,False
Cc1n[nH]c(C)c1-c1cc(-c2ccccn2)c2c(-c3ccccn3)[nH]nc2n1,False
C1CCOC1.CC(C)(C)[Si](C)(C)n1ccc2c(C=O)ccnc21.COCN(c1cc(C)cnc1Br)S(=O)(=O)c1ccc(Cl)c(Cl)c1.COCN(c1cc(C)cnc1C(=O)c1ccnc2c1ccn2[Si](C)(C)C(C)(C)C)S(=O)(=O)c1ccc(Cl)c(Cl)c1.COCN(c1cc(C)cnc1C(O)c1ccnc2c1ccn2[Si](C)(C)C(C)(C)C)S(=O)(=O)c1ccc(Cl)c(Cl)c1.C[CH-]C.Cc1cnc(C(=O)c2ccnc3[nH]ccc23)c(NS(=O)(=O)c2ccc(Cl)c(Cl)c2)c1.Cl.[Cl-].[Mg+2],False
CC=CCc1ccccc1OOC(C)=O,False
C.CC.CC(C)(C)OC(=O)N1CCN(c2ccc3c(c2)C(=O)N(C2CCC(=O)NC2=O)C3=O)CC1.CC(C)(C)OC(=O)N1CCNCC1.CC(C)(C)OC(=O)NCCOCCOCC=O.CC(C)(C)OC(=O)NCCOCCOCCN1CCN(c2ccc3c(c2)C(=O)N(C2CCC(=O)NC2=O)C3=O)CC1.Cl.Cl.NCCOCCOCCN1CCN(c2ccc3c(c2)C(=O)N(C2CCC(=O)NC2=O)C3=O)CC1.O=C1CCC(N2C(=O)c3ccc(Br)cc3C2=O)C(=O)N1.O=C1CCC(N2C(=O)c3ccc(N4CCNCC4)cc3C2=O)C(=O)N1.[B]I.[Y],False
Cc1c(Cc2c(CC3CCCC4(CC3)CCS(=O)(=O)C4)nc3c(N=CN(C)C)cc(N4CCOCC4)nn23)cccc1C(F)(F)F,False
CCOc1n[nH]c(NC(=O)C2CSc3ccccc32)n1,False
CCOC(=O)C1=CC(OC(CC)CC)C(NC(C)=O)C(N)C1.O=CO,False
CCCCCCCC(=O)OCCCl,False
C=C(C)c1nc(C=O)co1,False
CN(C)c1ccc(C(=O)N2CCC(N(C)C)C2)cc1,False
CCCCCCCCC(O)c1cc(Cl)cc(Br)c1OC,True
CCOc1cc(C=O)cc(Br)c1OCc1ccc(C(=O)OC(C)C)o1,False
Nc1ccc(NCCCNC=O)cc1,False
Cc1ncn(C2(c3ccc(Cl)cc3Cl)OCCO2)n1.Clc1ccc(C2(Cn3cncn3)OCCO2)c(Cl)c1,True
CCCCCCCCCCCCCCCCCC(=O)OO.OCC(O)CO,False
COc1cnn(C(C)C)c1C(O)c1ccc(Cl)o1,True
C=CCOC12Oc3ccc(Oc4cccc(C=O)c4)cc3C3C(CCCCO)C(CCCCO)C=C(C(=NOC(C)(C)C)CC1N(CCC)C(=O)OCCCCCCCCCCCC)C32,False
Cc1c(-c2cc3cc(OCc4cccnc4)ccc3o2)[nH]c(=O)c(C)c1O,False
Cc1nn(C)cc1C(=O)C1CC2CCCC(C1)S2(=O)=O,False
CC.CCCC(C)(Cc1ccccc1)c1nnc(N(C)CCN(C=O)CC)n1C,False
C=C(c1ccccc1OC(=O)c1ccccc1O)C(C)(C)C.CC(=O)C(CC(=O)O)NC(C)(C)C.CC(=O)C(Cc1ccc(O)c(O)c1)NC(C)(C)C.CC(=O)NC(CC(=O)C(C)(C)C)C(=O)O.CC(=O)Nc1ccc(OC(C)(C)C)cc1.CC(=O)Oc1ccccc1C(=O)C(C)(C)C.CC(C)(C)C(=O)C(N)Cc1c[nH]c2ccc(O)cc12.CC(C)(C)C(=O)CC(O)C[N+](C)(C)C.CC(C)(C)C(=O)CCCC(=O)C(O)C(C)(C)CO.CC(C)(C)C(=O)CCCCC1SCC2NC(=O)NC21.CC(C)(C)C(=O)c1ccccc1O.CC(C)(C)NCCS.CC(C)(C)Oc1ccccc1C(=O)O.CC(C)(C)Oc1ccccc1C(N)=O.Cc1c(C)c2c(c(C)c1OC(=O)C(C)(C)C)CCC(C)(CCCC(C)C(C)C)O2.Cc1ncc(CO)c(CNC(C)(C)C)c1O,False
Br.Br.CC(C)(C)OC(=O)Nc1ccccc1NC(=O)c1ccc(C=O)cc1.CC(C)(C)OC(=O)Nc1ccccc1NC(=O)c1ccc(CNc2ncc(Oc3ccccn3)s2)cc1.COC(=O)c1ccc(C=O)cc1.NC(N)=S.Nc1nc[c-]s1.Nc1ncc(Br)s1.O=C(CBr)c1cnccn1.[Y].[Y].[c-]1ccccn1.[c-]1cccnc1,False
CN1CCC(NS(=O)(=O)c2ccc(C#CCO)cc2Cl)C1,True
CC(=O)NC1CC2CCC(C1)N2Cc1ccc(C2COc3cccnc3O2)cc1,False
CCc1nc([N+](=O)[O-])c2ccc(C=O)cn12,False
CC1CCCC1CNC(=O)Nc1cc(Cl)cc(C(=O)O)c1,False
CC[N+](CC)(CC)CCCCCCCCCC[N+](C)(C)C,False
CC1(n2nnc3ccccc32)CCCCC1=O,False
CC1(C)COC(C2CC(Br)=NO2)O1,True
CC(NC(=O)c1ccccc1NS(=O)(=O)c1cnc(Cl)n1C)c1ccccc1,False
NC(Cc1cccc(CS(=O)c2nc(-c3ccccc3)n[nH]2)c1)C(=O)C=O,False
CN1CCN(c2cccc(N(C)C(=O)c3cc4nc(N(C)Cc5ccccc5)cc(-c5cn[nH]c5)n4n3)c2)CC1,False
CCC1N=C(c2cccc(F)c2)c2cccn2-c2cc3c(cc21)OCCO3,False
CCOc1cc(C=C(C#N)C(=O)NCc2ccc(OC)cc2)c(Br)cc1OCc1ccc(Cl)cc1,False
CON=C(C(=O)NC=O)c1ccccc1,False
CC(C)CC(N)C1N=c2cccc(Cl)c2=CN1c1cccnc1,False
CC(=C1SC(=Nc2cc(C(=O)O)cc(C(=O)O)c2)NC1=O)c1ccc(N)cc1,False
C=C(C=CC=CC)C1(CC)CC(=O)N(C(CCC)c2cccc(C(=O)NC3c4ccccc4CC3O)c2)C(N)=N1,False
O=Cc1ccc(-c2cccc3sc(C(=O)[O-])c(Cl)c23)cc1,False
CC1NCCN(CCN2CCN(C)CC2)C1=O,False
Cc1ccccc1-c1nn(-c2ccncc2)cc1C=O,False
O=S(=O)(OC1=C(Cl)C=C(Cl)CC1Cl)c1cnn2c1OCC1(CC1)C2,True
CC=C(Sc1ccc(CCCNc2nc3cc(C(=O)CCC(=O)O)sc3cc2OC)c(OC)c1)C(=O)CCC=O,False
C1=C(c2ccccc2)NC(c2ccc3c(c2)C(c2ccccc2)(c2ccccc2)c2cc4ccccc4c(-c4ccccc4)c2-3)N=C1c1cccc(-c2ccccc2)c1,False
C.C.C.C.CC.CC.CCCCNC(=O)C(CSC(c1ccccc1)(c1ccccc1)c1ccccc1)CC(=O)C(N)CSC(c1ccccc1)(c1ccccc1)c1ccccc1.CCCCNC(CS)C(=O)CC(CSC(c1ccccc1)(c1ccccc1)c1ccccc1)C(=O)NC(CSC(c1ccccc1)(c1ccccc1)c1ccccc1)C(=O)CCCNC.CN(CC=O)C(=O)OC(C)(C)C.CN(CCCC(=O)C(CSC(c1ccccc1)(c1ccccc1)c1ccccc1)NC(=O)C(CSC(c1ccccc1)(c1ccccc1)c1ccccc1)CC(=O)C(CSC(c1ccccc1)(c1ccccc1)c1ccccc1)NC(=O)OCC1c2ccccc2-c2ccccc21)C(=O)OC(C)(C)C.CN(CCCC(=O)C(CSC(c1ccccc1)(c1ccccc1)c1ccccc1)NC(=O)C(CSC(c1ccccc1)(c1ccccc1)c1ccccc1)CC(=O)C(CSC(c1ccccc1)(c1ccccc1)c1ccccc1)NCCN(C)C(=O)OC(C)(C)C)C(=O)OC(C)(C)C.CN(CCCC(=O)C(CSC(c1ccccc1)(c1ccccc1)c1ccccc1)NC(=O)C(CSC(c1ccccc1)(c1ccccc1)c1ccccc1)CC(=O)C(N)CSC(c1ccccc1)(c1ccccc1)c1ccccc1)C(=O)OC(C)(C)C.O=C(NC(CSC(c1ccccc1)(c1ccccc1)c1ccccc1)C(=O)O)OCC1c2ccccc2-c2ccccc21,False
O=C(O)c1cc(S(=O)(=O)Cc2cccc(O)c2)ccc1Br,False
CN1CCN(c2nc(-c3cn(C)c4ccccc34)n3nccc3n2)CC1,False
CCNC(=O)C(C)NC1CCOC1,False
CC(NC1CC1)C1CCCNC1,False
Cc1nc(NC(C)c2cc3ccccc3o2)nc(NC2CC(CO)C(O)C2O)c1-c1nc2cnccc2s1,True
CC(=O)CCN1C(=O)CC(C(C)=O)NC1(C)C(C)=O,False
CC(C)(C)CC(=O)N1CCN(S(=O)(=O)c2cccnc2)CC1,False
CCN(CC)c1nc(-n2cccn2)nc2cc(F)c(OC3CCCCC3)cc12,False
C=CCOC12Oc3ccc(Oc4ccc(-c5ccccc5)cc4)cc3C3C(CCCCO)C(CCCCO)C=C(C(=NOC)CC1N(C)C(=O)Cc1cccc(OC)c1)C32,False
CC.COCC1OC(OCC2OC(OC)CC(O)C2O)CC(OCC(=O)NCCN)C1O,False
CCOC(=O)C1=C(C)N=c2sc(=Cc3ccco3)c(=O)n2C1c1ccc(Cl)cc1,False
Cc1ccc(-c2noc(-c3ccc(=O)n(Cc4cc(C)ccc4C)c3)n2)cc1,False
O=C(O)c1sccc1CNCc1ccccn1,False
CC1(N2C(=O)c3cccc(N)c3C2=O)CCOC1,False
CC=CCCNC(=O)C1CCCCC1C(=O)O,False
O=CCC1CCCN(C2CC2)C1,False
CC=Cc1cc2cc(C(=O)CCC(=O)O)sc2cc1OC,False
CCCCC=CCCC=CC(O)C(COP(=O)(O)OCC[N+](C)(C)C)NC(=O)CCCCCCCCCCCCCCCCCCCCCCC,False
COc1ccc(-n2c3ccccc3c3ccc4cc(NC=O)c(O)cc4c32)cc1,False
CC(C)C(C)C.CC(C)CC(N)CO.CC(N)C(O)c1ccccc1.CC=CCC=CCCCCC.CC=CCC=CCCCCC.CCC(=O)NC(CO)C(C)C.CCC(=O)O.CCC(C)C(N)CO.CCCCCC=CCC=CCCCCCCCC(=O)NC(C)C(O)c1ccccc1.CCCCCC=CCC=CCCCCCCCC(=O)NC(CO)C(C)CC.CCCCCC=CCC=CCCCCCCCC(=O)NC(CO)CC(C)C.CCCCCC=CCC=CCCCCCCCC(=O)NCC(O)c1ccccc1.CCCCCC=CCC=CCCCCCCCC(=O)ON1C(=O)CCC1=O.NCC(O)c1ccccc1,False
C=CC=C(c1cc(F)cc(CCCN2CCCC2)c1)c1nc(-c2n[nH]c3ccc(C(C=C(C=C)CC4CCNCC4)=CC)cc23)[nH]c1C.CC,False
CC(C)(C)N1CCC2(CCCNC2)C1=O.Cl,False
COc1cc2c(cc1OC)c1c(OC)c(OC)c(OC)cc1c1c(-c3c(F)c(F)c(F)c(F)c3F)c(-c3c(F)c(F)c(F)c(F)c3F)c(C)cc21,False
C=CCN(C(=O)C(C)NC(C)C=O)C(NC(C)C=O)C(=O)NC(NC(C)C=O)C(=O)CC(NC(C)C=O)C(=O)NC(NC(C=O)CCC(=O)O)C(=O)CC(NC(C)C=O)C(=O)OC,False
Cc1[nH]ncc1C1(C)CNCCN1C,False
CC=CC(C)(C(=O)OC(C)OC(=O)CC)C(=O)OC(C)OC(=O)CC,False
COC(=O)c1ccc(CN(CCCCC=O)CCOCc2ccc(Oc3ccc(N)cc3)cc2)cc1,False
CN(C=O)C1CCN(c2cnccn2)CC1,False
COc1cccc(NC(=O)c2sc3nc(-c4ccc(Cl)cc4)cc(-c4ccco4)c3c2N)c1,False
O=C(NC1CCNCC1)C(C1CCCCC1)C1CCCCC1,False
Cc1cc(=O)[nH]n1-c1ccc(N=Cc2c(O)[nH]c3cc(-c4ccccc4)ccc23)cc1,False
CCCCOC(=O)c1ccccc1NC(=O)N1CCN(CC=Cc2ccccc2)CC1,False
O=C(CSc1nnc(N2CCCC2)n1Cc1ccco1)N1CCc2[nH]c3ccccc3c2C1,False
C1=COCC1.Cn1nc(C2C=CCO2)c2nc(NCc3ccc(Cl)c(Cl)c3)[nH]c(=O)c21.Cn1nc(C2CCCO2)c2nc(NCc3ccc(Cl)c(Cl)c3)[nH]c(=O)c21.Cn1nc(I)c2nc(NCc3ccc(Cl)c(Cl)c3)[nH]c(=O)c21,False
Cc1ccc(NC(=O)NC(=O)Cn2cnc3sc(-c4ccccc4)c(C)c3c2=O)c(C)c1,False
CC([O-])=NS(=O)(=O)c1ccc(N)cc1.CCCCCCCCCCCC[N+](C)(C)Cc1ccccc1,True
NC(C=O)CCC(=O)NC(CS)C(=O)O,False
CC1CCN(c2cccc(C3=CCc4ccc(-c5nnc(N)s5)cc43)n2)CC1,False
O=Cc1ccc(NC(=O)CCCc2ccc(-c3ccccc3)c(NC(=O)OC3CN4CCC3CC4)c2)cc1,False
CCN1CCN(CCOc2ccc3nc(C)n(-c4ccc(C(N)=O)cc4)c(=O)c3c2)CC1=O,False
Cl.c1ccc(C(c2ccccc2)N2CC(OCc3cc4ccccc4s3)C2)cc1.c1ccc2sc(COC3CNC3)cc2c1,True
[CH-]=CC1=[C-]c2cccc[n+]2C12c1ccccc1-c1cccc[n+]12.[Y],False
CC1(C)CCC(C)(C)c2cc(C(=NO)c3ccc4cc(CCC(=O)O)ccc4c3)ccc21,False
C=C[C-]=C(C)N=C(C=C(C)C)c1ccccc1O.CC.CC(=O)CC1CCCCC1.CCCCC(CC)CC.[CH3-].[W+2],False
CC(C)(O)CCC1CN(C(=O)OC(C)(C)C)CCC1O,False
CN(C)C(=O)c1cncc(-c2cnc3c(ccn3COCC[Si](C)(C)C)c2Cl)c1.C[Si](C)(C)CCOCn1ccc2c(Cl)c(-c3cncc(C(=O)O)c3)cnc21,False
C=CC(=CC=CC)CC(=O)N1CCCC1C(=O)N1CC2=C(C1)CN(S(=O)(=O)c1ccc3occc3c1)C2,False
Cc1c2c(c(CO)c3c1SC(CO)(CO)S3)SC(CO)(CO)S2,True
CC1(n2c(CCl)nc3ccccc32)CCC1,False
CSc1cccc(N(CC(=O)Nc2cccc(Cl)c2C)S(C)(=O)=O)c1,False
COc1ccc(Cl)c(C(O)=C2C(=O)C(=O)N(c3ccccc3)C2c2ccc(O)c(Cl)c2)c1,False
Cc1cccc2c1-c1cccc(-c3ccc(Br)cc3)c1C2,False
CCCCCCCCCCCCCCCOP(=O)(CCCC)OCCCCC,True
CC(CC=O)C(=O)N(C)CCCCCC=O,False
Cc1ccc(Nc2nc(C)nc3c2CNCC3)c(C)c1,False
NC1CC2CCC1(CNCc1cccc3c1C(=O)N(C1CCC(=O)NC1=O)C3=O)C2,False
CCCCCCCCNC(=O)c1cc2cccnc2n(CC)c1=O,False
Cc1nn(-c2ccccc2)c(Sc2ncn[nH]2)c1C=O,False
CCn1c(SCc2c(C#N)c(C)nn2-c2ccccc2)nnc1-c1ccco1,True
C=CCCN1C(C)(C)CC(c2ccc(-c3ccc(C4CCC(C)CC4)cc3)cc2)CC1(C)C,False
O=CCCCCCOc1ccc(I)cc1,False
CS(=O)(=O)c1cc(Br)cc(-n2nc(C(N)=O)c3cccnc32)c1,False
CCc1cnc(N2CCC(Oc3ccc(C(=O)Nc4ccc(N=CN=CN)nc4C)cc3)CC2)nc1,False
COCCNc1nc(Oc2ccc(B3OC(C)(C)C(C)(C)O3)c(C=O)n2)ccc1C#N,False
Cc1c(C#N)ccc2c1C(n1ccccc1=O)=C(N(O)C=O)C(C)(C)O2,False
CCC(CC)(CNC(=O)C(N)C1CCC(C=O)CC1)c1ccccc1,False
COc1cccc(NC(=O)CN(C)C(=O)c2ccc(C(C)(C)C)cc2)c1,False
COC1=C(C=O)C(OC)Cc2ccccc21,False
CC(C)Cn1cnc2c(=O)n(C)c(=O)[nH]c21,False
CC(C)c1cc(C(C)C)c(-c2cc(Oc3ccc4c5ccccc5n(-c5ccccn5)c4c3)cc(N3CN(c4c(C(C)C)cc(-c5ccccc5F)cc4C(C)C)c4ccccc43)c2)c(C(C)C)c1,False
C[B]c1cnccc1C=O,False
COC(=O)C1CCCCN1C(=O)C1CCCCCCC1,False
O=CCC1CCN(c2cccc3c2C(=O)N(C2CCC(=O)NC2=O)C3=O)CC1,False
C1CCCCC1.CC=C(C)c1c[nH]c(=O)c2cnc(N)nc12,False
CCN(CCOS(=O)(=O)c1ccc(C)cc1)c1ccc(C=O)cc1,True
CCCSP(=O)(OCC)SCc1cc(OC(=O)N(C)C)nc(OC)n1,False
COC(O)c1ccnc2cc(Cc3ccc4ncn(C)c4c3)[nH]c12,True
CC.CC.CC.CC.CC.CC.CC.CC.CC.Cc1cccc2cccnc12.Cc1ccccn1.Cc1cccnc1.Cc1ccncc1.Cc1ccncn1.Cc1cnccn1.Cc1cncnc1.Cc1ncccn1.Cc1ncncn1,False
C=CC=O.C=CCCCCCCc1cccc(-c2ccc3c(c2)c(CC(C)(C)CCC=C)c(-c2cccnc2C(C)OC)n3CC)c1.CC.CC(C)C(C(N)=O)[N+](C)(C)N.CN1CC(C=O)C(C)(C)C1.NN,False
CCC=CCC=CCC=CCC=CCC=CCC=CCC=CCC=CCC=CCC=CCCCCCCC(=O)OCC(COC(=O)CCCCCCCC)OC(=O)CCCCCCCCCCCCC=CCC=CCC=CCC=CCC,False
Cc1cc(Br)ccc1C(=O)N(N)c1scc(C(C)C)c1C#N,False
CCNCCC=O,False
CC(=O)NC1C(OCc2ccccc2)OC(CO)C(O)C1OCC(=O)N1CCCC1C(=O)NC(CCC(=O)NCCCNc1c2ccccc2nc2cccc([N+](=O)[O-])c12)C(N)=O,False
CN=C(NCCCOc1ccccc1)NC(C)c1ccccc1.I,True
Cc1cc(Cl)c(C)c(N2N=C(NC(=O)c3cccc([N+](=O)[O-])c3)CC2=O)c1Cl,False
COc1cccc(C(=N)N)c1NS(=O)(=O)N1CCOCC1,True
OC(CNCc1cccnc1)CN1C2CCCC1CC2,True
CN=C(NCCNc1ccccc1[N+](=O)[O-])Nc1ccc(OC)c(OC)c1,True
COc1cc(C=CN(C)CCCN(C)CC2Cc3cc(OC)c(OC)cc32)c(CC=O)cc1OC,False
CCCCCCC=CCOC(=O)CCCCCCCNCCCCCCCC=O,False
Cl.Cl.NCCCC(=O)NCc1cccc(CN2CCCC(C(N)=O)C2)c1,False
CNC(CS(=O)c1ccccc1)c1ccccc1OC,True
CCc1cc(C)ccc1-c1c(C=O)cccc1S(=O)(=O)O,False
CC(C)(C)OC(=O)NCCC#Cc1cc(C#N)cc([N+](=O)[O-])c1O,False
CCNC(=NCc1cc(C(=O)OC)c(C)o1)NCCc1ccccc1.I,False
CN(CCOc1ccc(Cl)cc1)CC(O)CN(C)Cc1ccccc1,True
COC(=O)C(C)NC(C)C1CCCC1,False
CC1(C)c2cc(-c3cccc4ccccc34)ccc2-c2ccc(-n3c4ccc(-c5cc6ccccc6c6ccccc56)cc4c4cc(-c5cc6ccccc6c6ccccc56)ccc43)cc21,False
CCCNCc1ccc(S(=O)(=O)NCCN(C)CC)nc1,True
CCNC(=NCc1ccccc1COCc1ccccc1)NCc1ncnn1C,True
COc1ccc2c(c1)C(=O)N(CC(C#Cc1cnc(N)c(C(=O)NS(C)(=O)=O)c1)NC(=O)NC=O)C2,False
CC(C)CC(CO)NC(C)c1ccccc1Br,True
N#Cc1ccc(N2CCC(C(=O)O)C2)cc1Br,False
C=C(CN1C2CCC1CC(CC)C2)NC(C)(C)C.CC(C)C.CC=C(C(C)=O)c1ccccc1C,False
CCC1(COC=O)CC1,False
CC(=O)CC(C#Cc1ccccc1)C[N+](=O)[O-],False
CCS(=O)(=O)NC(C)NS(=O)(=O)c1c(C(N)=O)[nH]c2ccc(Br)cc12,False
COc1ccc2c(c1)C(=O)N(CC(C#Cc1cnc(C)c(O)c1)NC(=O)NC=O)C2,False
CN1CCC(OC(N)=O)C1,False
CC1(C)c2ccccc2-c2ccc3oc4c(-c5ccc(-c6c7ccccc7c(-c7cccc8ccccc78)c7ccccc67)c6ccccc56)c5ccccc5cc4c3c21,True
CCn1c(=O)cc(SCC(=O)NCC2(c3ccccc3)CCCC2)c2ccccc21,False
CN(C)CCC(=O)C1=C(Cl)c2ccccc2C1,False
CC(=O)NC(CCCN=C(N)N)C(=O)NC1CCC(=O)NCCCC(C(N)=O)NC(=O)C(Cc2c[nH]c3ccccc23)NC(=O)C(CCCN=C(N)N)NC(=O)C(Cc2cccc(Cl)c2)NC(=O)C2CC(O)CN2C1=O,False
CC(C)(C)c1ccc(N(c2ccc(C(C)(C)C)cc2)c2cc3c(c4oc5ccccc5c24)-c2c(cc(N(c4ccc(C(C)(C)C)cc4)c4ccc(C(C)(C)C)cc4)c4c2oc2ccccc24)C3)cc1,True
CC(c1cc2ccccc2s1)N(O)C(=O)[N+](=O)[O-],False
Cc1ccc(CNC(=O)C(C)CS(=O)(=O)c2ccc3c(c2)NC(=O)CCS3)cc1,False
Cn1ncc([N+](=O)[O-])c1C1(C(O)C(=O)O)CC1,False
CCC(C)C1CN(CCCCCOC)C(C)CN1,True
ON=Cc1c(F)cccc1OCC(F)(F)F,False
Cc1cccnc1-c1c(P(c2ccccc2)c2ccccc2)cc(C)c(C)c1C,False
O=C(NCC1CCOC1)c1cc(COCc2cccc(Br)c2)on1,False
N#Cc1n[nH]c2c1CCSC2,False
CCOCCC(=O)CC(=O)C1CC1,False
COc1ccccc1CN(C(=O)COc1cc(C)ccc1C(=O)O)C(C)c1ccccc1,False
[N-]=[N+]=Nc1ccc(C=O)c(S(=O)(=O)O)c1.[Na],False
O=C(OC1CCCCCC1)c1csc(S(=O)(=O)Cl)c1,False
CC(=O)NC1=C2SSC(C(=O)O)=C2N(C)S1(=O)=O,False
C=CCC(O)C(C)(C)C(CC=C)O[Si](C)(C)C(C)(C)C.C=CCC(O)C(C)(C)C(O)CC=C,True
CC(C)(C)NC(=O)CNc1ccc2cc(N)ccc2n1,False
Cc1ccccc1NC(=S)NC(=O)C(C)(C)C,False
CC(C)(C)ON(C=O)OCCCCN,False
C=C1C(=C)C2=COCN(C)N2C=C1C(=O)O,False
NCCn1cc(C2CC2)nn1,False
CC=C(NC=O)C(=CC)C(C)=Cc1cc2cccc([N+](=O)[O-])c2[nH]1,False
CC(C)(C)C(=O)Nc1cccc(C(=O)c2ccc3ncc(-c4cccnc4)nc3c2)c1.Nc1cccc(C(=O)c2ccc3ncc(-c4cccnc4)nc3c2)c1,False
C=CC(=C)NC(C)(C)C(=O)NCC(C)(C)COC=O,False
CN(C)CC1C2CC(CN(C3CCN(c4ccccc4)CC3)C2)c2cccc(=O)n21.O=CO.O=CO,False
CCN(C(C)=O)c1nc(C=C(C#N)C(=O)Nc2ccccc2OC)cs1,False
CCOc1ccc(OCC)c(S(=O)(=O)Nc2cccc(-c3cn4ccccc4n3)c2)c1,True
Nc1cc2ncnc(Nc3ccccc3C(F)(F)F)c2cn1,False
CC(C)N(Cc1cn(Cc2cccc([N+](=O)[O-])c2)nn1)CC(O)(Cn1cncn1)c1ccc(F)cc1F,False
COc1ccc(NC(=O)C(C#N)=Cc2cc(I)c(OCC(=O)Nc3cccc(C)c3C)c(OC)c2)cc1,False
O=C(O)CC(c1ccccc1)c1ccc(NCc2cccc3c2CCCN3CCOc2ccccc2)cc1,False
CCCCCCCCCCCCCCCCCCCC=CC(O)C(COP(=O)([O-])OCC[N+](C)(C)C)NC(=O)CCCCCCCC,False
CC1(CNC(=O)C2(Cc3ccccc3)CC3CCC2C3)CCNCC1.Cl,False
Cc1coc2cc3oc(=O)c(CCC(=O)NC(Cc4ccc(Cl)cc4)C(=O)[O-])c(C)c3cc12,False
CCC(C)CC(C)CC(C)CC(C)C,False
Cc1cc(C)cc(NC(=O)c2cccnc2SCc2ccnc(NC(=O)Nc3ccc(Cl)cc3)c2)c1,False
CCC(CC)N(C)C(=O)c1sccc1C=CC(=O)O,False
COC(=O)c1ccc(CSc2ccc(C=O)cc2)cc1,False
CCCC(C)(N)C(=O)NCC(N)=O,False
CC(C)(C#N)NC(=O)c1ccc2c(=O)c3ccccc3[nH]c2c1,False
CCN(CC)C(=O)c1nc(C(=O)NC2CCCCC2)n2c1CCCC2,False
C=C1C(=CC=C2CCCC3(C)C(C(C)=CCC=O)CCC23)C(=C)C(O[Si](C)(C)C(C)(C)C)CC1O[Si](C)(C)C(C)(C)C,False
CC(=O)Nc1ccc(C)cc1N1CCC(n2c(=N)n(Cc3cccc4c3ccn4C(=O)OC(C)(C)C)c3ccccc32)CC1,False
COC(=O)c1nnn(CCCN(C)C)c1C1CCCN1,False
CCCc1nc(CC)n[nH]1,False
CCOCC(=O)N1CCc2c(C(=O)N3CCN(C(C)=O)CC3)n[nH]c2C1.O=CO,False
CCOCC(=O)NCCCCCCN1CCC(C=O)CC1,False
COC(=O)C(Cc1c[nH]c2ccccc12)N=CC=C(C)C,False
CCOC(=CC(CC(=O)c1ccc(OC)cc1)C(C(=O)N(C)C)c1ccccc1)c1ccc(OC)cc1,False
O=CC=O.[Zr],False
O=c1[nH]c(=O)n(C2CCN(CCn3c(=O)[nH]c4ccccc4c3=O)CC2)c2ccccc12,False
CCCc1ccc(O)cc1C(NCC(O)O)NCC(O)O,True
CC(=O)c1cc(Br)ccc1N.[C-]#[N+]c1ccc(C=CC(=O)c2cc(Br)ccc2N)cc1.[C-]#[N+]c1ccc(C=O)cc1,False
CN(CCc1ccc2c(c1)CC(=O)N2C)C(=O)C=O,False
CCN(C(C)C)S(=O)(=O)c1cccc(N)c1,True
CC(C)(C)OC(=O)NCC(CNC(=O)OC(C)(C)C)OC(=O)c1ccc(C=O)cc1,False
C=CC1(CC)CCCn2c(C=O)cc(-c3ccccc3[N+](=O)[O-])c21,False
CC1(c2ccc(-c3ccc(-c4cc(-c5ccccc5-c5ccc6sc7ccccc7c6c5)nc(-c5ccccc5)n4)cc3)cc2)c2ccccc2-c2ccccc21,False
CC=CC(=O)NCc1ncc(C)o1,False
Cn1cnc2cc(C(=O)N3Cc4[nH]cnc4C(c4ccccc4)C3)ccc21.O=CO,False
C=CCNC(=O)C(=O)C(CCC)NC(=O)C1C2C(CN1C(=O)C(NC(=O)NC(CN1CCN(C)S1(=O)=O)C(C)(C)C)C(C)(C)C)C2(C)C,False
CSc1c(F)cc(C2(O)CC2)cc1F,False
C#CCSCC(C)CN,False
CCOC(=O)c1sc(-c2nc(C)c(C(=O)OCC)s2)nc1C,False
Cc1ccc(F)cc1CCC(Br)C1CCCC1,False
CCNc1nc(Cl)nc(NNC=O)n1,False
CCCCCCCCCCCC(=O)NCC(C)NCC.O=CNCC(=O)O.O=CO,False
CN=C(NCc1ccc(C)s1)NCc1ccc(OC)cc1OC,True
O=CC1CCCN(CCN2C(=O)CCC2=O)C1,False
COc1ccc(Br)cc1C=C1C(=O)NC(=S)N(c2ccccc2)C1=O,False
C=C(C)CN=C(N)NCCCN1CCN(c2ccc(OC)cc2)CC1.I,True
C=CCn1c(SCC(=O)c2ccc(Br)cc2)nc2sc3c(c2c1=O)CC[NH+](C)C3,False
CC(C)=C(CCCC=O)OCc1ccccc1,False
CSc1cc(C=O)c2sccc2c1C#N,False
C=CC1=CN(CCCN2CCC(CC(C=CC(C)F)=CC)CC2)C2=CCCC=C1C2.CC.CN,False
C=CC(C(=C)C=CC)=C(C(C)=O)C(OC)=C(C)c1ccc(C(C)=O)cc1,False
C=S(C)(=O)Cc1ccccc1.CC.CCC(CC(=O)N1CCOCC1)C(=O)NCC(=O)c1ncco1.CCCc1ccccc1,False
CC(C)(C)OC(=O)CCCCCCCCCCCCCCCCC(=O)NC(CCC(=O)NC(CC(=O)O)CC(=O)O)C(=O)OC(C)(C)C,False
CC(C)(C)OC(=O)NC(CCCCNS(=O)(=O)c1c(Cl)ccc(N(C(=O)Nc2ccccc2Cl)c2ccccc2Cl)c1O)C(=O)O,False
CCOc1ccccc1-c1ncc(C(=O)NC(C)C)c(N)n1,False
CCCCCC1CCC(c2ccc(Br)cc2F)CC1,False
C=CCC(C=O)CCOC,False
CCN1CCCC1Cc1ncc(C(C)NC)o1,True
C=CCC1(c2nnc3n2CCCCCC3)CC(=O)C1.CC=CC,False
C=CCSc1nc2sc3c(c2c(=O)n1-c1ccc(OC)cc1)CCc1ccccc1-3,False
C=NC(=CN=CC)N(C)CCN(C)C1=CC(C(=C)C)=CCC1(C)N=O,True
CC(c1ccc(Cl)cc1)N(C)C(CN)c1ccccc1F,False
C=CCc1ccc(O)c(OC)c1.C=CCc1ccc(OC)c(OC)c1.CC=Cc1ccc(O)c(OC)c1.CC=Cc1ccc(OC)c(OC)c1.COC(=O)c1cc(OC)ccc1O.COC(=O)c1ccc(O)c(OC)c1.COC(=O)c1ccc(OC)c(Cl)c1.COC(=O)c1ccc(OC)c(O)c1.COC(=O)c1cccc(OC)c1O.COC(=O)c1cccc(OC)c1OC.COc1cc(C(=O)O)cc(OC)c1O.O=C(O)c1ccc2c(c1)OCO2,False
O=Cc1ccccc1C(=O)Oc1cccc(C(=O)O)c1C=O,False
NC(c1ccc(C(F)(F)F)cc1)c1cnns1,False
CC=CCOC(=O)NCCOCCOCCC,False
N=C1C=C(I)C=N1,True
O=C(NCc1ccccc1Cl)C(=O)NCC1CCN(C(=O)Oc2ccccc2)CC1,False
Cc1cc(Cl)ccc1NC(=O)C(=O)N1CCN(C=O)CC1,False
NC(=S)c1cccnc1NC1CC1c1ccccc1,False
Cc1cc(C(=O)Nc2ncnn2C)ccc1C#CCO,False
COC(=O)NC1=C2C(=CCSSSC)C(O)(C#CC=CC#CC2OC2OC(C)C(NOC3CC(O)C(SC(=O)c4c(C)c(Br)c(OC5OC(C)C(O)C(OC)C5O)c(OC)c4OC)C(C)O3)C(O)C2OC2CC(OC)C(NC(C)C)CO2)CC1O,False
O=CNC1CCC([S+]=O)C1,False
CC=Cc1ccccc1OCc1csc(C(=O)N(C)Cc2c(C)nn(C)c2C)c1,False
COc1ccc(CN2C(=O)C(c3ccccc3OC)=C(N3CCOCC3)C2=O)cc1OC,False
CCC=CCC=CCC=CCC=CCC=CCC=CCCCCCCC(=O)OCC(COC(=O)CCCCCCCCCC=CCCCCCCCC)OC(=O)CCCCCCCCCC=CCC=CCC=CCC=CCC=CCC,False
COC(=O)C(Cc1c[nH]c2ccccc12)NCc1c[nH]c2ccccc12,False
C=C1C(=O)OC2C1C(OC(=O)C(C)=CC)CC(C)=CCCC1(C)OC21,False
C=C(C)C(CNS(=O)(=O)c1ccc(C)cc1)c1ccc2ccccc2c1O,True
COc1ccc(CN2CCN(C3CC4(CCN(c5ccc(C(=O)NS(=O)(=O)c6ccc(NCC7CCC(O)CC7)c([N+](=O)[O-])c6)c(Oc6cnc7[nH]ccc7c6)c5)CC4)C3)C(c3ccccc3C(C)C)C2)cc1,False
CCNC(=NCC(O)c1ccc(OC)cc1)NC(C)c1nc(C)c(C(=O)OCC)s1.I,False
Cc1ccc(C(C)Nc2nc(C)c(C(S)Oc3ccccc3N)c(NC3CC(CO)C(O)C3O)n2)cc1,True
FC(F)(F)c1ccc(-c2cc(-c3ccccc3)c3ncccc3n2)cc1,False
CC1(c2noc(Br)n2)CCCOC1,True
Cn1nc(C(F)(F)C(F)(F)F)c(C(F)(F)F)c1-n1cc(-c2cccc(N)c2)nn1,False
CCCCn1nc(N2CCCC(C)C2)c(C#N)c1N,False
CCCc1[nH]c2c(F)cccc2c1CC,False
COc1cc(NC(=O)NS(=O)(=O)c2c(C(=O)O)c(Cl)nn2C)nc(OC)c1,False
CNC(=O)CCNCC(C)CCO,False
C=C(C)C1=C(C)NC(=O)CN1Cc1cccnc1N,False
CCNc1nc(NCC2C(C)(C)C2(C)C)c2ccsc2n1,False
CC(=CC(=O)NCCc1ccc2c(c1)OCO2)c1ccccc1,False
Cc1ccc(NC(=O)CN2CCCC2C(=O)N(C)C)cc1C,False
c1ccc(-c2ccc(N(c3ccc(-c4ccccc4)cc3)c3ccc(-c4cc(-c5ccc(N(c6ccc(-c7ccccc7)cc6)c6ccc(-c7ccccc7)cc6)cc5)cc(-c5ccc6c(c5)c5ccccc5n6-c5ccccc5)c4)cc3)cc2)cc1,False
CN(C)C(=O)CNC(=O)c1cc(-c2ccco2)n(-c2ccc(Cl)cc2)n1,False
C=C.CCC=CC=C(C)CN1CC(CC(=O)O)C(c2cc(Br)cs2)C1,False
Cc1noc(NS(=O)(=O)c2cc(N)c(C)c(F)c2)n1,False
COC1CC2(C)C(=O)CCC2C2CCc3cc(OC(C)(C)OC)ccc3C12,False
C.CC(C)(C)OC(=O)Nc1ccc(C(N)=NN)nc1.Nc1ccc(-c2nc(-c3cc(Br)ccc3O)n[nH]2)nc1.O=Cc1cc(Br)ccc1O,False
Cc1csc(SCC(=O)NC2CCN(Cc3ccccc3)CC2)n1,False
CCCC=CC=CC1CC(O)C(O)C(=O)C1C=O.CN(C)CCC=C1c2ccccc2Sc2ccc(Cl)cc21.Cl,False
O=CCCc1ccc(CS(=O)[O-])cc1[N+](=O)[O-],False
CC(C)[Si](OCCCC1CC(O[Si](C(C)C)(C(C)C)C(C)C)C2OC3(C)CCC4OC(CCCO[Si](C)(C)C(C)(C)C)C(C)(O[Si](C)(C)C(C)(C)C)CCC4OC3CC2O1)(C(C)C)C(C)C,True
C=C(C)C(=O)OCCCCc1ccc(-c2ccc3c(c2)C(C)(C)c2cc(-c4ccc5c(c4)C(C)(C)c4cc(CCCCOC(=O)C(=C)C)ccc4-5)ccc2-3)cc1,False
O=C(CCCCCl)NC1CCCSC1,False
NS(=O)(=O)c1cccc(S(=O)(=O)NC2CC3CCC2O3)c1,True
CN(c1nc2sccn2c1C=O)C1CCCCC1O,False
CN=C(NCCCCN1CCC(C(N)=O)CC1)NCC(C)Cc1cccs1.I,False
O=Cc1cc(Cl)c(OC2CCCC2)c(Cl)c1,False
O=S(=O)(CCOc1ccccc1)Nc1ccc(Nc2ccccc2)cc1,True
CN(Cc1ccsc1)C(=O)CN1CC2CNCC2C1(C)C,False
C=O.CC.CC=C(C=CCN1CCOCC1=O)N1CC(CNC=O)OC1=O,False
Cc1cc(-c2cc(-c3cc(N)ncn3)no2)cc2c1CNC21CCCCC1,True
CCOC(=O)c1ccc(N(CC(=O)O)C(C)CC)nc1,False
COc1cc(F)c2c(c1)C(CN)N(CCc1nc(C)cs1)C2,False
O=CNC12CCC1CN(Cc1ccccc1)C2,False
Cc1nn(Cc2ccccc2)cc1C(C)Nc1nccc(N2C(=O)CCC2C(C)C)n1,False
CCc1c2c(nc3ccc(O)cc13)C(=CC1=C(C=O)COC(=O)C1CC)N(C)C2,False
CCCCNCCCCCCCCNC(=O)COc1cc2oc3cc(OCC(=O)NCCCNCCCCCCCCN)c(CO)c(CC=C(C)C)c3c(=O)c2c(O)c1CC=C(C)C.CCCNC(=O)C(CCCN=C(N)N)NC(=O)COc1cc2oc3cc(OCC(=O)NC(CCCN=C(N)N)C(=O)NCCN)c(CO)c(CC=C(C)C)c3c(=O)c2c(O)c1CC=C(C)C.CCCNCCNC(=O)C(CCCN=C(N)N)NC(=O)COc1cc2oc3cc(OCC(=O)NC(CCCN=C(N)N)C(=O)NCCCCCN)c(CO)c(CC=C(C)C)c3c(=O)c2c(O)c1CC=C(C)C,False
CCCC1(CCC)CN(Cc2ccccc2)CCC1O,True
CCOC(=O)CN(C)S(=O)(=O)c1cc(C(N)=O)n(C)c1,False
CC(C)C(O)CCNC(=O)C12CC3CC(CC(C3)C1)C2,False
CC(C)=CC(=O)NC=CC(C)=CC(C)C1CC(C)=CC=CCCC(OC(N)=O)C(O)C=CCCC(C)(C)CC=CC(=O)O1,False
Cc1cc(C)c(C(C=O)C(C)C)c(C)c1,False
Fc1ccc2c(COc3ccccc3F)csc2c1,False
O=CN(C(CC1CCCCC1)B(O)O)C1CC2CCC1O2,False
Nc1cc(Cl)n[c-]c1Cl.O=CO.[Na+],False
Cc1ccc(Cl)cc1NC1CCC1,False
CCCCc1ccc(C(O)NC(CNC(=O)c2ccc(C)cc2)C(=O)NC(CC(C)C)B(O)O)nc1,False
Cc1ccn(-c2cc(N3CCN(S(=O)(=O)c4ccc(C)s4)CC3)ncn2)n1,True
CCC1C2C=CCC2(CC=O)CC1(C)C,False
Clc1nccn2c(N3CCC3)nc(Br)c12,False
CC(CCN1CCC(C=CCN(Cc2ccccc2)C(=O)[O-])CC1)(CN1C(=O)NC(Cc2c[nH]c3ccccc23)C1=O)c1ccccc1,False
O=Cc1c(Oc2nnc(Cl)cc2C(=O)O)ccc2ccccc12,False
CCNC(=O)COc1cccc(CNC(=O)C2CCCN2)c1,False
COCCCN(C)Cc1nc(Cc2ccccc2)n(-c2ccc(S(N)(=O)=O)cc2F)n1,False
CC=CC(=CC=CCC)c1c(O)cc(NC(=O)c2ccc(Cc3ccc4c(c3)c(C)c(C)n4CCCCC(C)CC)cc2)cc1C1CCC1.CCCN(C)CCC,False
CC(Cc1ccccn1)N1C(=O)c2ccccc2C1C=O,False
COc1ccc(CC(=O)N(CC[NH+](C)C)c2nc3ccc(C)cc3s2)cc1,False
O=CC=O.c1ccc2cocc2c1,False
CCOC(=O)c1cccc2c3c(c(=O)[nH]c12)CCCC3,False
CC(NC(=O)NC=O)c1cc2nc(-c3cnc(N)nc3)ccc2o1.COc1ccc2c(c1)C(=O)N(C)CC2,False
NS(=O)(=O)c1ccccc1-n1nc(C(F)F)cc1-c1cccs1,False
CCOC(=O)C(Nc1ccc(OC)cc1)C(C=O)C(C)C,False
CCC(C)n1ccc(Cn2ccc3cc(F)ccc32)n1,False
CCCn1nc(-c2cccc(OC(C)C)c2)cc(C=O)c1=O,False
CC(C)C1CCN(CCCC(=O)c2ccccc2)C1,False
CC(=O)N1CC(C(=O)N2CCN(S(=O)(=O)c3c(C)c(C)c(C)c(C)c3C)CC2)Oc2ccccc21,False
COc1ccc(Cn2cc(C(=O)NCCCCCNc3c4c(nc5ccc(OC)cc35)CCCC4)c(=O)c3ccccc32)cc1,False
COC(=O)Oc1ccc2c(c1)S(=O)(=O)N(C)C(c1ccccc1)=C2,False
COc1ccc(C)cc1NC(=O)COC(=O)c1ccc(C)nc1,False
CCCCCC=CCC=CCC=CCCCCC(=O)OC(COC(=O)CCCCCCCCCCC)COC(=O)CCCCCCCCCCCCCCCCCCCC,False
C=C(CN)COc1c(Br)cc(Cl)cc1[N+](=O)[O-],True
C=O.CCO.CN(C)CCN(C)CC=O.CNc1cccc(C)c1.CNc1nc2ncccc2nc1N,False
NC(=O)CCOc1ccc(NC(=O)C2CCN(C(=O)CCOc3ccccc3)CC2)cc1,False
COCC(=O)N1CCc2ncc(CNC(=O)C3CCC3)n2CC1.O=CO,False
CC1CCCN1C(=O)C(NC(=O)CN(C)C(=O)OC(C)(C)C)C1CCCCC1.O=CNc1sc(C(=O)O)nc1-c1ccccc1,False
CC12CN3CC(C)(CN(C1)C3C1C(=O)N(Cc3ccccc3)c3ccccc31)C2=O,False
COC=C(CC1(O[Si](C)(C)C)C(=O)C2CC=CCC21)C[Si](C)(C)C,False
CSCCC(NC=O)C(=O)NC(CC(=O)OC(C)(C)C)C(=O)NCC(=O)O,False
CCc1ccc(-c2[nH]c3ccc(S(=O)(=O)N4CCOCC4)cc3c2C=O)s1,False
COc1cccc(COc2ccc(C=NN=C3NC(=O)C(CC(=O)O)S3)cc2OC)c1,False
CN1C(=O)C(c2ccccc2)=C2CCCCC21,False
CC=C(C=CCC1(CCC)CCN(C(=O)OC(C)(C)C)CC1)P(C)ONc1nccs1,False
CCCCCCSc1n[n+]2c(c(=O)[nH]1)-c1ccccc1N(C(C)=O)C2c1ccsc1,False
CC(CCC=O)SSCCC(=O)OCC1C(O)C(O)C(O)C2NC(=O)C(=O)N12,False
[C-]#[N+]c1c([N+]#[C-])c(C#N)c2c(c1[N+]#[C-])c1c3ccccc3ccc1c1c3ccccc3cn21,False
CCN(CCOP(=O)(O)OCCN(CC)S(=O)(=O)C(F)(F)C(F)(F)C(F)(F)C(F)(F)C(F)(F)C(F)(F)C(F)(F)C(F)(F)C(F)(F)C(F)(F)C(F)(F)C(F)(F)C(F)(F)C(F)(F)F)S(=O)(=O)C(F)(F)C(F)(F)C(F)(F)C(F)(F)C(F)(F)C(F)(F)C(F)(F)C(F)(F)C(F)(F)C(F)(F)C(F)(F)C(F)(F)C(F)(F)C(F)(F)F,False
CC=CCC(=O)N1CCN(Cc2ccccn2)C2CS(=O)(=O)CC21,False
C.CCCCCCCC(=O)OCC(COP(=O)(O)OCC(O)COP(=O)(O)OCC(COC(=O)CCCCC)OC(=O)CCC)OC=O,False
CCC(CBr)NC(=O)c1coc2ccccc12,False
CCCCCCCCC(=O)Nc1ncn[nH]1,False
CNC1CCC2(CC1)CC2C=O,False
CNc1cccc2c1C(N(C)S(=O)C(C)(C)C)CC2,True
CC=CC(=O)Oc1cc2c(cc1I)-c1c(cc(OC)c(OC)c1OC)CCC2NC(C)=O,False
CCN1CCC(CC2CNC(CO)C2)CC1,True
COC(=O)c1ccc(CNCC23CC4CC5CC(C2)C3(C5)C4)c(O)c1,False
COc1ccc(C(=O)C(N)(C(=O)O)C(C)O)cc1OCc1ccccc1,False
CC=C(C)C(=O)O[SiH2]COC,False
CCCCNC(=O)c1ccc2c(c1)OCCCCCNC(=O)CN(Cc1ccccc1)C2,False
[N-]=[N+]=NCC1OC(OC2C(CCO)OC(OC3C(O)C(N=[N+]=[N-])CC(N=[N+]=[N-])C3OC3OC(CN(Cc4ccccc4)C(=O)OCc4ccccc4)CCC3O)C2O)C(N=[N+]=[N-])C(O)C1O,False
O=[N+]([O-])c1ccc(S(=O)(=O)N2CCCC(C3CCCN3)C2)cc1,True
CCc1ccc(Nc2nccc(C(=O)NCc3ccc(Cl)cc3)n2)cc1,False
Cc1ccc([N+](=O)[O-])cc1NC(=O)C1CC(=O)N(c2ccc3c(c2)OCCO3)C1,False
S=C(SCc1cn2cccnc2n1)N1CCC(Cc2ccccc2)CC1,False
CC1=CN(C(C)C)C(=O)NC1NC(=O)c1ccccc1,False
c1ccc(-c2nc(-c3ccccc3)nc(-c3c(-c4ccccn4)c(-n4c5ccccc5c5ccccc54)c(-n4c5ccccc5c5ccccc54)c(-n4c5ccccc5c5ccccc54)c3-n3c4ccccc4c4ccccc43)n2)cc1,False
CC(C)N(Cc1ccccc1)C(=O)COC(=O)CCNS(=O)(=O)c1c(Cl)cccc1Cl,False
CC=C(C(=O)Nc1ccc(CC(CC)CCCCCC)c(C)c1)c1cc(-c2cncc(CN3CCN(C)CC3)c2)ccc1NC,False
Cc1cc(C)nc(NC(=O)c2ccc(C(=O)O)s2)n1,False
CCCN(CCCC(=O)OCC)c1ccc(Br)cc1C=O,False
CCCOc1nn(CCC)cc1C(=O)Nc1ccc2c(c1)OCO2,False
CCOC(=O)C1=C(c2ccccc2)N=c2sc(=Cc3cc(I)cc(I)c3OCC)c(=O)n2C1c1ccc(Cl)cc1,False
CC(C)Cc1ccc(C2CNCCCO2)cc1,True
COC(=O)CN(CC(=O)OC)S(C)(=O)=O,False
CCCC=CC1(S(=O)(=O)c2ccccc2)CC(O)CC1C(O)CCOCOC,True
O=C(c1cnccn1)N1CCN(C(=O)C2CCN(S(=O)(=O)C=Cc3ccccc3)CC2)CC1,False
CC1COCCN1c1cc(-c2cc(F)ccc2S(C)(=O)=O)nc(-c2ccc(N)cc2)n1,False
CC(=O)N1CCC(C=CP(C)(C)=O)OC(n2ccc(=O)[nH]c2=O)C1.CC(=O)N1CCC(C=O)OC(n2ccc(=O)[nH]c2=O)C1.CC(=O)N1CCC(CO)OC(n2ccc(=O)[nH]c2=O)C1.CCN(C(C)C)P(OCCC#N)N1CCC(C=CP(C)(C)=O)OC(n2ccc(=O)[nH]c2=O)C1.COP(C)(=O)CP(=O)(OC)OC.CP(C)(=O)C=CC1CCNCC(n2ccc(=O)[nH]c2=O)O1.[Na+].[OH-],False
O=CC1[CH+]O1,False
C#CCCC(NC(=O)C1C2C(CN1C(=O)C(NC(=O)NC(CN(C)S(=O)(=O)c1cccs1)C(C)(C)C)C1(C)CCCCC1)C2(C)C)C(=O)C(=O)NCC=C,False
Cc1cc2nc3sc(=Cc4cn(CCSc5ccc(Cl)cc5)c5ccccc45)c(=O)n3c2cc1C,False
C1=C[N-]C([N-]C2CCCCC2)C=C1.C1CCC([N-]C2CCCC[N-]2)CC1.C1CCC([N-]C2CCCC[N-]2)CC1.C1CCC([N-]C2CCCC[N-]2)CC1.C1CCC([PH+](C2CCCCC2)C2CCCCC2)CC1.C1CCC([PH+](C2CCCCC2)C2CCCCC2)CC1.[C-]#N.[Ru+4].[Ru+5].[Ru+6].c1cc[cH-]c1,False
Cc1nc(=O)n(Cc2cscn2)c(C)c1CCC(=O)O,False
CCC(C)c1ccc(N(C)C)cc1C.CCC(C)c1ccccc1C.COC(=O)C(CC=O)c1ccc(N(C)C)cc1C,False
CCc1nc2c(C)cc(N(C)C(=NC#N)N(C)C)cc2n1Cc1ccc(-c2ccccc2OC(=O)O)cc1,False
Cc1c(Cl)ccc2c(C(=O)NCc3cccnc3)cc(-c3ccccc3)nc12,False
O=CC(O)C1C2C=CC(C2)C1C=O,False
CCCCCCCCCCCCCCCCCCC1C(C)COC1Cl,True
CCC1C(=O)N(C)c2cnc(Cl)nc2N1C(C)C.CCC1C(=O)N(C)c2cnc(N3CCN=C3c3ccccc3)nc2N1C(C)C.CCC1C(=O)N(C)c2cnc(NCCN)nc2N1C(C)C.NCCN.O=Cc1ccccc1,False
CC(C)c1ccc(CN(C(=O)c2ccoc2)C2CC2)cc1,False
CN1CCN(c2ccc(NC=C3CN=Cc4ccc(C=Cc5ccc6ccccc6c5)cc43)cc2)CC1,False
C=CCC1C=C(C)CC(C)CC(OC)C2OC(O)(C(=O)C(=O)N3CCCCC3C(=O)OC(C(C)=CC3CCC(O)C(OC)C3)C(C)C(O)CC1=O)C(C)CC2OC.CC(N)C(=O)NCC(=O)NC1CSSCC(C(=O)O)NC(=O)C(CO)NC(=O)C(C(C)O)NC(=O)C(Cc2ccccc2)NC(=O)C(C(C)O)NC(=O)C(CCCCN)NC(=O)C(Cc2c[nH]c3ccccc23)NC(=O)C(Cc2ccccc2)NC(=O)C(Cc2ccccc2)NC(=O)C(CC(N)=O)NC(=O)C(CCCCN)NC1=O.[S-2].[S-2],False
COc1ccc(-c2noc(C3CCCCN3C(=O)c3ccc(Cl)c(Cl)c3)n2)cc1,False
CNC1Cc2ccc(C3CN(S(=O)(=O)CC=CC4CCC4)C3)cc2C1Cc1cccc(F)c1,False
CC(CN1CCCC1=O)CS(=O)(=O)c1ccc(O)cc1,False
COc1cc(-c2cc(-c3ccccc3)nc(-c3ccccc3)n2)cc(OC)c1OC,True
O=CCc1ccc(O)c2ccccc12,False
O=C(O)c1ccc(NC(=O)c2cc(Cl)cc(Cl)c2)c(Cl)c1,False
CC(C)c1ccccc1Sc1ccc(C=O)c(Cl)c1Cl,False
[B]c1cc(C)c(NC(=O)c2cnc(Nc3cc(N4CCC(N)C4)nc(C)n3)s2)c(Cl)c1,False
C=CCNC(=O)C(=O)C(CC1CC1)NC(=O)C1C2C(CN1C(=O)C(NC(=O)NC1(CC(=O)C(C)(C)C)CCCCC1)C(C)(C)C)C2(C)C.C=CCNC(=O)C(=O)C(CCC)NC(=O)C1C2C(CN1C(=O)C(NC(=O)NC(C(=O)C(C)C)C(C)C)C(C)(C)C)C2(C)C.C=CCNC(=O)C(=O)C(CCC)NC(=O)C1C2C(CN1C(=O)C(NC(=O)NC(C(=O)c1nccs1)C(C)C)C(C)(C)C)C2(C)C.CCCC(NC(=O)C1C2C(CN1C(=O)C(NC(=O)NC(C(=O)c1ccccc1)C(C)C)C(C)(C)C)C2(C)C)C(=O)C(N)=O,False
Cc1cc(C)c(C2C(C#N)=C(N)N(c3ccccc3C)C3=C2C(=O)CCC3)cc1COc1ccc(Cl)cc1C,False
CCC(=NNC(=O)COc1cc(C)c(Cl)c(C)c1)c1ccccc1,False
C=C1CC(c2ccc(N)cc2)=CC(=O)C1=CC=CC,False
CC=C(CC)C(C)C1=C(O)c2ccccc2C(=O)C1=O,False
CC=Cc1ccccc1OCCCCCCCCC.N.N.O=S(=O)(O)O,True
Cc1cccc(C(=O)N(C)C2CCCNCC2)c1I.Cl,False
CC(C)(Oc1cccc(N2CCCC(NC=O)C2)c1)C(=O)N1CCNCC1,False
CC(C)CCCNC(=O)NOCCNC(=O)CN1CCN(CC(=O)O)CCN(CC(=O)O)CCN(CC(=O)O)CC1,False
CSc1ccc2c(c1)C([NH+]1CC[NH+](C(c3ccccc3)c3ccccc3)CC1)Cc1ccccc1S2,False
CCC(CC)C(=O)N1CCCC(COCc2ccccc2)C1,False
CCC=C(C=CCN=C(NC(=O)N(C)CCC(=O)O)N(C=O)Cc1ccc(CC)cc1)Oc1ccccn1,False
CCc1cc(NCC2COCCN2)ncn1,True
CC(O)C=CC#CC#CC#CCCCCCCCC(=O)O,False
CC(NCc1cc(F)ccc1F)c1ccc(O)cc1F,False
Cc1cc(C)cc(-c2cccc(C3COc4cc5c(cc4O3)OCC5CC(=O)O)c2)c1,False
Cc1ncc(C(C)NCC(O)c2cccc(OC(C)C)c2)s1,True
CNCC(O)COc1cc(OC)cc(-c2cc(N3CC4(CCOCC4)C3)n3ncc(C(C)C)c3n2)c1,True
CN1CCCC1C(=O)c1c[nH]c2cc(Br)ccc12,False
CCOC(=O)CC1(O)CC(OC)CC(C(C=C(C)C=CC(CC#C[Si](C)(C)C)OC)O[Si](C)(C)C(C)(C)C)O1,False
CC1CCCCC1NC(=O)NC(=O)COC(=O)C=Cc1ccc(Cl)cc1,False
CC(C)c1cc([N+](=O)[O-])ccc1C(=O)OCCBr.CC(C)c1cc([N+](=O)[O-])ccc1C(=O)OCCn1ccnc1C(C)C,False
CC.O=C(O)C(O)Cc1ccccc1,False
N#CCCN(Cc1ccco1)C(=O)C=Cc1ccc(Cl)cc1,False
CCCC(=O)NC(CC(=O)O)C(=O)CC(CCC(=O)OCC)C(=O)NC(CC(=O)O)C(=O)CC(CC(=O)O)C(=O)NCCOCCOCCOC,False
COc1ccc(CCC(=O)c2ccccc2)nn1,False
CCC(Oc1cccc([N+](=O)[O-])c1C)C(N)=O,False
CCNC(=NCC1CCN(CCOC)CC1)NCCCOC(C)c1ccccc1,True
CNC(=O)CC1SC(=NN=Cc2ccccc2Br)N(C)C1=O,False
CS(=O)(=O)OCCCOC(=O)N1CCOCC1,False
Nc1nc(CC(=O)NC2C(=O)N3C(C(=O)O)=C(CSc4nncs4)CSC23)cs1.[Na+],False
CCOC(=O)C1CCN(C(=O)COC(=O)c2cc3ccccc3o2)CC1,False
COc1ccc2cc1Oc1cc(ccc1OC)C1OC2C(c2cc(O)cc(O)c2)C1c1cc(O)cc(O)c1,True
CCSc1sc(C(=O)O)cc1C=O,False
CCCCc1nc2ccccc2n1Cc1ccc(-c2cc(Cl)ccc2C(=O)O)cc1,False
CCOC(=O)C1(C(=O)OCC)CCCC1C=O,False
CCOC(C)(C)CNCc1c(C)nn(C)c1Cl,True
O=Cc1ccc(-c2cnc(Br)c(C(=O)O)c2)o1,False
CCC(CC)NC(=O)C(C)Oc1ccc(C=O)cc1Cl,False
CCCCCCCn1c(C)nc2c(c1=O)c1nc3ccccc3nc1n2-c1cccc(C)c1,False
COc1cc(C=CC(=O)OC2CCC3(C)C(=CCC4C3CCC3(C)C(C(C)CCCC(C)C)CCC43)C2)ccc1OC(=O)c1ccco1,False
C=CC1OC(OC(C)=O)C(OC(C)=O)C(OC(C)=O)C1C.C=CC1OC2OC(C)(C)OC2C2OC(C)(C)OC12.CC1(C)OC2OC(C=O)C3OC(C)(C)OC3C2O1,False
CC=C1CSC2C(NC(=O)C(=NOCC(=O)O)c3csc(N)n3)C(=O)N2C1C(=O)O.O.O.O,False
COc1ccccc1-n1nnnc1SCC(=O)NNC(=O)c1cccc([N+](=O)[O-])c1,False
O=CCN(CC=O)CC(O)CN(CC=O)CC=O,False
COc1ccc(C(=O)NCCO)cc1B(O)O,False
O=CCCOCCC1CCC1,False
CCCCC(OCc1ccc(OC)cc1)C1CCC(CC=O)O1,False
CC(=O)Nc1nc(C(=O)Nc2ccc(C)nc2)cs1,False
C=CC(=O)C(C(=O)[O-])c1csc(NC(=O)OC(C)(C)C)n1.CC[NH+](CC)CC,False
CC1(CNC(=O)C2CC(=O)N(c3ccc(Cl)cc3)C2)CCNCC1,False
CCC(C=O)NC(=O)c1ccc(CNS(=O)(=O)c2ccc(Oc3cc(Cl)cc(Cl)c3)cc2)cc1,False
CCCOCCCn1c(C(C)Cl)nc2cc(I)c(F)cc21,False
CC(=O)c1ccc(C)c(OCc2ccccc2)c1O.CC(=O)c1ccc(O)c(O)c1O.Cc1ccc(C(=O)C=Cc2ccc(Br)cc2)c(O)c1C.Cc1ccc2c(=O)cc(-c3ccc(Br)cc3)oc2c1OCc1ccccc1.Cc1ccc2c(=O)cc(-c3ccc(N4CCCCC4)cc3)oc2c1OCc1ccccc1.O=Cc1ccc(Br)cc1.O=c1cc(-c2ccc(N3CCCCC3)cc2)oc2c(O)c(O)ccc12,False
CC=C(C(=O)NC1C(=O)N2C(C(=O)O)=C(CO)CSC12)c1csc(NC(=O)OC(C)(C)C)n1,False
CC(C)(C)OC(=O)NCCOCCOCCOCCOCCOCCOCCOCCOCCOCCOSI,False
Cn1cc(CN2CCOC(c3cccc(Nc4ccccn4)n3)C2)c2cc(F)ccc21,False
c1ccc(-c2nc(-c3ccc4ccccc4c3)nc(-c3ccc4oc5cc(C6(c7ccccc7)c7ccccc7-c7ccccc76)ccc5c4c3)n2)cc1,True
O=Cc1cc(C#Cc2ccccc2)c(Br)cc1C#Cc1ccccc1,False
COc1ccccc1CN1C(=O)C(O)=C(C(=O)C(C)C)C1c1c[nH]c2ccccc12,False
N#CC(=Cc1ccc(O)c(C=O)c1)c1ccc(-c2cccs2)s1,False
CCNC(=NCc1ccc(CN2CCCC2=O)cc1)N1CCC(NC(=O)OC(C)(C)C)C1.I,False
c1ccc2c(c1)CN(Cc1cccc3c1CCCN3)C2,False
CN=C(NCC1CCS(=O)(=O)C1)NC1CCN(c2ccccc2OC)C1.I,True
O=S(=O)(Nc1cccc(C(O)CNCCOc2ccc3c(C4CCC4)[nH]nc3c2)c1)c1ccccc1,True
CC(C)NS(=O)(=O)c1ccc(C(=O)N2CCN(CCOc3ccccc3)CC2)cc1,False
CCOc1cc(CNc2ccc(Br)cc2)ccc1OCc1ccc(Cl)c(Cl)c1,True
COc1ccc(COCCC(C=CI)O[Si](c2ccccc2)(c2ccccc2)C(C)(C)C)cc1,True
CCCCCCCCCCCCCCCCCCN(CCCCCCCCCCCCCCCCCC)c1ccc(C=C2CC(C)(C)CC(C=CC3=[N+](C)c4ccc(OC=O)cc4C3(C)C)=C2Cl)cc1.CCN(CC)c1ccc(C(Cl)=CC(C)=CC(C)=CC2=[N+](C)c3ccc(OC=O)cc3C2(C)C)cc1.CCN(CC)c1ccc(C=CC=CC=C(C#N)C2=[N+](C)c3ccc(OC=O)cc3C2)cc1.CCc1ccc2c(c1)C(C)(C)C(C=CC=Cc1cc3c4c(c1)C(C)(C)CCN4CCC3(C)C)=[N+]2C.CN(C)c1ccc(C=C2CCCC(C=CC3=[N+](C)c4ccc(OC=O)cc4C3(C)C)=C2Cl)cc1.CN(C)c1ccc(C=CC2=CC(=CC3=[N+](C)c4ccc(OC=O)cc4C3(C)C)Oc3ccccc32)cc1.CS(=O)(=O)O[O-].Cc1ccc(S(=O)[O-])cc1.O=C=O.[Br-].[I-].[I-].[I-],False
COc1cc2c(cc1-n1cc(CC(O)CO)nn1)-c1c(-c3cccs3)c(CCCCNC(C)(C)C)c(C=O)n1CC2,False
CCOc1c(Cl)cc(C=Nc2ccccc2)cc1Cl,True
Nc1c(C(=O)CCl)ccc(Cl)c1Br,False
CCC(C)(C)C(=O)Oc1ccc(O)c(C(C)(C)CC)c1,False
CCOC(=O)c1cc2oc3ccccc3c2[nH]1,False
COc1cc(Cl)c(C)cc1Nc1cc(C)nc(Nc2cc(C)on2)n1,True
CCCNC(C)(CO)CCCCSC1CCCC1,True
CC(C)N(CC(F)(F)F)S(=O)(=O)C(C)C#N,False
CCc1c2c(nc3ccc(O)cc13)-c1cc3c(c(=O)n1C2)COC(=O)C3(CC)OC(=O)CCCCCN1C(=O)CC(SCC(NC(=O)CCC(NC(=O)c2ccc(NCc3cnc4nc(N)nc(O)c4n3)cc2)OC=O)C(=O)NC(CCCCN)C(=O)NC(CCC(=O)O)C(=O)NC(Cc2ccccc2)C(=O)NC(CC(C)C)C(=O)NC(Cc2cnc[nH]2)C(=O)N2CCCC2C(=O)NC(CO)C(=O)NC(CCCCN)C(=O)NC(C(=O)NC(CC(=O)O)C(=O)NC(CC(C)C)C(=O)N2CCCC2C(=O)NC(CCCNC(=N)N)C(=O)O)C(C)C)C1=O,False
NC(=O)Nc1c(C=O)oc2c1ccc1cccnc12,False
CC.CC.CN1Cc2ccccc2-c2ccccc2C1,False
CNC(C)(C)CCC1CCNCC1,False
CCC(=CC1C(C)=Nc2ccc(C)cc21)C(=N)n1nc(CCC(C)C)sc1=NC=O.O=S=O,False
C1=CC(C2NN=C3C4CCN(CC4)C32)C=C1,False
CCCOc1ccccc1CCCNC(=O)C(=Cc1ccco1)NC(=O)c1ccc(OC)cc1,False
COc1ccc(C2C(C(=O)Nc3ccccc3)=C(C)N=c3sc(=Cc4cc(I)c(O)c([N+](=O)[O-])c4)c(=O)n32)c(OC)c1,False
Cc1ccc(NC(=O)Cc2c(C)nn(-c3nc(C)c(C)s3)c2C)cc1,False
CC(=O)OCC1C2C(OC(C)=O)C(n3cnc4c(N)ncnc43)OC12OC(C)=O,False
C=CCOc1cccc(C2OC(CC(=O)OCC)C(=O)Nc3ccc(Cl)cc32)c1Cl,False
CC1=[C-]C(C)(C)C(C)=C1C.CC1=[C-]C(C)(C)C(C)=C1C.[CH2-]C[CH2-].[Zr+4],False
CCONC(=O)C(=O)NNC(=O)c1nc(CS(=O)(=O)c2ccc(Cl)cc2)no1,False
COCCN1C(C)CN(S(=O)(=O)CCc2cccc(OC)c2)CC1C,True
CCNC(=NCCN1CCCS1(=O)=O)N1CCC(CC(=O)NC)CC1,False
CC=NN(C(=O)c1ccccc1)c1ccccc1Br,False
CCC1(COc2ccc(CCc3ccc(OCC4(CC)CO4)cc3)cc2)CO1,True
CC(C)c1cccc(C(C)C2CC2)c1N1CCCCC1=O,False
C#Cc1ccc(CCCOC=O)cc1.CC(C)C1COCCN1C(=O)C1CCC(NS(=O)(=O)c2ccc(C#Cc3ccc(CCCOC=O)cc3)c([N+](=O)[O-])c2)CC1.CC(C)C1COCCN1C(=O)C1CCC(NS(=O)(=O)c2ccc(Cl)c([N+](=O)[O-])c2)CC1,False
C(#CC1CCC1)c1nn[c-]s1.C=[C]=[Ni].CC=C1C=C(c2cc(Cl)ncc2OC)C([C-]=O)=CC(=O)C1,False
C=C1CC(C)c2c(ncnc2N2CCN(C(=O)C3(c4ccc(Cl)cc4)CCCCC3)CC2)N1.C=C1CN(C)c2c(ncnc2N2CCN(C(=O)C(CNC(C)C)c3ccc(Cl)cc3)CC2)N1.C=C1Nc2ncnc(N3CCN(C(=O)C(CNC(C)C)c4ccc(Cl)cc4)CC3)c2CC1C.Cl.Cl.O=CO,False
CCN(CC)c1ccc(C=Cc2nc3c(ccc4ccccc43)s2)cc1.CN(C)c1ccc(C=Cc2ccccn2)cc1.CN(C)c1ccc(C=Cc2nc(-c3ccccc3)c(-c3ccccc3)s2)cc1.CN(C)c1ccc(C=Cc2nc3cc(-c4ccccc4)ccc3o2)cc1.CN(C)c1ccc(C=Cc2nc3cc(Cl)ccc3o2)cc1.CN(C)c1ccc(C=Cc2nc3ccccc3o2)cc1,True
N#Cc1ccnc(Nc2cc(C3CC3)cc(-c3cncc(N4CCCN(C(N)=O)CC4)c3)n2)c1,False
CCN(CC)C(=O)c1cccc(NC2CCCC2)c1,False
COc1cccc(CNC(=O)Cn2nc3n(CCC(C)C)c(=O)c4sccc4n3c2=O)c1OC,False
COc1ccccc1C=CCNCc1ccc(S(=O)(=O)N(C)C(C)C)cc1,True
O=Cc1c[nH]c2cccc(OC(c3ccccc3)S(=O)(=O)c3ccccc3)c12,False
CCNC(C)(CO)CCCOC1CCC(C)(C)CC1,True
CCCNCc1ccc(COc2cccnc2)o1,True
CC(=O)c1ccc(S(=O)(=O)NCCNc2[nH+]c3ccc(C)cc3cc2C#N)cc1,False
CCCc1cc(CCC=O)cc(CCC)c1OC(C(=O)O)c1ccccc1,False
CN=C(NCCc1ccc(OC(F)(F)F)cc1)NCc1sc(C)nc1C,False
CCN(c1cccc(F)c1)c1ccccc1CO,False
CN(C)C(=O)c1ccc(NC(=O)CN2CCCC(O)C2)cc1,False
CC(C)(CC(=O)O)NC(=O)NCc1cccc([N+](=O)[O-])c1,False
Cc1cc(N2CCC(C(N)=O)C2)ccc1C=O,False
Cc1cc(C(=O)c2cccs2)ccc1Cl,False
CCOc1cc(-c2nc(CC)cc(NN)n2)ccc1O,True
Cc1cc(C=Nc2ccc(Cl)c([N+](=O)[O-])c2)cn1-c1ccccc1,True
CC(N)C(O)c1cccc(OCc2ccccc2)c1.Cl,True
CC(CC=O)CC(c1ncncn1)N1CCNCC1,False
COc1cccc(C(=O)C(=O)N2CCC(CC3CCN(c4ccc(C=O)c(Cl)c4)CC3)CC2)c1,False
COC(C=O)OC(CBr)COSI,False
COCC(C)CC(Cc1cccc(Cl)c1)NN,True
COc1ccc(-c2cc(-c3ccc(OC)c(OC)c3)n(-c3nc(-c4ccc(Cl)cc4)cs3)n2)cc1OC,True
CC(C)(C)[Si](OCC(C=O)NC(=O)n1cccc1)(c1ccccc1)c1ccccc1,False
C=CC=CC(=CC)N1C(=O)C(=Cc2cc(CC=C)c(OC)c(OC)c2)C(=O)N=C1SCC(=O)NC(c1ccccc1)c1ccccc1,False
CCCCS(=O)(=O)NCCC=Cc1ccccc1,True
NC(=O)CNC(=O)c1cccc2c1CCNC2,False
CCc1nn(C)c2c1[nH]c(=S)n2-c1ccc(F)c(OC)c1,False
CCn1nccc1C1OCCCC1CN1CCn2c(nnc2C2CC2)C1,True
CCOC(=O)N1CCC2(CC(N3CCC(N(C=O)C(CC)COC)CC3)C2)C1,False
CN(C)CCCOc1ncc(-c2ccc3ncc4c(c3c2)C2(CCC2)C(=O)N4C)cc1-c1ncccc1S(N)(=O)=O.Cl,False
Oc1ccccc1Pc1ccccc1C=Nn1cccc1,True
Cc1ccc(C(Oc2cc(Cl)c(Cl)cc2Cl)C(C)N)o1,True
[C-]#[N+]c1cc(C=Cc2ccc(N(c3ccc(C)cc3)c3cccc4ccccc34)cc2)c(C#N)cc1C=Cc1ccc(N(c2ccc(C)cc2)c2cccc3ccccc23)cc1,False
Nc1cnc2ccccc2c1NNC=O,False
C[n+]1cc2cc(O)ccc2[nH]1,True
CCn1ccnc1CN(C)Cc1sccc1C,False
CCCNCc1nc(C)c(C)o1,True
CN(C)C(=O)SC=CO,False
CC(Cl)C(=O)N1CCCC2(CC(O)CCO2)C1,False
C=CC.CC(=O)Oc1ccc(C(=O)C(C)n2cc(Br)c(=O)n3c(C)c(-c4ccc(OC(C)=O)cc4)nc23)cc1,False
COCC(N)C(=O)NCC(c1cccc(Cl)c1)N1CCCC1.Cl.Cl,False
Cc1ccc(S(=O)(=O)N2CCCC2C(=O)OC(C)(C)C)c(OC2CCCC2CC=O)c1,False
COc1ccnc(CS(=O)c2nc3cc(F)c(F)cc3[nH]2)c1OC,False
CSCCC(NC(=O)CN1CCCCCC1)C(=O)O,False
CC(C(=O)NC1CCCCC1)N(Cc1c(Cl)cccc1Cl)C(=O)CN(c1cc(Cl)cc(Cl)c1)S(=O)(=O)c1ccccc1,False
COc1cccc(C2=NOC(C(=O)Nc3cc(C)on3)C2)c1OC,False
Cn1c(=CC(=O)C(C)(C)C)sc(=Cc2cnn(Cc3ccccc3)c2)c1=O,False
CCOc1cc(C)nc(NC(=O)c2oc(C)nc2C)n1.O=CO,False
CC(C)(C)c1cccc(C2(C=O)CC2)c1,False
Cc1ccc2cccc(NCc3ccccc3N)c2n1,False
COc1cc(N(C=O)CC2C=Nc3nc(N)nc(N)c3C2C)cc(OC)c1OC,False
CCOC(=O)C1=C(c2ccccc2)N=c2sc(=Cc3ccc(OS(=O)(=O)c4ccc([N+](=O)[O-])cc4)cc3)c(=O)n2C1c1ccc(OC)c(OC)c1,False
C=CCNC(=S)C(C(=O)c1ccc(C)c([N+](=O)[O-])c1)[n+]1ccc(CCC)cc1,False
O=C(O)CCCCN1CCC(OC(c2ccccc2)c2ccc(Cl)cc2)CC1,False
CCN(CC)CCCN(CC)CC1(C=O)CCC(C)CC1,False
CC(C)(C)c1cc(C(CO)(Cc2ccccc2)C(=O)O)cc(C(C)(C)C)c1O,False
CC(C)(C)OC=O.CCc1cc(O)ccc1N1CCNCC1,False
O=C(CCCCC1SCC2NC(=O)NC21)NCC(SS)C1(S(=O)(=O)O)CC(=O)NC1=O,False
CC(C)N(Cc1nnc(N)s1)CC1CC1,False
NS(=O)(=O)c1ccc(CNC(=O)C(=O)N2CCN(C=O)CC2)cc1,False
COc1ccccc1C1c2cccn2C(c2ccccc2OC)CN1C=O,False
Cc1[nH]c2ccccc2c1CCNCc1ccc(C=CC(=O)NOC(=O)Nc2ncn(C3CC(O)C(CO)O3)c(=O)n2)cc1,False
COC(=O)OCCc1ccc2c(c1)C(c1ccc(OC)c(OC)c1)CC(=O)O2,False
CC(=O)Nc1ccc(CN2CCC(N(C)c3ccnc(C4CC4)n3)C2)cc1,False
CCC(C)(CC(CC(C)c1ccccc1)c1ccc(S(=O)(=O)O)cc1)C(=O)OCCO,False
COCCN1CCC2(CCC1=O)CCN(C(=O)Nc1ccc(C)cc1C)CC2,False
O=CCCSCC(O)CO,False
CCOC(=O)c1ccc(N(Cc2ccc(Cl)cc2Cl)C(=O)c2ccco2)cc1,False
C=C(C)C1=NC2C(O1)OC(CO)C(O)C2C1OC(C(=O)O)C(O)C(O)C1O,False
C=C(C=CC=CC)C(OCC)C(=O)c1ccccc1,False
COc1cc2c(=O)c(-c3cc(OC)c4c(c3OC)OCO4)coc2cc1OC1OC(CO)C(O)C(O)C1O,False
CCCC=C(Cn1cccc(C)c1=O)N(c1ccccc1)c1ccccc1.NC(N)=NCCCC(NC=O)C(=O)O,False
COc1ccc(C2c3[nH]c4ccc(Cl)cc4c3CCN2C(=O)C(=O)O)cc1,False
CC.CCOCC1(c2ccccc2)CC1,True
CN(CCN)S(=O)(=O)c1cn[nH]c1,True
CCC=CCC=CCC=CCC=CCC=CCC=CCCC(=O)NCCCCC(NP(OCC1CC(C)C(N(C)C=CC(=O)NC=O)O1)Oc1ccccc1)C(=O)O,False
OC(I)(I)C(I)(I)C(I)(I)C(I)I,True
CN=C(NCc1ncc(-c2ccc(C)cc2)o1)N1CCC(COC)C1.I,True
CCOC(=O)Oc1c2ccc(CC(=O)NO)ccc-2c(OC(=O)OCC)c1N.[Na+],False
C.C#CCC1CCC1.C#CCC1CCC1.COC(=O)CC1CCC1.COP(=O)(OC)C(=[N+]=[N-])C(C)=O.O=C1N(O)C2CCC(c3cc(CC4CCC4)on3)N1C2.O=C1N2CC(CCC2C(Cl)=NO)N1OCc1ccccc1.O=C1N2CC(CCC2C=NO)N1OCc1ccccc1.O=C1N2CC(CCC2c2cc(CC3CCC3)on2)N1OCc1ccccc1.O=CCC1CCC1.OCCC1CCC1.[AlH3].[Li+],False
Oc1cnc2ccccc2c1C(F)F,False
CC1CCN(S(=O)(=O)c2ccc(NC(C)c3nnc4ccccn34)c([N+](=O)[O-])c2)CC1,True
C=CCN(CC1CC1(C)CCC=C(C)C)C(=O)C(C)(C)C,False
COC(=O)c1ccc(C=S(=O)=O)c(C=O)c1Cl,False
c1ccc(C2(c3ccccc3)c3cc(-c4ccc(C5=NCCO5)cn4)ccc3-c3c2cc(-c2ccc(C4=NCCO4)cn2)c2ccccc32)cc1,True
CC(C)(C)OC(=O)C1=CC=COC=C1,False
O=CC1=CC2CCC(O)OC2CC1,False
Cc1ccc(CN2CCC(OCC3CCOC3)CC2)o1,True
CCCCOC(=O)N1CCN(C(=O)C(CCC=O)NC(=O)c2cc(N3CCCC3)nc(-c3ccccc3)n2)CC1,False
CC(C)(C=O)CC(N)Cc1ccc(O)cc1,False
COc1ccc2c(c1N(C=O)C(C)(C)C)Oc1c(CC(=O)O)c(OC)c(C)c(C)c1C2(C)C,False
CCC(=O)N1CCN(C(=O)c2cccc(Cl)c2)CC1,False
O=CCCc1ccccc1-n1cccn1,False
Cn1ccc(SN2CCC(Nc3ncc4cc(C#N)c(=O)n(C56CC5(O)C6)c4n3)CC2)n1,False
CC(C)Oc1cccc(CNc2ncnc3ccccc23)c1,True
CCCn1cc(S(=O)(=O)NCC(C)(O)CC)nc1C,True
[N-]=[N+]=[N][Hg][C](F)(F)F,True
O=CC(NC(=O)N1CCN(c2ccccc2)C(=O)C1=O)c1ccccc1,False
CC1(C)OB(c2cnn(C3CC(F)(C#N)C3)c2)OC1(C)C,False
COc1ccccc1C1C2=C(N=c3sc(=Cc4cc(C)n(-c5ccc(-c6ccccc6)cc5)c4C)c(=O)n31)c1ccccc1CC2,False
CC(=O)Oc1nc(Cl)c(Br)cc1I,False
CCCC(=O)Nc1ccccc1NC(=O)c1cc(C)cc(C)c1,False
CC=CC(=O)OCc1ccc(CCCCCCCC)cc1,False
Cc1nc(-c2cccs2)c(CCC(=O)Nc2ccccc2Cl)s1,False
CN1CCC(=O)Nc2cccc(c2)-c2cnc(N)c(n2)C(=O)Nc2cnccc21.O=CO,False
COC(=O)c1cc(Cc2cc3cc(Br)c(Cl)cc3[nH]2)ccc1C,False
CCC(N)CO[SiH2][Si](C)(C)C,True
O=CCc1cccc(CNC(=O)O)c1N1CCN(N=Cc2ccccc2)C1=O,False
CC(=O)Oc1cccc(C(=O)NCCNC(=O)CN2CCN(CC(=O)NCCCOCCOCCOCCCNC(=O)OCc3ccccc3)CCN(CC(=O)NCCCC(=O)c3cccc(OC(C)=O)c3OC(C)=O)CCN(CC(=O)NCCNC(=O)c3cccc(OC(C)=O)c3OC(C)=O)CC2)c1C,False
COC(=O)C(c1ccc([N+](=O)[O-])cc1)C(C)CC=O,False
OCC=Cc1cccc2c1sc1ccccc12,True
Cl.O=Cc1ccc2c(c1)OCCO2.OCC1C(O)C(O)C(O)CN1Cc1ccc2c(c1)OCCO2.OCC1NCC(O)C(O)C1O,False
Cc1ccc(C(C)C)c(OCCNCC2CCCO2)c1,True
O=C1C[NH+](C(c2ccccc2)(c2ccccc2)c2ccccc2)CO1,False
CC(CCNCc1ccccc1)NC(=O)CN1C(=O)C(=Cc2cccc(Br)c2)Sc2ccccc21,False
CN(CCOC(=O)c1ccc(COc2cccc(C(NC(=O)OC3CN4CCC3CC4)c3ccccc3)c2)cc1)C(=O)Nc1ccc(CNCC(O)c2ccc(O)c3[nH]c(=O)ccc23)cc1,False
CN(C)S(=O)(=O)Nc1ccc(CC(=O)N2CCCc3ccccc32)cc1,False
CCOc1ccc(N=NC(C(C)=O)C(=O)Nc2ccc(Cl)c(OCC)c2OCC)c(OCC)c1Cl,False
CC(C)C(C)(CC(=O)O)NC(=O)CCc1c[nH]c2ccccc12,False
CCNC(=NCCOC)NCCc1ccc(N(C)C)cc1.I,True
CC(=O)c1cncc(-c2cnc3c(c2)CCCN3C(=O)OC(C)(C)C)c1.CC(C)(C)OC(=O)N1CCCc2cc(Br)cnc21.CC(C)C(C)(O)c1cncc(-c2cnc3c(c2)CCCN3)c1.CC(C)C(C)(O)c1cncc(-c2cnc3c(c2)CCCN3C(N)=O)c1,False
Cc1cnc(SCC=O)[nH]1,False
C=CC(=CC=CC)CC(NC(C)C)C(=O)N1CCCCC1,False
CCC1(CC)Oc2ccc(C)cc2N(C2CCNCC2)C1=O,False
C1=CC2OC3CC(C4CC=CN4)C=CC3C3(c4ccccc4Oc4cc(-c5cccc6oc7[nH]ccc7c56)ccc43)C2C=C1,True
O=CNNc1nc(C2CC2)ns1,False
CC1CCC(CN)(c2nc(-c3ccc(Br)cc3)no2)CC1,True
COc1cc2ncn(-c3ccccc3)c2cc1C=O.Cl,False
O=Cc1ccn2c1CCC2,False
CC1=C(C)CC(C=O)(SC(=O)c2ccccc2)CC1,False
C=CCCC(=O)C(=O)C(CCC)CC(=O)C1C2C(CN1C(=O)C(NC(=O)NC(C(=O)N1CCOCC1)C(C)C)C(C)(C)C)C2(C)C,False
CC(C)(O)C(C)(C)NC(=O)CCC1CCNC1,False
COc1cc(CC(O)CC2CC3CCC2C3)ncn1,True
CC(NCC1CC=CCC1)c1cccs1,False
C=C(C(=O)OC)C1CCC(=CCCC=C(C)CCC=C(C)CCC=C(C)CCC=C(C)C)CO1,False
CC=CC=C1OC(=O)N(C)CC1=CC,False
O=S(=O)(c1ccncc1)c1ccc(N2CC(CN3CCC(C4(C5CCCC5)CN(CCN5CCOCC5)Cc5ccccc54)CC3)C2)cc1,True
COc1ccc(-c2n[nH]c3c2C(=O)c2c(NC(=O)CC(N)c4ccncc4)cccc2-3)cc1,False
c1ccc(-c2ccc3oc4cccc(-c5nc(-c6ccccc6)nc(-c6ccccc6)n5)c4c3c2)cc1,True
CC1CN(C2COc3cc(F)ccc3C2Nc2cc(F)cc3nn(C(F)(F)F)cc23)CCO1,False
CC(=O)OCC(CO)CCn1cnc2c(Cl)nc(N)nc21,False
COc1ccc(OC)c(C(CO)NCC2CC2)c1,True
O=CC(CC1CCNC1=O)NC(=O)C(CC1CCCCC1)NC(=O)OCc1ccccc1,False
COc1cc(C(C=NCC(=O)N(Cc2ccc(C)cc2)C2CCCCC2)=NN)ccc1-n1cnc(C)c1,False
CCC(C)N(CC)c1nc(CNCC(C)C)cs1,False
CC1CCC2C(C)C(OC(=O)CCC(=O)OCC(COC3OC4OC5(C)CCC6C(C)CCC(C3C)C46OO5)(COC3OC4OC5(C)CCC6C(C)CCC(C3C)C46OO5)COC3OC4OC5(C)CCC6C(C)CCC(C3C)C46OO5)OC3CC4(C)CCC1C32OO4.CC1CCC2C(C)C(OCC(CO)(COC3OC4OC5(C)CCC6C(C)CCC(C3C)C46OO5)COC3OC4OC5(C)CCC6C(C)CCC(C3C)C46OO5)OC3OC4(C)CCC1C32OO4.CC1CCC2C(C)C(OCC(COC3OC4OC5(C)CCC6C(C)CCC(C3C)C46OO5)(COC3OC4OC5(C)CCC6C(C)CCC(C3C)C46OO5)COC3OC4OC5(C)CCC6C(C)CCC(C3C)C46OO5)OC3OC4(C)CCC1C32OO4,False
O=CCSc1nnc(S(=O)(=O)N2CCOCC2)n1-c1ccccc1,False
CC=C[Si](C)(CC)N1CCCCC1,False
CCBr.CCn1nc(S(=O)(=O)c2ccccc2)c2cc(N3CCN(Cc4ccccc4)CC3)ccc21.Cl.Cl.O=CO[O-].O=S(=O)(c1ccccc1)c1[nH]nc2ccc(N3CCN(Cc4ccccc4)CC3)cc12.[K+].[K+],False
Cc1ccc(=O)n(Cc2cccc([N+](=O)[O-])c2C(=O)O)n1,False
CC=C1NC(=O)C(C(C)O)NC(=O)C(CCN)NC(=O)C(CCCCNC(=O)OCc2oc(=O)oc2C)NC(=O)C(CC(=O)O)NC(=O)C(CCNC(=O)OCc2oc(=O)oc2C)NC(=O)C(NC(=O)CC(O)CCCCCCCCCCCCC)COC(=O)C(C(O)CCl)NC(=O)C(C(O)C(=O)O)NC1=O,False
COC(=O)C(c1ccccc1)n1c(=O)oc2cc(C(C)=O)ccc21,False
CC1=C(C(=O)OC(C)C)C(c2cccs2)n2c(sc(=Cc3cccc(Oc4ccccc4)c3)c2=O)=N1,False
COc1ccc(NC(N)=NCCN(C)Cc2ccccc2)cc1OC.I,True
C[Si](C)(C)O[Si](C)(C)O[Si](C)(CCC(F)(F)F)O[Si](C)(C)C.C[Si](C)(C)O[Si](C)(C)O[Si](C)(CCC(F)(F)F)O[Si](C)(C)C.C[Si](C)(C)O[Si](C)(C)O[Si](C)(CCC(F)(F)F)O[Si](C)(C)C.C[Si](C)(C)O[Si](C)(C)O[Si](C)(CCC(F)(F)F)O[Si](C)(C)C.C[Si](C)(C)O[Si](C)(C)O[Si](C)(CCC(F)(F)F)O[Si](C)(C)C,False
C=C(C=CC(Cl)=CC)C1OC(Cc2ccccc2)C(=O)N(C(CCC)C(=O)O)C1c1ccc(Cl)cc1,False
Cn1nnc(-c2ccc(-c3cn4ccc(C5=CC(C)(C)NC(C)(C)C5)nc4n3)c(O)c2)n1.O=CO,False
Fc1ccccc1Cl.[Br-].[Br-].[Mg+2],False
CC(=O)SCC=Cc1ccc(C(N)=S)cc1,False
CCCCOC(=O)N=C(N)c1ccc(NCC#Cc2cc(C)c(N(C(=O)CN(C)CC(=O)OCC)C(C)C)cc2C)cc1,False
COc1ccc2c(c1)C1(C)CC3(C2)CN(C)C3C1(O)c1cccc(C#N)c1,True
Cc1cc(C(C)Nc2cccc(C=O)c2Br)c2oc(N3CCC(C)(C)CC3)c(C)c(=O)c2c1,False
C=C(C)C(C)N(C)C(=O)C=C(C)N=C(N)N=C(C=CC)CC(C)CN1CCN(C)CC1,False
CN=C(NCCS(=O)(=O)c1ccccc1F)NC1CCN(c2cccc(C)n2)CC1,False
S=C1CSC2C=CC=CC2N1,False
Brc1c2ccccc2c(-c2nc3ccccc3c3c2ccc2c4ccccc4oc23)c2ccccc12.Nc1cc(Br)ccc1-c1cccc2c1oc1ccccc12.O=Cc1c2ccccc2c(Br)c2ccccc12.[C-]#[N+]c1ccc(-c2c3ccccc3c(-c3nc4ccccc4c4c3ccc3c5ccccc5oc34)c3ccccc23)cc1,False
CCOC=O.c1cc(C2CC2)c2ccoc2c1,False
CC=CCCCCOc1cccc(CNC(=O)c2ccc(COC)nc2N)c1,False
Cc1cc(-c2cccc(-c3cccc(-c4cc5c(=O)n(C)cnn5c4)c3Cl)c2Cl)cn1N=CN(C)C=O,False
CSc1ccc(CN(C)CN2C(=O)NC(Cc3ccccc3)(Cc3ccccc3)C2=O)cc1,False
Cc1nccn1-c1ncccc1NC(=O)CC(C)N.Cl.Cl,False
CCCCc1ccc(C(=O)C=O)nc1,False
C[NH2+]C=C(I=N)c1cnc2ccc(N(CCCO)c3cc(OC)cc(OC)c3)nc2c1Cl,True
CC1(C=O)C=CC(COC(=O)C(C)(C)C)O1,False
CC=C(O)C(=CCc1ccc(NCC)c(C#N)c1)C(=O)O,False
CC(C)(C)c1ccc(NC(=O)C2c3ccccc3ON(O)C2c2ccc3c(c2)OCCO3)cc1Cl,False
COc1cc(C(=O)NNC(=O)Cc2csc(-c3ccccc3Cl)n2)cc(OC)c1OC,False
ClP1(Cl)=NP2(Cl)=NP(Cl)(=N1)OCCOP1(Cl)=NP(Cl)(Cl)=NP(Cl)(=N1)OCCO2,True
CC(NC(=O)c1cc(=O)c2ccccc2o1)C(C)(C)C.CC(NC(=O)c1cc(=O)c2ccccc2o1)C(C)(C)C,False
CN=CC=C(N)SC,True
O=Cc1cn(-c2ccnc(Cl)c2)cn1,False
CCCC(NC(=O)C1CCCN(C(=O)C(NC(=O)NC)C(C)(C)C)C1)C(=O)C=O,False
Cc1c(Br)c(C)c(-c2nncs2)c(C)c1Br,False
C=CC.CC1CCC(SC(=O)OC(C)(C)C)C(C)C1.CCc1ccc2ncc3c(c2c1)NCCO3.CNS,False
O=CCC1CCN(C(CCCN2CCNC2=O)=C2CCC2)C1,False
Cc1ccc(-c2cncnc2)c(C=O)c1,False
CCOC(=O)C1=C(C)N=c2sc(=Cc3cn(Cc4ccccc4Cl)c4ccccc34)c(=O)n2C1c1ccc(OC)c(OCC)c1,False
CCCC1(C2CC34CC3(C)CCCC4CN2C#N)C(=O)Nc2ccccc21,False
CCCC(=O)N(CCCOC)CC(=O)Nc1cc(C(C)(C)C)nn1-c1cccc(C)c1,False
O=Cc1c(Cl)ncnc1N1CCSCC1,False
CCC(C)C.CN1CCc2ccccc2C(NC(=O)CNC=O)C1=O,False
Cc1ccc(CCC(=O)N2CCN(C(=O)OC(C)(C)C)C(C)C2)c(Br)c1,False
CC=CN=C(C)NC(=O)C(CC1CCCCC1)N1CCN(C=O)CC1=O,False
CN(C)S(=O)(=O)c1cccc(C(=O)NCC(=O)N2CCc3[nH]c4ccccc4c3C2)c1,False
O=C(O)c1cc(Oc2ccccn2)cs1,False
CCN1C=C(C(=O)O)C(=O)N2C1=C(C=O)CCC2C,False
CCC(=C(C)C(O)CCc1ccccc1)C(F)(F)F,False
COC(=O)NC(C)C(=O)N1CCCC1c1ncc(C#Cc2ccc(-c3ccc4nc(C5CCCN5C(C)(C=O)NC(=O)O)[nH]c4c3)cc2)[nH]1,False
NC(CS(=O)(=O)N1CCCC1)c1cccnc1,True
COc1nc(B2OC(C)(C)C(C)(C)O2)cc(C)c1C=O,False
CNCc1nncn1-c1ccc(F)cc1F,False
CNCC(C)(C)Cc1cccc(F)c1,False
CCC(NC(=O)C(C)C)C(=O)N1CCC(c2ccc(C=O)c(CCOC)c2)CC1.OCC1CCC(OCS)CC1,False
CCc1nc(C)n(C(C)=O)c1C,False
CC.CC(C)(C)c1cc(Nc2ccc(OCc3ccc(C(F)(F)F)cc3)cc2)no1,False
C.O=C1C=CC(=O)C=C1.O=P1(c2cc(O)ccc2O)Oc2ccccc2-c2ccccc21.O=PO.O=[p+]1oc2ccccc2c2ccccc21,False
O=Cc1cccnc1Nc1cccc2nsnc12,False
COC(C(=O)O)c1ccccc1.NC=O,False
CN1CCc2cc(-c3ccc(C=O)o3)ccc21,False
c1ccc(-c2nc(-c3ccccc3)nc(-c3ccc(-c4cccc5c4c4ccccc4n5-c4cccc(-c5cccc6c5c5ccccc5n6-c5ccccc5)c4)cc3)n2)cc1,False
COc1ccc(CSCc2ncc(-c3ccccc3F)o2)nn1,False
CCC1COC2Cn3cc(C=O)c(=O)c(O)c3C(=O)N12,False
CCOC(=O)c1sc(NC2CCCCC2)c(C#N)c1N,False
Cc1nc(-c2ccncc2)cc(N2CC(n3cc(C(C)O)nn3)C2)n1,True
CCS(=O)(=O)N(C)CCCNC(=NC)N1CCC(C)(C)C1,True
COC(=O)c1ccccc1C(O)=C1C=Cc2ccccc21,False
CNC(=O)CNC(C)C(=O)NCCC(C)C,False
CS(=O)(=O)CC(=O)Nc1c2c(nn1-c1ccc(C=N)cn1)CC1(CCc3cc(Cl)ccc31)NC2=O,False
CC(NCc1ccc(S(N)(=O)=O)o1)C1CCCO1,True
COC1OC(COS(=O)(=O)O)C(OC2OC(C)C(OC3OC(COS(=O)(=O)O)C(OC4OC(C)C(OC5OC(COS(=O)(=O)O)C(OC6OC(C)C(C)C(OCc7ccccc7)C6OOO)C(C)C5N=[N+]=[N-])C(OCc5ccccc5)C4OOO)C(C)C3N=[N+]=[N-])C(OCc3ccccc3)C2OOO)C(C)C1N=[N+]=[N-],True
Cl.O=C(COc1ccc(Cl)cc1)NCCC1CCCN1,False
CC(=C(C#N)S(C)(O)ON)c1ccc(-c2ccc3cc(N4CCCCC4)ccc3c2)o1.CC(C)C.CCCCO,True
CC(c1cc2ccccc2o1)N(C)C(=O)COc1ccc2c(c1)CCC(=O)N2,False
CN(C(=O)CNS(=O)(=O)c1ccc(Cl)c(Cl)c1)c1ccccc1,False
CC(C)C1=CC2CC3(C=O)C4CCC(C)C4CC2(C(O)CC2CCCCC2)C13C(=O)O,False
CCCC(O)(OC=O)C(N)=O,False
O=C(CC1CCC(C(=O)O)CC1)Nc1ccc2c(c1)OCC2,False
Nc1c(Cl)ccc(Cl)c1-c1nc2ccc(Br)cc2[nH]1,False
COCCN(C)C=O.COc1cc(N)c(C=N)cc1Nc1ncnc2sc3c(c12)CCCC3,False
O=Cc1ccc(-c2cc3ncn(C(c4ccccc4)(c4ccccc4)c4ccccc4)c3cc2Cl)cc1,False
Cc1cc2ccccc2nc1N1CCSCC1CC(=O)O,False
CC(C)Oc1cc(CCNC(=O)C2CCN(C)CC2)c(Cl)cc1NC(=O)Nc1cnc(C#N)cn1,False
CCCn1cnnc1C(C)NC(=O)N1CCC(c2nc3ccccc3n2C)CC1.O=CO,False
COC(=O)C(CSC1CC(=O)N(CCC(=O)O)C1=O)NC(=O)CCC(NC(=O)c1ccc(NCc2cnc3nc(N)nc(N)c3n2)cc1)C(=O)O,False
C=CC.C=CC=C(C=C)CC=CC.Cc1cc(-c2cc(Cl)cc(Cl)c2)n(Cc2ccc(C(=O)NCCC(=O)O)cc2)n1,False
CCC(CC)C(C)NC(=O)N(C)c1ccccc1C(=O)O,False
NC1CCN(CC(=O)N(CC2CCCCC2)C2CC2)CC1,False
NC=O.O=C1CCCCCO1,False
CC(C)=CCCC(C)=CC=O.CC(C)=CCCC(C)=CC=O.[Sc],False
Cc1cccc2oc(CCNC(=O)c3ccc4c(c3)CCNCC4)nc12.Cl,False
COCc1cccc(Oc2ccccc2COC)c1,True
CC1CN(C(C)CO)C(=O)c2cc(NC(=O)c3ccncc3)ccc2OC1CN(C)S(=O)(=O)c1cccs1,False
CN(C)CC(=O)NC1CCCN(CC2CCCCC2)C1,False
Cc1cc(C(=O)CSc2nnnn2C)c(C)n1-c1ccc2c(c1)CCC2,False
CCC=C(C=C(CC)OCC1CC1)NC=O,False
CNCc1cccc(NC(=O)CCc2ccco2)c1,False
FC1(F)CCN(c2ccc(Sc3cn[nH]n3)cc2)CC1,False
CC1CC(NC(=O)C(Cc2cccc3ccccc23)NC(=O)Cc2ccccc2)C(=O)N1C(CCC=O)CC1CCNC1=O,False
CCCCc1ccc(NC(=O)C2CCNC(C)C2)cc1,False
CCOC(=O)C1=C(C)N=c2sc(=Cc3ccc(-c4cccc([N+](=O)[O-])c4C)o3)c(=O)n2C1c1ccc(OC)c(OCC)c1,False
CCNC1CCC(N(CC(C)C)CC(C)C)CC1,False
C=CC(=CN(C)N)c1c[nH]c(=C)c1=CC(=CN)C1=CC2CCC1C2,False
CCCC(C)(O)CNC(=O)Cn1cnnn1,False
Cc1cccc(C=Cc2ccc(CC=O)cc2)c1,False
Cc1ccc(-c2ncc(Nc3cccc(C(C)C)c3)c3ccccc23)cc1.O=CO,False
CC1CCCCC1C(C)(C)C(=O)O,False
C=C=O.CC=CC=O,False
CNC(=O)N(C)C(=O)C(C=O)=Cc1ccc(-n2c3ccccc3c3ccccc32)[se]1,False
CC(C)n1cc2ccccc2c1.CC(C)n1cc2ccccc2n1.CC(C)n1ccc2ccccc21.CC(C)n1cccc1.CC(C)n1cccn1.CC(C)n1ccnc1.CC(C)n1ccnn1.CC(C)n1cnc2ccccc21.CC(C)n1cncn1.CC(C)n1cnnc1.CC(C)n1cnnn1.CC(C)n1ncc2ccccc21.CC(C)n1nnc2ccccc21,False
CCC(C)N(C)[SiH2]CC[SiH2]N(C)C(C)CC,False
CCC(CC)C1CN=C(Nc2ccc3c(c2)CCC3)S1,False
CCCCCC=CCC=CCC=CCCCCCCCCC(=O)OCC(COCCCCCCCCCCCCC=CCCCCCCCC)OC(=O)CCCCCCCC=CCCCCCCCC,False
COc1cc(-c2oc(-c3ccco3)c(C=O)c2I)cc(OC)c1OC,False
CCOC(=O)c1c(NC(=O)c2cc([N+](=O)[O-])ccc2O)sc(C)c1C,False
CN(CC(=O)C(C)(C)N(C)CC=O)C(=O)C(C)(C)OCCC(C)(C)OCCN,False
O=CN1CCN(C(=O)CSCc2ccc(Br)cc2)CC1,False
CC(NCCNc1cccc(Br)c1)C1CC1,False
CN=C(NCCN(C(C)C)C(C)C)NCc1cccs1.I,False
O=C(NCc1ccc2c(c1)OCO2)C1CCN(S(=O)(=O)c2ccc(Cl)s2)CC1,False
Cc1ccc2c(N)c(C(=O)NC3COc4cc(N5CC(N)C6(CCCO6)C5)ccc4C3)sc2n1.Cc1ccc2c(N)c(C(=O)NC3COc4cc(N5CC(N)C6(CCCO6)C5)ccc4C3)sc2n1.Cc1ccc2c(N)c(C(=O)NC3COc4cc(N5CC(N)C6(CCCO6)C5)ccc4C3)sc2n1.Cc1ccc2c(N)c(C(=O)NC3COc4cc(N5CC(N)C6(CCCO6)C5)ccc4C3)sc2n1.Cc1ccc2c(N)c(C(=O)NC3COc4cc(N5CCC6(CNC6)C5)ccc4C3)sc2n1,False
O=C(CCn1cnc2ccccc2c1=O)Nc1ccccc1-c1cn2c(n1)CCCC2,False
CC=CC(=O)OCC=C(C)CCC=C(C)C(O)S(=O)(=O)[O-].[Na+],False
O=CN1CCN(S(=O)(=O)c2cc(C(=O)O)ccc2Cl)CC1,False
CNC(=O)CCC(C=O)N1C(=O)c2cccc(OCCOCCOCCOCCN)c2C1=O,False
NNC(CC1CC2CCC1C2)C1COc2ccccc2O1,True
C=CC(=O)OCCCCOc1ccc(C(=O)Oc2ccc(C(=O)OC(C)=CC=C(C)OC(=O)c3ccc(OC(=O)c4ccc(OCCCCOC(=O)C=C)cc4)cc3)cc2)cc1,False
CCCCSc1nnc(C(CCC=O)CNC)n1C,False
Cc1ccc2nnc3c(=O)[nH]c(=S)[nH]c3c2c1,False
CCCCCC1OC1CC=CCC(=O)NCNC(=O)CC=CCC1OC1CCCCC,False
CC.CC=CC(=CC)OC(=O)O.CCCc1ccccc1OC,False
Nc1ccc(-c2ncc3c(n2)CCN(Cc2cn(-c4ccccc4)nc2-c2ccccc2)C3)cc1,False
C=C(OCC)c1ccc(Oc2ccc(CN(CCC(C)C)C(=O)OC(C)(C)C)cc2)nc1,False
CC(C)S(=O)(=O)NCCCCCNc1ccc(C(=O)NC(C)(C)C)cc1.CC(C)S(=O)(=O)NCCCCCNc1cccc(N2CCCCCS2(=O)=O)c1.CC(C)S(=O)[O-].CC(C)S(=O)[O-].CC(C)S(=O)[O-].CC(C)S(=O)[O-].CC(C)S(=O)[O-].CC(C)S(=O)[O-].CCC(C)NC(=O)c1ccc(NCCCCCN)cc1.Cc1cc(C(=O)NC(C)C)c(C)c(C)c1NCCCCCNS(=O)(=O)C(C)C.Cc1cc(NCCCCCN)c(C)c(C(=O)NC(C)C)c1.NCCCCCNc1ccc(-c2ncco2)cc1.NCCCCCNc1ccc(NC(=O)C2CCCCC2)cc1.NCCCCCNc1ccc(S(=O)(=O)N2CCCCC2)cc1.NCCCCCNc1cccc(NC(=O)C2CCCCC2)c1,False
O=C(Nc1nc(-c2ccc[nH]2)cs1)c1ccc(Cn2cncn2)cc1,False
O=COCOC(=O)OCCOCCOCCOCCP,False
COc1ccc(C=c2sc3nc(-c4ccco4)nn3c2=O)cc1,False
Oc1ccc(NCc2cc(Br)c3c(c2)OCO3)cc1F,False
CCC(C)(NC(=O)Nc1cccc(Br)c1C)C(=O)O,False
COc1c(C2CC(OCc3ccccc3)C(OCc3ccccc3)C(C)O2)ccc2c1C(OC)(O[Si](C)(C)C)C2(OC)OC,True
CCn1ncnc1COc1ccc(C(C)=NO)cc1,True
CC1(C)OC2C(C=O)OC(n3cnc4c(Cl)ncnc43)C2O1,False
CC(NC(CO)Cc1ccccc1)[C]1[CH][CH][CH][CH]1,True
CC1CCC(C(=O)N2CC(CN)C2)CC1,False
CCOc1c(Cl)cc(CNC(C)c2cc3ccccc3o2)cc1OC,True
Cc1ccc(S(=O)OCC=CCN2C=CC(c3ccccc3NS(=O)(=O)c3ccc(C)cc3)CC2=O)cc1,False
CNC(=O)CC1CN=C(c2cc3cc(Oc4ccc(COC)nc4)cc(OC4CCOCC4)c3[nH]2)S1,False
CCOCC(C)NS(=O)(=O)c1cc(Br)ccc1N,True
C1=CCCCCC1.NC1CCCCCC1.NN=O.O=C(Cl)C1CCCCCC1.O=C(Cl)Cl.O=C(O)C1CCCCCC1.O=C1CCCCCC1.O=CC1CCCCCC1.O=O,False
[B]C1OC(COC)C(OP(=O)(O)CC)C1O,True
C#CCOS(=O)Oc1c(F)c(F)c(F)c(F)c1F,False
C=C(C)C(=CC=CC)NC(CNc1ncnc2[nH]ccc12)=NC,False
COCc1nc(-c2ccc(OC3CN(C(=O)NCc4ccccc4)C3)cc2)no1,False
C=CC=CC.CC.CC(=O)Cc1cccc(C(C)CNCCCNc2cccnc2C)c1,False
CCCN(CCN)C1CCc2c(cccc2OC)C1,True
CC(=CC1C=C(C)C(C)C2C(CC(C)C)NC(=O)C12C(=O)CCC(=O)O)CCC(=O)O,False
Cc1ccc(Oc2cc(Cl)ccc2C=O)c(C)c1,False
c1cc(-c2ccc(Oc3ccc4nc(CNCC5CCOCC5)[nH]c4c3)cc2)[nH]n1,True
CCCN(CC(=O)NC)C(=O)C1(CCC)CCNC1,False
Cc1ccc(C=O)c(N2CCOC(COC=O)C2)c1.Cc1ccc(C=O)c(N2CCOC(OC=O)C2)c1,False
C=C(C=CC(=CC)c1cc(C(=O)NCC2=C(C)C=C(C)CC2=O)c2c(c1)C(C(C)CC)C=C2C)C(CCC)CCCC,False
Cc1occc1C(=O)NCC(C)(C)CCO,False
COc1cc(C(C)=O)ccc1S(N)(=O)=O,False
C.CCC(C=O)c1ccccc1,False
CCOC(=O)C1=C(c2ccccc2)N=c2sc(=Cc3cc(Cl)ccc3OCc3cccc(Cl)c3)c(=O)n2C1c1ccc(OC)cc1,False
CC[N+](C)(C)CC(C(=O)c1ccc(OCC(=O)O)cc1Cl)C(C)C,False
COc1ccc(C(=O)N2CCC(Cc3ccc(C(=O)N(C)C)cc3)CC2)cc1,False
CC=Cc1cccc(OS(=O)(=O)OOCC)c1CCCCCCCCC.CCOCC.N,True
NC(=O)C1=CC=CC(Cc2ccccn2)(C(N)=O)C1,False
Cc1ccc(OCc2ccc(C#N)cc2Cl)c(C)c1,True
CCCN1CCC(NC(=NCC(=O)NCc2ccc(OC)cc2)NCC)CC1,False
CN1C(=O)C2(OC(=O)c3ccccc3C2=Cc2ccccc2Cl)c2ccccc21,False
COCCSc1nc(Cl)c(C=O)s1,False
CC(=O)Nc1ccc(S(=O)(=O)N=S(C)c2ccc(C)cc2)cc1,False
C[Si](C)(C)c1cnc(-c2ccc3c(c2)-c2ccccc2S3(=O)=O)cc1-c1ccccc1,True
Cc1ccc(SC(C)C(=O)N(C)Cc2ccccc2)cc1,False
CCNC(=O)N(C)c1c(CC)nc2c(OCCC3CCCCC3)cccn12,False
CC(OC(=O)OC1CCCCC1)OC(=O)c1cccc2c1CCC1C(=CCCN3CCC(O)(c4ccc(Cl)cc4)CC3)C=CN=C1O2,False
O=C(c1cc(Br)cs1)N1CCN(c2ccc(C3CC3)nn2)CC1,False
O=[N+]([O-])c1cccc(COc2cccc(F)c2)c1,False
CC(C)CCNc1cc(C(F)(F)F)cnc1N,False
CCC(N)Cc1cncc(Oc2cc(C)c(Cl)c(C)c2)c1,True
CN(CC1COc2ccccc2O1)C(=O)CSc1ccccc1Br,False
CCN(CC)C(C=O)c1ccccc1,False
O=S(=O)(NC1Cc2ccccc2C1)c1ccc(C(F)(F)F)cc1,False
Cc1ncc(-c2ncc(C=O)c(Cl)n2)cn1,False
COCc1cccc(C2NC(=O)NC2=O)c1,False
Cc1cc(OCCCc2c(C=O)n(CCCN(C)c3cn(C)c4ccccc34)c3c(-c4c(C)nc(COCc5ccccc5)nc4C)c(Cl)ccc23)cc(C)c1Cl,False
C=CCNC(=O)c1csc(-c2ccccc2OC)n1,False
CCc1ccc(-n2nnc(C=O)c2C(C)C)cc1,False
CCOCc1ccccc1NCc1c(C)nc2sccn12,True
CC(OCC1CC1)C(=O)Oc1cccc(C(N)=O)c1,False
Fc1cc(F)c(F)c(C2CC3=C(CN4CCCC4)NCN3C2)c1F,False
CC=C(C(=O)OC)C1C(O)C(OC(=O)C(C)C)C(C)(O)C1C(C)=O,False
CC(Nc1nnc(C2CC2c2ccn[nH]2)o1)C(=O)N1CCC2(CC1)CC2,False
C#CCCC(=O)CC1Cc2cccc(C(C)=O)c2OB1O.CC(=O)C=CC(=O)CC1Cc2cccc(C(C)=O)c2OB1O.CC(=O)CCC(=O)CC1Cc2cccc(C(C)=O)c2OB1O.CC(=O)c1cccc2c1OB(O)C(CC(=O)CCC(=O)C(C)(C)C)C2.CC(=O)c1cccc2c1OB(O)C(CC(=O)CCS(N)(=O)=O)C2.CC(=O)c1cccc2c1OB(O)C(CC(=O)CNC(N)=O)C2,False
CC.CCCC.COc1cc(C)c(C)c(OC)c1.Cc1cc(Cl)c(C(C)C)c(Oc2ccc(C=O)o2)c1,False
CCCN(C)c1cc(C)nc(N)n1,False
CCC1C(=O)OCC(NC(=O)c2nccc(C)c2OC(=O)c2cnc(Cl)c(Cl)c2)C(=O)OC(C)C1OC(=O)C(C)C,False
CC1C2CCC1(C)C(N)C2(C)C,False
Cc1c(C=O)ccc2c1ncn2CCCC1CCN(C(=O)OC(C)(C)C)CC1,False
Cc1cccc(-n2cc(C(=O)NCC(O)c3ccsc3)nn2)c1,False
CCOc1cc(C=C2SC(=Nc3ccc(C(=O)O)cc3)N(C)C2=O)cc(Br)c1OCc1ccc2ccccc2c1,False
CCC(C)C(NC(=O)C(N)CCCN=C(N)N)C(=O)NC(CS)C(=O)NC(C)C(=O)O,False
CC(C)(COP(=O)([O-])OP(=O)([O-])OCC1OC(n2cnc3c(N)ncnc32)C(O)C1OP(=O)([O-])[O-])C(O)C(=O)NCCC(=O)NCCSOC(=O)CC=O,False
CC=O.CCCCCCCC(=O)Nc1cc(Nc2ncc(C(C)=O)s2)nc(C)n1.CN1CCCCC1C(N)=O.Cc1cccc(Cl)c1C,False
CNCC1CN(C2CCc3cc(Cl)ccc32)CCO1,True
CC(C)OC(=O)C=C(CBr)O[Si](C)(C)C(C)(C)C,False
CNC(Cc1cc(C)nn1C)c1ccc(C)cc1F,False
Cc1cc(Cl)ccc1N(CC(=O)NN=C1CCCCC1)S(=O)(=O)c1ccccc1,False
CCNC(Cc1ccc(Br)cc1)C1CN(CC)CCO1,True
Cl.O=C1NC(=O)C(c2cncc3ccoc23)=C1c1cn(C2CCNCC2)c2ccccc12,False
COC(=O)C1(C(=O)OC)C=C1c1ccccc1OC(C)=O,False
O=C(Nc1cccnn1)N1CCS(=O)(=O)c2ccccc2C1,False
C=CC(=O)OCCn1c2ccc(C(=O)c3cccs3)cc2c2cc(C(C)=NOC(C)=O)ccc21.CC(=O)OCCn1c2ccc(C(=O)c3cccs3)cc2c2cc(C(=NOC(=O)c3ccccc3)c3ccccc3C)ccc21.CCOCCn1c2ccc(C(=O)c3cccs3)cc2c2cc(C(=NOC(=O)c3ccccc3)c3ccccc3C)ccc21,False
COc1cc(N)c(Cl)cc1C(=O)NCC1CCN(CCC(O)c2ccc(Cl)cc2Cl)CC1,False
CC(=O)OC1CC2C(C(O)CC3CC(OS(=O)(=O)O)CCC32C)C2CCC(C(C)CCC(=O)O)C12C,False
O.O.O=C(O)CCCCC(=O)O.O=C(O)CCCCC(=O)O.O=C(O)CCCCC(=O)O.O=C(O)CCCCC(=O)O.[Ce].[V],False
CC(C)CN(C)C(=O)N(CCO)c1ccc(C(=O)O)cc1,False
NCCO.O=C(O)CN(CCN(CC(=O)O)CC(=O)O)CC(=O)O.OCCN(CCO)CCO.OCCNCCO,False
C=C(C=CC)C(=C)C=C(C)C,False
COCCOC(=O)CC1Cc2ccc(C(=O)c3ccc(C=NN4CCOCC4)cc3)cc2OC1N,False
CN(C)CC=NS(=O)(=O)c1cc(N)cnc1-c1cnn(C(F)F)c1,False
CC(C)CC(CCCCNS(=O)(=O)c1ccc(O)c(C(=O)O)c1)C(=O)NC(CC=O)C(=O)O,False
COc1ccc(C(=O)Nc2ccc(N3C(=O)c4ccccc4C3=O)cc2)cc1Br,False
Cc1c(CNCc2cnn(CC(C)C)c2)cnn1C(C)C.Cl,False
C=Bc1ccc(C=O)cc1C,False
O=Cc1csc(C=CCO)n1,False
CCC(OC(=O)C(C(=O)O)c1ccc([N+](=O)[O-])c(C)c1)c1ccccc1,False
COc1cccc(C(C)Nc2nccc(N3CCOC3=O)n2)c1,False
CCOc1cc([N+](=O)[O-])c(C(=O)OC(C)C(=O)NCc2cccs2)cc1OC,False
CN(Cc1ccccc1C#N)CC1CCCO1,True
C=Cc1cc(CN(C(=O)C2CN(C(=O)OC(C)(C)C)CCO2)C2CC2)cc(OCCCOC)c1C=CC,False
C1=CC2C=Cc3cccnc3C2N=C1c1ccc2ccc(-c3ccc4ccc5cccnc5c4n3)cc2c1,False
Cc1ccc2c(oc3c(-c4ccc5c(c4)CCCC5)[c]([Ge]([CH3])([CH3])[CH3])ccc32)c1-c1cccc[n+]1C,True
CN=C(NCCc1nccn1Cc1ccccc1)NC(C)COC,True
CC1CCCC(N(CCC(=O)c2cc(Cl)ccc2-n2ccnn2)C(=O)CP(=O)(O)O)c2cc(ccn2)-c2c(cnn2C)NC1=O,False
C=CC=O.CCC.CCC(=N)c1c(C(O)CO)ccnc1N,False
CC(=O)OC1c2c(C=O)c3c(OCc4ccccc4)cc(C4OCCCO4)cc3n2CC1NC(=O)OC(C)(C)C,False
O=COC1CCN1,False
Fc1cc(C=C[B-](F)(F)F)c(Cl)cc1Cl.[K+],True
COc1ccc(NC(=O)C(Sc2cccc(NC(=S)Nc3ccc(C(C)=O)cc3)c2)c2ccccc2)c(OC)c1,False
Cc1[nH]n(C)c(=O)c1-c1ccc(C=O)cc1,False
c1ccc(-c2cc(-c3ccc(-c4nc5cc(-c6cccc7c6sc6ccccc67)ccc5c5oc6ccccc6c45)cc3)nc(-c3ccccc3)n2)cc1,True
COc1ccc(S(=O)(=O)N(C)CC(=O)Nc2cc(Cl)cc(Cl)c2)cc1Cl,False
Cc1cc(CN2CCN(Cc3nc(C)no3)CC2)on1,True
CC1(O)CCC2(C=O)C1C2(C)C,False
CCCCNCCOCCOCCNC(=O)COCCOCCNC(=O)CCCNC(=O)CCCCCCCCCCCCCC=CCC(=O)NO,False
CCC1=C(CC)C2=C(CC)OCC2=C1,True
NC1CC2(CNC2)S(=O)(=O)C1,True
NNN(C=O)C(=O)CCl,False
CC(C)C(NC(=O)OC(C)(C)C)C(C)(C)C=O,False
CC.CCc1cccc(C)c1.O=COCc1ccccc1,False
COC(=O)C1(O)C(CO)OC(=O)C12CCC(C)(OC)O2,False
COCCNC(=O)NC(=O)COC(=O)C1CCN(c2ccc(C#N)cn2)CC1,False
N#CC1CCCCN1C(=O)c1cc2c(s1)CCCC2,False
COC(=O)CC1N=C(c2ccc(-c3ccc(O)cc3C#N)cc2)c2c(sc(C)c2C)-n2c(C)nnc21,False
CC(=O)O.CCOC(=O)CCN(C(=O)c1ccc2c(c1)nc(CNc1ccc(C#N)cc1)n2C)c1ccccn1,False
CCN(C(=O)COc1ccc([N+](=O)[O-])cc1C=O)c1ccccc1,False
COc1c(C(O)CN)ccc(C)c1O,True
COC1CN(C(=O)c2cc(N)cn2C2CC2)CCC1C,False
CCCCCC=CCC=CCCCCCCCCCCCC(=O)OCC(COP(=O)([O-])OCC[N+](C)(C)C)OC(=O)CCCCCCCCCCCC=CCC=CCCCCCCC,False
c1ccc2ncc(-c3c4ccccc4cc4ccccc34)cc2c1,False
C=C(C=CC(=CC)c1nn(CCCNC(=O)O)cc1B1OC(C)(C)C(C)(C)O1)[N+](=O)[O-],False
O=C(NC(c1ccccc1)C(O)C(=O)NC(Cc1c(Cl)cccc1Cl)C(=O)O)c1ccccc1,False
C=CC(=CC=CC)P(=O)(C1=CCC2(C)C=C(c3ccc4c(c3)Oc3cccc5nc(C)n-4c35)C=CC2=C1)c1ccccc1,True
CCOc1cc(C=O)ccc1OC(C)C(=O)NC1(C#N)CCCCC1,False
CC(C)(C)[Si](C)(C)Oc1ccc(Br)nc1C=O,False
Cn1cccc1CNc1ccc(-c2cc(=O)[nH][nH]2)cc1,False
CN(Cc1ccc2oc(=O)[nH]c2c1)CC1(C#N)CC1,False
CCCOCC(=O)NC(C(=O)N1CC(O)CC1C(=O)CCc1ccc(-c2scnc2C)cc1)C(C)(C)C,False
CCCc1cc(=O)oc2c(C)c(OCC(=O)NCCCN(C)C)ccc12,False
CCOC(=O)N1CCn2c(nc(-c3ccncn3)cc2=O)C(NCc2ccccc2)C1.Cl,False
Cc1cc(C=O)c(O)c(CC(C)C)c1,False
CC(C=O)CC1CCC2C(CCC2(C)C)C1.CC(C=O)CC1CCC2CCC(C)(C)C2C1.CC(CO)CC1CCC2C(CCC2(C)C)C1.CC(CO)CC1CCC2CCC(C)(C)C2C1,False
CC(C(=O)NCCCCCO)n1cncn1,False
Cc1cc(Cl)c2c(c1)nc(CCC(=O)O)n2C,False
CC=CC(=CCCC)Oc1ccc(S(=O)N2CCN=C2N2CCN(C3CCC3)CC2)cc1,True
CCOC(C)(CC)c1noc(Cc2noc(C)c2C#N)n1,True
Cc1ccc(C(I)=C(Cl)CCC=O)cc1,False
CCCCCCC=CC1CC2=C(CCC(O)C2=O)O1,False
COc1c(N2CCN(CC(=O)O)CC2)cc(Br)cc1C(C)(C)C,False
CCCN(C)c1ccc(C=O)c(Cl)c1,False
CNc1cnc(C(=O)NC(C)c2ccco2)cn1,False
CNCc1nc(C)cc(-c2ccc3c(c2)CCCO3)n1,True
NC(CCCCB(O)O)CCN1CCC(c2ccc(Cl)cc2)CC1.O=C=O,False
NC(=O)N1C=C(OC(=O)NCc2ccccc2)C1=O,False
C=CC(=O)N1CC2(CC(n3nc(N4CCCCC4(C)C)c(-c4c(Cl)c(Cl)cc(N)c4C=N)c3C)C2)C1.CN1CCN(C)C(COCC=O)C1,False
[B]c1cc(C(=O)OC)cc(C=O)c1O,False
CCNC(=NCC1(c2ccccc2Cl)CCOCC1)NCC(C)C,True
C=CCOC12Oc3ccc(OCCN4CC4)cc3C3C(CCCCO)C(CCCCO)C=C(C(=NOCC)CC1N(CCC)S(=O)(=O)c1ccc(NC(C)=O)cc1)C32,False
CC=C(C(=O)OC)N(C)c1cccc(C(C)=NO)c1,False
Cc1n[nH]c(C)c1S(=O)(=O)NCc1ccc(OC(C)C)cc1,True
CCSCC1(C(C)CC)C(=O)NC(=O)NC1=O,False
C(=NNc1ccccc1)N=Nc1nc2ccccc2n1Cc1ccccc1,False
CC=CCCS(=O)(=O)N(CCC)CCN1CC(c2ccc3c(c2)OCO3)C(C(=O)O)C1c1ccc(OC)c(OC)c1,False
CCCC[Si]1(C)O[Si](C)(C)O[Si](C)(C)O1,True
CC(C)c1nccn1CCN1CCN(C(=O)c2ccno2)CC1,False
CC1C(C)N(C(=O)C2CCC2)CCN1C(=O)CCn1cnc2ccccc2c1=O.O=CO,False
COc1ccc(C(=O)CC2SC(=NN=CC=Cc3ccccc3)NC2=O)cc1,False
CCN(CC)CCN1C(=O)NC(CC)(c2ccc(OC)c(C)c2)C1=O,False
CCCC(C)CNC(C)COCCOC,True
C=C(C)CCCC(C)CCN(CC(O)C(Cc1ccccc1)NC(=O)OC(C)(C)C)S(=O)(=O)c1ccc2c(c1)OCO2.CC(CCC=O)CCN(CC(O)C(Cc1ccccc1)NC(=O)OC(C)(C)C)S(=O)(=O)c1ccc2c(c1)OCO2,False
Cc1ccc(N(CCCC(=O)N(Cc2ccc(Br)cc2)C(Cc2ccccc2)C(=O)NC(C)C)S(C)(=O)=O)cc1,False
CCN(NCN)C(C)C,False
Cc1ncc2c(n1)CC1CCC2N1Cc1ccccc1F,False
c1ccc(-c2ccccc2-n2c3ccc(-c4ccc5c(c4)c4ccccc4n5-c4cccc5ccccc45)cc3c3cccc(-c4ccccc4)c32)cc1,False
O=C(NCC1(C(=O)O)CCCCC1)C1CC1c1cccc(Cl)c1,False
Cc1cnc(N2CCCC(C)(C(=O)O)C2)cc1[N+](=O)[O-],False
CCCCCCCc1ccc(NC=O)cc1,False
CC=CCCNC(=O)CCCCCl,False
O=CC(=CNc1ccccn1)c1nc2ccccc2o1,False
C=CCn1c(=O)c2cnc(Nc3ccc(N4CCN(C(=O)CCNc5cccc(C=O)c5CN(C)NC)CC4)cc3)nc2n1-c1ccc2c(n1)C(OC)CC2,False
CCOC(=O)C1=C(C)N=c2sc(=Cc3cc(I)cc(OC)c3OCc3ccc(Cl)c(Cl)c3)c(=O)n2C1c1ccc(OCC(=O)OC)c(OCC)c1,False
C=CC1=CC(=O)C2C(CCC3C(C)(C)CC(O)C(O)C23C)C1C,False
NC1=CCC(COc2ccc(C3CCC(C4CCCCC4)CC3)cc2)=CC(N)=C1,True
Cc1ccc(S(=O)(=O)CC(=O)N(Cc2ccccn2)c2nc3ccc(C)cc3s2)cc1,False
COCCN(CCC#N)Cc1cc(F)ccc1N,False
CCn1c(-c2ccc(OC(C)=O)cc2)c(C=O)c2ccc(OC(C)=O)cc21,False
Nc1ccn(C2CCN(Cc3ccc(Cl)c(Cl)c3)CC2)n1,False
COCOC1=C(C2CCCCC2)NC(Cc2c(C)cc(CCC=O)c(C)c2C)C=C1,False
CC=C(C=NC)c1cc(C(=O)O)n(C)n1,False
C=CC.C=CC.CC.COc1cc(C(=O)NS(=O)c2ccccc2)ccc1COc1cccc(OCc2ccc3ccccc3n2)c1.COc1cc(C(=O)O)ccc1COc1cccc(OCc2ccc3ccccc3n2)c1,False
NC1(C(=O)O)C(O)C(O)C2C(C(=O)O)C21,False
CC(CNc1cc(Cl)ccc1[N+](=O)[O-])N1CCCCC1,True
Cc1cc2cnn(CCO[Si](C)(C)C(C)(C)C)c2cc1NC1COCC(c2ccc(F)cc2)N1,False
C=CCn1c(CCc2ccccc2)nnc1SCCN1CCOCC1,True
Fc1ccc(Cn2c(COc3ccc(Cl)cc3Cl)nc3ccccc32)cc1,False
CC(C)c1cc2c(NCC3CCC(=O)N3)nccn2n1,False
COCC(C)Oc1cc(Oc2ccc(SC)cc2)cc2cc(C3=NCC(CC(N)=O)S3)[nH]c12,False
CCC1CC(C)N(C(=O)OC(C)(C)C)C1c1nc2ccc(B3OC(C)(C)C(C)(C)O3)cc2[nH]1,False
C#CCN1C(=O)C(C)(C)Oc2c(OCC)cc(C=O)cc21,False
c1ccc(-c2nc(-c3cccc(-c4cccc(-c5ccc6c7ccccc7c7ccccc7c6c5)c4)c3)c3c(n2)sc2c4ccccc4c4ccccc4c23)cc1.c1ccc(-c2nc(-c3cccc(-c4cccc(-c5ccc6c7ccccc7c7ccccc7c6c5)c4)c3)c3c(n2)sc2c4ccccc4ccc23)cc1.c1ccc(-c2nc(-c3cccc(-c4cccc(-c5ccc6c7ccccc7c7ccccc7c6c5)c4)c3)c3c(n2)sc2cc4ccccc4cc23)cc1.c1ccc(-c2nc(-c3cccc(-c4cccc(-c5ccc6c7ccccc7c7ccccc7c6c5)c4)c3)c3c(n2)sc2ccc4ccccc4c23)cc1,False
CC(C)Oc1c(Br)cc(C=O)cc1Br,False
CC(=O)C(=O)Nc1cn(C)c2ccccc12,False
O=CN1CN(C=O)C(Nc2ccccc2)C1Nc1ccccc1,False
CC(C)CCN1CC2N(C(=O)OCc3ccccc3)OC(CO)C(=O)N2C(CC(=O)O)C1=O,False
Cc1cc(NC(N)=S)ccc1OCc1ccccc1,True
C=CCN1C(=O)CC(C(=O)Nc2ccc(OCC)cc2)SC1=Nc1ccc(Cl)cc1,False
CC(C)(C)OCC(=O)NC1CCC(N)CC1,False
C#C.CCC(C)C.Cc1nsnc1NCc1ccc2c(c1)OCO2.NC(=O)C1=C(O)C(N)=CCC1,False
Cc1cc(-c2c(C)c(C)c(C)c(C)c2C)cnc1N,False
COc1ccc(S(=O)(=O)NCC2(C)CCNCC2)cc1C(N)=O.Cl,True
CCOC(=O)c1ccc(N2C(=O)C(Oc3ccc(Cl)cc3C)C2c2ccc(C(=O)OC)cc2)cc1,False
Cc1cccc(OC(=O)c2ccc3c(c2)C(=O)N(c2ccccc2C)C3=O)c1,False
CC1=Nc2ccccc2C1=Cc1c(O)n(-c2ccc(C(=O)O)cc2)c(=O)[nH]c1=O,False
COC(=O)c1ccc(-n2cccc([N+](=O)[O-])c2=O)cc1,False
C=CC(=O)N(CSC1CCCCC1)CSC1CCCCC1,False
Cl.Cl.N#CC1CCCN1C(=O)C(N)CON=Cc1ccccn1,False
COc1cc2c(cc1C)CCCC2C1=NCCN1C#N,True
Cc1cc(C)c(C(=O)c2sc3cc(O)ccc3c2-c2ccc(C=CC(=O)O)cc2)c(O)c1.Cc1cc(C)c(C(=O)c2sc3cc(O)ccc3c2-c2ccc(C=CC(=O)O)cc2)c(O)c1.Cc1cc(O)cc(C)c1C(=O)c1sc2cc(O)ccc2c1-c1ccc(C=CC(=O)O)cc1.Cc1cccc(C)c1C(=O)c1sc2cc(O)ccc2c1-c1ccc(C=CC(=O)O)cc1,False
COc1cc2c(cc1OCc1ccccc1)CCN(C(=O)OC(C)(C)C)C2CS(=O)(=O)C(=N)N(N)c1ccccc1.COc1cc2c(cc1OCc1ccccc1)CCNC2C=Cc1ccc(-c2cccnc2)cc1.N.O=Cc1ccc(-c2cccnc2)cc1,False
Cc1cc(-c2ccccc2)oc1C.Cc1cc(-c2ccnc(C)c2)ccn1.Cc1ccc(-c2ccnc(C)c2)cn1.Cc1ccc(C)n1-c1ccccc1.Cc1ccc(C)n1C(F)(F)F.Cc1ccc(C)o1.Cc1ccnc(-c2ccc(C)nc2)c1.Cc1ccncc1-c1cnccc1C.Cc1cncc(-c2ccc(C)nc2)c1.Cc1nnc(C)o1,False
CC1(C)c2ccccc2-c2ccc(-n3c4ccccc4c4cc(-c5ccc6c7ccc(-c8ccc9c(c8)c8ccccc8n9-c8ccc9c(c8)C(C)(C)c8ccccc8-9)cc7n(-c7ccc(-c8nc(-c9ccc(-n%10c%11cc(-c%12ccc%13c(c%12)c%12ccccc%12n%13-c%12ccc%13c(c%12)C(C)(C)c%12ccccc%12-%13)ccc%11c%11ccc(-c%12ccc%13c(c%12)c%12ccccc%12n%13-c%12ccc%13c(c%12)C(C)(C)c%12ccccc%12-%13)cc%11%10)cc9)c9c(n8)-c8cccc%10cccc-9c8%10)cc7)c6c5)ccc43)cc21.CC1(C)c2ccccc2-c2ccc(-n3c4ccccc4c4cc(-c5ccc6c7ccc(-c8ccc9c(c8)c8ccccc8n9-c8ccc9c(c8)C(C)(C)c8ccccc8-9)cc7n(-c7cccc(-c8cc(-c9ccccc9)nc(-n9c%10cc(-c%11ccc%12c(c%11)c%11ccccc%11n%12-c%11ccc%12c(c%11)C(C)(C)c%11ccccc%11-%12)ccc%10c%10ccc(-c%11ccc%12c(c%11)c%11ccccc%11n%12-c%11ccc%12c(c%11)C(C)(C)c%11ccccc%11-%12)cc%109)n8)c7)c6c5)ccc43)cc21,False
COc1cc(NC2CN(Cc3cnc(NC(C)=O)s3)C2)ncn1,False
CCN(CCCO)c1cc(OC)ccc1[N+](=O)[O-],True
CC=CC(=O)N1CCCC(n2nc(-c3ccc(Oc4ccccc4)nc3)c3c(N)ncnc32)C1,False
C=CC(CC)CCCC(C)C(NC(=O)OC(C)(C)C)C(=O)N1CCCC1C(=O)NC1CC1C=C.COc1c[nH]c(=O)c2ccccc12.O=CNS(=O)(=O)C1CC1,False
CC=Nc1cc(S(=O)(=O)O)cc2cc(S(=O)(=O)O)cc(S(=O)(=O)O)c12,True
C=C(C)CNc1cncc2nnnn12,False
CC=CCC1=C(C)C(=O)C=C(C)C1=O,False
CCN1C(=O)C(C)SC1=Nc1nc2c(Cl)cccc2s1,False
c1ncn(Cc2cc(CNC3CC3)co2)n1,True
CC=CC=CC(=O)NC1CCN(Cc2ccccc2OC)CC1,False
COc1cc(NC(=O)CSc2ccc(NC(=O)C3CC3)nn2)cc(OC)c1,False
CCCCNC(=S)NN=C(CC)c1ccc(Cl)cc1,False
C=CC(=CC=C(C)CC(C=O)=C(CCCC)N(CC(C)O)C(CC)NC)c1ccccc1-c1noc(=O)[nH]1.CC(C)C,False
CC(C)(C)C(=O)SCCOP(=O)(OCCSC(=O)C(C)(C)C)OCC1CC(O)C(n2cc(Br)c3c(=O)[nH]c(N)nc32)O1,False
COc1cc2c3c(c(CO)cc2c2c1-c1sc(Br)cc1[Si]2(C)C)-c1sc(Br)cc1[Si]3(C)C,True
c1cc(Cc2ccc3cc(OCC4CO4)c(Cc4cccc(Cc5ccc6cc(OCC7CO7)ccc6c5)c4)cc3c2)cc(Cc2cc3ccccc3cc2OCC2CO2)c1,True
COc1cc(-c2nc(CN(CCO)Cc3ccccc3)c(C)o2)cc2c1OCO2,True
CCC(C)C1CNC(=O)C2C=Cc3cnc(Nc4ccc(N5CCNCC5)cn4)nc3N21,False
COC1CN(C(=O)Cc2cc3c(c4c2CC(O)C(C)(CCC=C(C)CCC=C(C)C)O4)CN(CCCC(OC=O)N2Cc4c(cc(OC(=O)N5CC(OC)C5)c5c4OC(C)(CCC=C(C)CCC=C(C)C)C(O)C5)C2=O)C3=O)C1,False
Cc1nc(C(C)C)sc1C(=O)N1CCc2c(-c3ccccc3)nn(C)c2CC1,False
CCOc1ccc(C(=O)Nc2ccccc2Sc2ccccc2)cc1COc1cccc(OC)c1,False
C=CCN1C(=O)C(CC(C)C)N(C)C(=O)C(OC)N(C)C(=O)C(CC)NC(=O)C(C(O)C(C)CC=CC)N(C)C(=O)C(C(C)C)N(C)C(=O)C(CC(C)C)N(C)C(=O)C(CC(C)C)N(C)C(=O)C(C)NC(=O)C(C)NC(=O)C(CC(C)C)N(C)C(=O)C1C(C)C,False
O=C1CCC2CCCCC2C1Cl,False
CCC1CCC(C2CC(c3ccccc3)CCC2O)CC1,True
CNc1ccc(Oc2cc(Cl)c([N+](=O)[O-])cc2C)cc1,True
Cc1sc2ncnc(SCC(=O)Nc3ccc(Cl)c(Cl)c3)c2c1-c1ccccc1,False
NC1=NC(=[NH2+])SCS1.NC1=NC(=[NH2+])SCS1.[I-].[I-],False
Cc1ccc(C(C)(C=O)N(C)C(=O)OC(C)(C)C)nc1,False
Cc1cccc(CNc2ccc(NS(=O)(=O)c3cccc(Cl)c3)cn2)c1,True
CN(C=O)CCCN1CCCCC1,False
CCCC(=O)OCC1CC(=O)N(CC)O1,False
CCCCCCCCCCCCCCCCCC(=O)O.CCCCCCCCCCCCCCCCCC(=O)OCC(O)CO.OCC(O)CO.OCC(O)CO,False
CC(C)CCN1C(=O)C(CC(=O)N2CCC(N3Cc4ccccc4NC3=O)CC2)SC1c1ccc(C(C)(C)C)cc1.CCN1CCC(c2ccccc2C2SC(CC(=O)N3CCC(N4Cc5ccccc5NC4=O)CC3)C(=O)N2CCC(C)(C)C)CC1.CN(C)c1ccccc1C1SC(CC(=O)N2CCC(N3Cc4ccccc4NC3=O)CC2)C(=O)N1CCC(C)(C)C,False
C=NOCC(=O)NCCOCCOCCOCCOCCOCCNC(=O)CC1N=C(c2ccc(Cl)cc2)c2c(sc(C)c2C)-n2c(C)nnc21,False
CCC1CCC(C(C(=O)NNc2nccc(C)n2)N(O)C=O)CC1,False
CCOC1CCNC2(C=COc3cc(C(=O)OC)ccc32)C1.Cl,False
C.C.C.C1CCOC1.C1CCOC1.N#CCC(O)c1cccc(OCC2CCCCC2)c1.NCCC(O)c1cccc(OCC2CCCCC2)c1.O=Cc1cccc(O)c1.O=Cc1cccc(OCC2CCCCC2)c1.OCC1CCCCC1.[AlH3].[Li+],False
CN(C)c1ccccc1Nc1ccc(C(N)=S)c(Cl)c1,False
CCOc1cc(NC(=NC)NCCCCN2CCN(C)CC2)ccc1OC.I,True
CC1(C)CN(C(=O)c2cc(N3CCC(N4Cc5ccccc5NC4=O)CC3)nc3ccccc23)Cc2cn[nH]c21,False
C=Cc1cc(C2=C(C)CC(c3sc(-c4sc(-c5sc(C=O)cc5C)cc4C)cc3C)S2)sc1-c1ccc2c(c1)c1ccccc1n2CC,False
CCc1nc(C(=O)NC)c(C=O)c(C(N)=O)c1-c1cccc2c1CCN2,False
COC(=O)C(C)(Cc1ccc(C(C)(C)C)cc1)C(=O)C(C)(C)C=O,False
Cc1cccc(N2CCN(C(=O)C(C)NC(=O)c3cccc([N+](=O)[O-])c3)CC2)c1,False
Cc1cccc(C)c1C(Cl)Cc1ccsc1,False
CC(C)C(CCN)CCC(=O)C1CCC1,False
O=Cc1cccc2[nH]cc(C(=O)CCl)c12,False
Fc1cccc(CP(Br)C(c2ccccc2)(c2ccccc2)c2ccccc2)c1,False
Cc1c(OC(F)F)ccc(B(O)O)c1Cl,False
CC(C)C12CCC(=CC=O)C1C2,False
COc1cc2c(cc1C1(C(O)C(=O)O)CC1)OCO2,False
CCSCc1ccc(C(=NN=C(C)C)c2ccc(Cl)cc2)s1,False
CCc1cnc(C)c(OCc2ccccc2)c1C=O,False
C=C(NCCC1CCCCC1)C1CC(C=O)CC(C2CCCC(CN3CC(CC)CO3)C2OC)C1.CC1CCC(C)C(C)(C)C1.CO.CO.CO,False
Cc1cc(OCc2ccc(C(=O)NC3CCCCC3)o2)ccc1Cl,False
COc1cc(C=O)ccc1OCc1nc(-c2ccc(Cl)cc2)oc1C,False
C#CCCC1(CCC(=O)Nc2ccc3nc(SCC(=O)Nc4ccc(Cl)cn4)[nH]c3c2)N=N1,False
CCC(=O)Nc1ccc(-c2ncnc3cc(OCCCN4CCN(C)CC4)c(OC)cc23)cc1,False
COC(=O)c1ccc2c(=O)[nH]c(C(Cl)=Cc3cc(Cl)c4c(c3)OCCCO4)nc2c1,False
Fc1ccc(Br)cc1CCNc1ncncc1Cl,False
N#CC(=Cc1ccccc1)c1nc(-c2ccc(Br)cc2)cs1,False
C#CCN(C)C(=O)C=CC=O,False
O=CCCCCC1C2CCC(C(=O)O)N2CCN1C(=O)CCc1ccccc1,False
CN(CCS(=O)(=O)[O-])CCS(=O)(=O)c1cccc(N=Nc2c(O)ccc3ccccc23)c1.[Na+],True
Cc1cc(C=C2SC(=O)N(CC(C)C)C2=O)c(C)n1-c1ccc(N2CCCC2)c([N+](=O)[O-])c1,False
O=CN1Cc2ccc(C(=O)NO)cc2OC(c2ccccc2)C1,False
CCc1nn(CCCOC(=O)c2cnon2)c2c1C(=O)NCC1(CCOCC1)C2,False
CCc1cc(O)c(O)c2cccc(C(=O)C=O)c12,False
Cl.FC(F)(F)c1ccccc1CNCCSc1nnnn1-c1ccccc1,False
Cc1cc(C)cc(Cn2c(Sc3cc(C)cc(C)c3)c(C(C)C)c(=O)[nH]c2=O)c1,False
COc1ccccc1N(C=O)CCC(=O)O,False
Cc1cc2n[nH]c(C=O)c2cc1C#N,False
Cc1nc(N)ccc1Oc1ccnc(N(C)C(=O)O)c1,False
CC(C)c1ccc(OCC(=O)Nc2nc3c(s2)CN(S(=O)(=O)C(C)C)CC3)cc1,False
Cc1oc(-c2ccccc2)nc1C1=C(c2c(C)oc3ccccc23)CCC1,True
CCOC(=O)C1=C(C)N=c2sc(=Cc3ccc(N4CCC(N(C)C)CC4)o3)c(=O)n2C1c1ccc(OC)cc1OC,False
O=[N+]([O-])c1ccc(N=Nc2c(S(=O)(=O)O)cc3cc(S(=O)(=O)O)c(N=Nc4ccc([N+](=O)[O-])cc4S(=O)(=O)O)c(O)c3c2O)c(S(=O)(=O)O)c1.[Na].[Na],True
C=CC1CC1(NC(=O)C1CC2CN1C(=O)C(C(C)(C)C)NC(=O)OCC(C)(C)CC=Cc1ccc3ccnc(c3c1)O2)C(=O)NS(=O)(=O)C1CC1,False
CNC(=O)c1cccc(-c2ccc(OC3OC(COC(C)=O)C(C)C(C=O)C3OCc3ccccc3)cc2)c1,False
CN(C(=O)c1sc(N2CCC(N)CC2)nc1N)C1CC1,False
O=Cc1ccccc1-c1noc2cc(C(=O)O)ccc12,False
C#CC(C)(C)Nc1cc(C(=O)O)nc(C)n1,False
Oc1ccc(Cl)cc1N=Cc1c(O)ccc2ccccc12,True
CC1(C)c2ccccc2N(c2ccc(-c3ccc(N4c5ccccc5Oc5ccccc54)cc3-c3nc4ccccc4o3)c(-c3nc4ccccc4o3)c2)c2ccccc21,True
CCC(C(=O)O)S(=O)C(C)C(=O)N1CCCCCC1,False
CC#CC(=O)NCCC(=O)N1CCOc2ccccc2C1,False
CCOC(=O)c1ccc(Cc2ccccc2C(C)C)[nH]c1=O,False
Cc1cc(F)cc(C(Cl)c2cc(Br)c(C)cc2Br)c1,False
COCCN1c2cccc(OC)c2C(C)C1C,True
CC(C)(C)OC(=O)NC(CCCCNC(=O)OCC1c2ccccc2-c2ccccc21)C(=O)N1CCCC1C(=O)OCc1ccc(C(=O)O)cc1,False
CC1(O)CCNCC1CN1CCCC1,True
CCCNC(=S)OC(=C[N+](=O)[O-])c1ccccc1.NC(=O)S,False
O=C(O)C(CO)NC(=O)N1CCCS(=O)(=O)CC1,False
CC(O)Oc1c(Cl)cc(C=CC(=O)O)cc1Cl,False
CC(C)(C)NC(=O)c1ccc(C=O)cc1,False
CCCNCCCCCCOCc1ccc(Cl)cc1,True
Cc1cccc(C)c1CC(NC(=O)C(O)C(NC(=O)c1ccccc1)c1ccccc1)C(N)=O,False
CC(C)(C)NC(=O)CN1CCC(CNC(=O)C2CCCC2CN)CC1.Cl.Cl,False
CC(C)=C1CCC(C)C2=C(C1)C(C)CC2.CC(C)=C1CCC(C)C2=C(C1)C(C)CC2.CCCCCC=CC(=O)CCc1ccc(O)c(CO)c1.COc1ccc2c(c1)Cc1c-2ccnc1C.COc1ccccc1O.c1ccc2cccc-2cc1,False
COC(=O)c1c(NC(=O)c2nonc2N)sc2c1CCC2,False
CCN1CCNC(Cc2cccc(-c3cccs3)c2)C1=O,False
[C-]#[N+]c1cc(C2CCN(C(C)C)CC2)cnc1N1CCCC1,False
C=C(NC(=O)C(=C)NC(=O)c1csc(C2=NCC3(CC2)NC(=C)C(C)NC(=O)C(=C)NCC(C)NC(=O)C(C(C)CC)NC2C=Cc4c(C(C)O)cc(nc4C2O)C(=O)OC(C)C(c2nccs2)NCC(=O)c2csc(n2)C(C(C)(O)C(C)O)NC(=O)c2csc(n2)C(=CC)NC(=O)C(C(C)O)NC(=O)c2csc3n2)n1)C(N)=O,False
CCOC(=O)C1=C(C)N=c2sc(=Cc3cc(I)c(OCc4ccc(Cl)cc4Cl)c(OC)c3)c(=O)n2C1c1ccc(C)cc1,False
Cc1cnc(C(C)n2c(C(C)Cl)nc3ccc(F)cc32)s1,False
CCCCc1cccc(CC(=O)OCOC(C)=O)c1,False
O=Cc1c[nH]c(C(=O)N2CCN(C(c3ccccc3)c3ccccc3)CC2)c1,False
CCN(CC)S(=O)(=O)c1cc(NC(=O)COC(=O)Cc2c[nH]c3ccccc23)ccc1C,False
C=CC(=O)N1CC2C(=O)Nc3c(c4cc(Cl)c(-c5c(C)ccc6[nH]ncc56)nc4n(-c4c(C)ccnc4C(C)C)c3=O)N2CC1C.C=CC(=O)N1CC2CN(C)c3c(c4cc(Cl)c(-c5c(C)ccc6[nH]ncc56)nc4n(-c4c(C)ccnc4C(C)C)c3=O)N2CC1C.C=CC(=O)N1CC2CN(CCCN(C)C)c3c(c4cc(Cl)c(-c5c(C)ccc6[nH]ncc56)nc4n(-c4c(C)ccnc4C(C)C)c3=O)N2CC1C.C=CC(=O)N1CC2CNc3c(c4cc(Cl)c(-c5c(C)ccc6[nH]ncc56)nc4n(-c4c(C)ccnc4C(C)C)c3=O)N2CC1C,False
CCOc1c(C#N)cnc2ccc(C=C3SC(C)=NC3=O)cc12,False
CC(C)C1CN(C(=N)N)C1,False
CC(C)c1cc2cc3cnn(C4CCCCO4)c3cc2n1CC(C=O)COC(C)(C)C,False
C=CC(=O)Oc1ccccc1C(=O)OC1CC(C)CCC1C(C)C,False
CCn1cncc1-c1ccc(C=O)cc1,False
FC(F)(F)c1ccc(C23CCC(CNc4nc(Cl)nc5ccoc45)(CC2)CC3)nc1,False
CC(C)(C)OC(=O)N1CCCC1C1=NC=CC1.CC(C)(C)OC(=O)N1CCCC1C=O.C[CH-]I.O=CC=O.S.S.[V],False
Nc1ccc2[nH]nc(C(=O)NCCCn3ccnn3)c2c1,False
COc1cc(C)c(CN2CCC34OCC(C(C)C)N3C(=O)CC24)cc1C,False
CCC1=CC(C)C(=N)CC1,False
CC(O)C1CCC2C3CCC4CCCCC4(C)C3CCC12C=O,False
C=C(C(=O)O)C(CC(C)C)C(=O)N(CCc1ccccc1)C(=O)OC(C)C,False
CCC1CCC(N)(c2ccccc2Cl)C1,False
Cc1nc(C(C)N(C)C(=O)c2cnc3c(c2)ncn3Cc2ccccn2)c(C)s1,False
NC1CC(Oc2ccc3ncc(-c4cc5cnccc5o4)n3n2)C1.O=CO,False
NC(N)=NCCCC(NNCCS(=O)(=O)O)C(=O)O,False
Cc1cccc(C(=O)N2CCC(N3CCC(Cc4ccc(S(=O)(=O)c5ccc(CC6CCN(C7CCN(C(=O)c8cccc(C)c8N)CC7)CC6)cc5-c5cccc(Cl)c5)c(-c5cccc(Cl)c5)c4)CC3)CC2)c1N,False
COc1cc(OC(=O)c2cccnc2OC)ccc1-c1ccc2c(c1C(OC=O)c1ccc(C)s1)N(C)C(=O)C(C)(C)N2,False
CC(NCc1ccc(S(N)(=O)=O)o1)C1CC2CCC1C2,True
O=CN(CCc1cccc2ccccc12)c1cn(C2CC(O)C(CO)O2)c(=O)[nH]c1=O,False
C=CCN1CC(C)N(C(c2ccc(Br)cc2)c2cccc(O[Si](C)(C)C(C)(C)C)c2)CC1C,True
CCC1(CC)C=CC(CC(C)(C)C=O)=CC1,False
Cc1cccc2nc(CC(C)(C)CC(=O)O)oc12,False
CCCCCCCCCCSP(=O)(OCCOC)OCCOC,True
CCCN(C)C(C)(CN)C1CCOC1,True
COc1cc2c(c(C)c1C=O)C(C)(C)CC(C)C2(C)C,False
C.CC(C)C1=CN=C(C(C)C)C1,False
Nc1c(Cl)ncn2c(OCCC3CCCO3)nnc12,True
CC(C)CCCOC(=O)C=CC(=O)OCC(C)(C)C,False
COc1cccc(N)c1C(=O)Nc1cccnc1Cl,False
CCNC(=O)c1ccc(C)c(N(C(=O)OCOC(=O)C(C)NC=O)c2ncnn3cc(C(=O)NC4CC4)c(C)c23)c1,False
O=C(Cl)CNC(=O)Nc1ccccc1,False
N#Cc1ccc(OC(=O)c2ccc(-c3ccc(OCCCCCCCCCCCCOCc4cc(Br)sc4Br)cc3)cc2)cc1,False
COc1cc(C=O)cc(I)c1OC1C=C(C(=O)NCCO)CC(N(C(=O)Cc2ccccc2)C2CCCCC2)C1O,False
COc1c(Cl)cc(F)cc1CCON,False
CCNC(=O)CCCC=CCC1CCCC1C=CCCCc1ccccc1.OB(O)c1ccccc1,False
COc1ccccc1C1CC(F)CN1.Cl,False
CC(C)(C=O)Cc1c[nH]c2ncc(-c3cccc(CN4CCCC4CO)c3)nc12,False
CCOC1CC(NC2c3ccccc3CCC2(C)C)C1,True
COCC(N)C(=O)NCCCN1CCCCC1,False
O=CNc1n[nH]nc1-n1c(=O)[nH]c2ccccc21,False
CC(=O)c1ccc(C=CCc2c(-c3ccccc3)[nH]c3ccccc23)cc1,False
COc1cc(C)c(C(=O)Oc2cc(C)c(O)c(C(=O)O)c2C)c(O)c1C=O.Oc1ccc(C=Cc2cc(O)cc(O)c2)cc1,False
CCOC(=O)C(=CC1CCC(C2CCC(C3CCC(N4C5CCCCC5C5CCCCC54)CC3)CC2)S1)C(=O)OCC,False
Nc1ccc2scc(I)c2c1O,True
COc1cc2c(cc1OC)C(NC(=O)C1CCC1)CC2,False
Cc1c(Oc2cccc(C=O)c2)cnn1C,False
Cc1cc(C(=O)N2CCN(CC(=O)N(C)C)CC2)c(C)n1C1CC1,False
COCCOc1ccc(S(=O)(=O)NCCC(C)N)cc1,True
CN(N=Cc1ccc(O[P+]2=NP(Oc3ccc(C=NN(C)P(=S)(Oc4ccc(P(=NP5(Oc6ccc(C=O)cc6)=NP(Oc6ccc(C=O)cc6)(Oc6ccc(C=O)cc6)=NP(Oc6ccc(C=O)cc6)(Oc6ccc(C=O)cc6)=N5)(c5ccccc5)c5ccccc5)cc4)Oc4ccc(P(=NP5(Oc6ccc(C=O)cc6)=NP(Oc6ccc(C=O)cc6)(Oc6ccc(C=O)cc6)=NP(Oc6ccc(C=O)cc6)(Oc6ccc(C=O)cc6)=N5)(c5ccccc5)c5ccccc5)cc4)cc3)(Oc3ccc(C=NN(C)P(=S)(Oc4ccc(P(=NP5(Oc6ccc(C=O)cc6)=NP(Oc6ccc(C=O)cc6)(Oc6ccc(C=O)cc6)=NP(Oc6ccc(C=O)cc6)(Oc6ccc(C=O)cc6)=N5)(c5ccccc5)c5ccccc5)cc4)Oc4ccc(P(=NP5(Oc6ccc(C=O)cc6)=NP(Oc6ccc(C=O)cc6)(Oc6ccc(C=O)cc6)=NP(Oc6ccc(C=O)cc6)(Oc6ccc(C=O)cc6)=N5)(c5ccccc5)c5ccccc5)cc4)cc3)=NP=N2)cc1)P(=S)(Oc1ccc(P(=NP2(Oc3ccc(C=O)cc3)=NP(Oc3ccc(C=O)cc3)(Oc3ccc(C=O)cc3)=NP(Oc3ccc(C=O)cc3)(Oc3ccc(C=O)cc3)=N2)(c2ccccc2)c2ccccc2)cc1)Oc1ccc(P(=NP2(Oc3ccc(C=O)cc3)=NP(Oc3ccc(C=O)cc3)(Oc3ccc(C=O)cc3)=NP(Oc3ccc(C=O)cc3)(Oc3ccc(C=O)cc3)=N2)(c2ccccc2)c2ccccc2)cc1,False
O=Cc1c(-c2ccccc2Br)nn(-c2ccccc2)c1Cl,False
O=CC(Cc1ccccc1)N1CCCC1=O,False
CC1NC2(C)CCC1CC(O)C2,True
NCc1cccc(CNC(=O)c2cnc(NNC(=O)NC3c4ccccc4CCc4ccccc43)c(Cl)c2)c1,False
N#CN1CCC(C(=O)Nc2cn3cc(-c4cnco4)ccc3n2)C1,False
FC(F)(F)C(c1cc2cc3ccccc3cc2[nH]1)c1cc2cc3ccccc3cc2[nH]1,False
O=C1CCc2cc(NCc3ncc[nH]3)c([N+](=O)[O-])cc2N1,False
CN(C=Cc1ccc(-c2c3ccccc3c(-c3ccccc3)c3ccccc23)cc1)C1=c2ccccc2=C(C2=CC=CCC2)C2C=CC=CC12,False
CCOC(=O)C(c1ccccc1)c1nc2nccnc2s1,False
CCCCC(CC)CNC(=NCc1ccc(CS(=O)(=O)NC)cc1)NCC.I,True
CC1CCC2(OC1)OC1CC3C4CC=C5CC(=NO)CCC5(C)C4CCC3(C)C1C2C,True
Cc1cc([N+](=O)[O-])c(C(C)C)c2oc(-c3ccccc3)c(-c3ccccc3)c12,True
CC1(C(=O)O)C=C(C(=O)O)C=CN1,False
CCCCCCCCCCCCCCCn1cc[n+](CCCCC)c1CCCCCCCCCCCC,False
COc1cc(C=O)ccc1N,False
CCOC(=O)C(=CC1CCC(C)=CC1C)C(C)=O,False
CNC(CCCN=C(N)NC(=O)Oc1cccc(CCCO[N+](=O)[O-])c1)C(=O)O.O=COc1cccc(CCCO[N+](=O)[O-])c1,False
CCOCO.CCOCOCC(O)COC[Si](O)(O)O[Si](C)(C)O[Si](C)(C)C.CCOCOCC(O)COC[Si](O)(O)O[Si](C)(C)O[Si](C)(C)C.CCOCOCC(O)COC[Si](O)(O)O[Si](C)(C)O[Si](C)(C)C.O=CC=O.O=CC=O.O=CC=O.O=CC=O,False
COc1nc(-c2ccc(NCCCCCCCCC(=O)N3CCN(c4cccc(C=O)c4C(C)=O)CC3)cc2)cc(C2CC2CCCn2cccn2)n1,False
CCOC(=O)CCC(=O)c1ccc(CCNC(C)=O)cc1,False
CCNc1nc(Nc2cc(C#N)cc(N3CCC4(CCN(C(C)=O)C4)CC3)c2Cl)nn2c(C#N)cnc12,False
[C-]#[N+]C(C)CCC(=O)CCC1CCC(CCCCC)CC1,False
Cn1cnc2c1c(=O)n(C(C=O)(C=O)C=O)c(=O)n2C,False
Cc1cc(NC(=O)C(=O)N(C=O)CCCN)no1,False
COC(=O)CCCCCN(C=O)c1cccnc1,False
CCOC(=O)c1ccccc1NC(=O)Cn1cc(C(=O)OCC)c(=O)c2ccc(C)nc21,False
CCCCC(OC=O)C(=O)OC(C)CCCC(=O)OCC(C)CC,False
COC1(NC=O)C(=O)N2CC(CCl)(C(=O)OC(c3ccccc3)c3ccccc3)CSC21,False
Cc1cc(=O)oc2cc(NC(=O)C(N)CC(=O)OCc3ccccc3)ccc12,False
COC(=O)c1ccc(Cl)c(S(=O)(=O)N2CCC(c3nc4ccccc4s3)CC2)c1,False
Nc1c(Cl)cccc1-c1c(C=O)cccc1C1CC1,False
CC(=O)Nc1ccc(S(=O)(=O)NC(C=O)CC(=O)O)c(OC(C)Cn2c(SCC(=O)N(C)C)nc3ccccc32)c1,False
COc1cc(C=CCNCCCCc2cc(C)cc(N)n2)ccc1O,True
CCN1CCN(Cc2ccc(N(C(=N)C(=O)NC(C)C)C(=N)c3cc(C(C)C)c(OC)cc3O)c(Cl)c2)CC1,False
C=C(C(Cc1ccc(C=CC)c(C)c1)N(C)C(=O)C=CCC(N)(CC)CC)N(C)C(Cc1ccccc1)C(=O)NCCC1CCCN1C.CCC,False
Cn1c(O)c(C(=N)Cc2ccccc2)c2ccccc21,True
CCOC(OCC)C(CCC1CCCO1)NN,True
CCC1=C(CC)NOC=C1,True
Cc1ccc2nc3c(c(C(=O)O)c2c1)CCCC3=Cc1cnn(C(C)C)c1,False
C#Cc1ccc2nc(-c3cccnc3N)n(-c3ccc4c(c3)CCC4)c2n1.NC(=O)c1ccc(O)c(C=O)c1,False
COc1cc(C(=O)NCCN(C)C)ccc1Nc1ncc2c(n1)N(C(C)C)CC(C)(C)C(=O)N2C,False
NCC1(C(=O)Cc2ccoc2)CCCC1,False
O=Cc1ccccc1-c1ccc(CNC(=O)OCC2c3ccccc3-c3ccccc32)cc1,False
C=CC(=CC=CC)C(=O)O.CC.CCCO,False
CCOC(=O)c1cc(C=O)cc(S)c1C#N,False
CCc1nnc(S(C)(=O)=O)o1,True
Cc1c(C#N)c(NC(=O)COC(=O)c2ccc(C(N)=O)cc2)n(Cc2ccccc2)c1C,False
CN(Cc1ccccc1)C(=O)C(Cc1ccccc1)N1CCNC(Cc2c[nH]c3ccccc23)C1=O,False
C=c1ccc(C=O)c(C)c1=CN(C)CC1CCN(C(=O)c2ccc(C)cc2)CC1,False
CCCCC(C)Cc1ccc(OCCN)c(-c2cc(C(CC)C(=O)NC(C)C=O)ccc2OCCN)c1,False
C=C(C)CNC(=S)Nc1ccccc1C(C)(C)C,False
O=CNCCN1CCN(CCNC=O)CC1,False
CCC=CCC(O)C=CC=CCCCCCCCC(=O)OC(COC(=O)CCCCCC=CCC=CCC=CCC=CCCCCC)COP(=O)([O-])OCC[N+](C)(C)C,False
COC(=O)C(=CC1CCC2CC(OC)CCC2C1)C(=O)OC,False
CCCCCCCCCCCCCCCCCCCCCC(=O)OCCCCCC,False
Cc1ccc(NC(=O)c2n[nH]nc2C)c(Br)c1,False
C=CC(=CC1=CC(C)(O)C(C=C(C=C)CCCC(C)C)=C(C)C(O)=C1CC)CCCC(C)C,True
C=CC.C=CC.O=C(OCCOC(=O)c1ccccc1-c1ccccc1)c1ccccc1-c1ccccc1,False
Oc1cccc(-c2c3nc(c(-c4cccc(O)c4F)c4ccc([nH]4)c(-c4cccc(O)c4F)c4nc(c(-c5cccc(O)c5F)c5ccc2[nH]5)C=C4)C=C3)c1F,False
Cc1ccc(NC(=O)NCc2ccc(Br)cc2)cc1S(=O)(=O)Nc1ccc(Cl)cc1,False
CC(C)(C)CC(C)(C)SP(=O)(O)SC(C)(C)CC(C)(C)C,True
C=CC=O.CNC1CCN(C)CC1.CNc1cccc(-c2ccc3ccc(C=O)cc3c2)c1,False
Cc1cc(C)c(C(Br)c2ccc(C)c(Br)c2)s1,False
COc1ccc(-n2c(SCC(=O)Nc3ccc4c(c3)C(=O)c3ccccc3C4=O)nc3ccccc32)cc1,False
CCCn1c(SCc2nc(-c3cccc(Br)c3)no2)nc2ccccc2c1=O,False
CC1C2CCC(C=O)(C2)C1C=O,False
C#CCOCC1CN(C(=O)OC(C)(C)C)CCO1.Cl.Cn1c(=O)n(C2CCC(=O)NC2=O)c2cccc(Br)c21.Cn1c(=O)n(C2CCC(=O)NC2=O)c2cccc(C#CCOCC3CN(C(=O)OC(C)(C)C)CCO3)c21.Cn1c(=O)n(C2CCC(=O)NC2=O)c2cccc(CCCOCC3CN(C(=O)OC(C)(C)C)CCO3)c21.Cn1c(=O)n(C2CCC(=O)NC2=O)c2cccc(CCCOCC3CNCCO3)c21.P,False
CCC(CC)COc1cc(C)c(-c2ccc(C)cc2)cc1CP,True
CC=CC(=O)CC1CCC(C)C(CC(=O)NCC(O[Si](C)(C)C(C)(C)C)C(C)C(=O)O)O1,False
COc1cc(C(=O)Nc2cc(C3CCCC3)[nH]n2)cc(OC)c1OC,False
C=C(C(C=O)=Cc1cc(Cl)ccc1O)C(C=CC)=C(C=CO)OC=O,False
CC(C)Cc1cc(CCC(=O)CCN2C(C)(C)CC(OC(=O)CCc3cc(CC(C)C)c(O)c(C(C)(C)C)c3)CC2(C)C)cc(C(C)(C)C)c1O,False
CCCC(=CC(=O)O)c1cc(Cl)ccc1OCC,False
O=C(O)CSCC(Cc1ccccc1)NCc1ccccc1,False
C=CC(C)(O)C(O)CC1C(CC(=O)OCc2ccccc2)CC1(C)C,False
c1ccc(-c2cc(-c3ccccc3)cc(-c3ccc4c(c3)-c3ccc(-c5cc(-c6cccnc6)cc(-c6cccnc6)c5)cc3CN(c3ccccc3)C4)c2)cc1,False
C#CCNP(=O)(OC1CC(C)CCC1C(C)C)c1ccccc1,True
CC(c1ccccc1)c1cc(O)cc(C2CCCCC2)c1Cc1c(C2CCCCC2)cc(O)cc1C(C)c1ccccc1,True
CC(=O)N(C)c1cnc(C=O)c2ccccc12,False
CCc1nc(Cl)c(C)c(NCCn2ccnn2)n1,False
CC(=O)c1c(C)c(C=O)cc2c(-c3ccnc4c3CCN4C(=O)OC(C)(C)C)ccn12.CCOC,False
C#CCCC(=O)CCCCCNC(=O)OCCCN(C)C(=O)CCCCC(=O)CCCOCCOc1nc(N(C)CC(N)=O)nc(N2CCN(P(C)(=O)N(C)C)CC2)n1.CCCCCCCC(C)=O.O=C(O)c1ccccc1-c1c2ccc(=O)cc-2oc2cc(O)ccc12,False
COC(=O)c1ncc(Br)c2c([N+](=O)[O-])c(Br)ccc12,False
CCC(N)Cc1ccc(Cl)cc1Sc1ncco1,True
COc1cc2c(Nc3c(Cl)cc(C#Cc4ccccn4)c4c3OCO4)ncnc2cc1OCCCN1CCN(C)CC1=O,False
O=COCCCC(=O)OCCCC(=O)O,False
CCCOc1ccc(C(O)=C2C(=O)C(=O)N(c3ccc(CC)cc3)C2c2ccccn2)cc1,False
COCCN(Cc1cccn1Cc1ccccc1)C(=O)CN(CCC(C)C)C(=O)c1cc(OC)cc(OC)c1,False
COc1ccc2c(c1)C(C(=Cc1ccc(S(C)(=O)=O)cc1)C(=O)O)=C(C)C2,False
N#Cc1ccccc1-c1ccc(C=O)s1,False
COc1ccc2ccccc2c1Cc1c(OCCO)ccc2ccccc12,True
O=CC#Cc1ccc(C#Cc2ccc(N3CCOCC3)cc2)cc1,False
Cl.N=CCNCCCCC(N)C(=O)OCc1ccccc1,False
CC=CCC(=O)N1CCN(C)C2(CCC(=O)N(C)CC2)C1,False
CCC(=C(c1ccc(O)cc1)c1ccc(N2CCC(CN3C4CCC3CN(c3ccc5c(c3)C(=O)N(C3CCC(=O)NC3=O)C5=O)C4)CC2)cc1)c1ccc(O)cc1,False
CC1=CC(=O)c2cc(C=O)ccc2C1=O,False
Cc1cc(N(C)Cc2ccc(Cl)s2)ccc1CNC1CC1,False
C=C(CC(NC=O)C(=O)O)C(=O)O.CC.Nc1nc(N)c2nc(CCc3ccccc3)cnc2n1,False
CCN(CC)CC(C)n1c(CCCl)nc2c(Cl)cccc21,False
CNc1cc(-c2ccc3ncsc3c2)n(-c2cccc(C)n2)n1,False
C=CC(=CN(C)C1C=CC(CO)O1)C(=O)NC=O,False
Cc1nnc(SCC(=O)Nc2ccc3c(c2)OC2(CCCC2)O3)n1Cc1ccccc1,False
CN(C)C(=O)c1ccc(C(C)(C=O)N(C)C(=O)OC(C)(C)C)cc1,False
COC(=O)N1CCC2(CC(N3CCC(C4N(C)C(Cl)=C(Cl)N4C)CC3)C2)C1,False
CC(O)C1CCN(Cc2ccccc2)CC1,True
COc1cc(C=Nn2c(C(C)(C)C)nc3ccc(Br)cc3c2=O)cc(OC)c1OC(C)C,False
C=Cc1c(C(=O)OC)[nH]c(CN)c1-c1ccc(OC)c(OC)c1OC,False
CCOc1ccc(N)c(S(=O)(=O)C2CCC(C)C(C)C2)c1,True
CC1(C)SC2C(Br)C(=O)N2C1(OCCC=O)C(=O)O,False
CCCCCCc1cnc(-c2ccc(-c3ccccc3C3CCC(CCCCC)CC3)nc2)nc1,False
CS(=O)(=O)Nc1ccc(-n2cc(-c3ccc(F)c(N4CCC(F)(F)CC4)n3)nn2)c(N2CCC3(CC2)CC3)c1,False
CCOC(=O)C(C)NC(=O)CNS(=O)(=O)c1ccccc1,False
CCNC1C(S(=O)c2ccccc2Br)CCCC1(C)C,True
CC.CC1(C)OCCO1.CC1(C)OCCO1.CN=C(N)NCCCCc1ccc(OCCN(C)C)cc1.Nc1nc(N)c(C=O)nc1Cl,False
Cc1ccsc1C(=CCCNCCC(=O)O)c1sccc1C,False
CCOC(=O)Cc1cc(C=O)sc1-c1ccc(Cl)cc1,False
CCOc1ccc(CC(COC(C)=O)NC=O)cc1OCC,False
CC#Cc1cnc(Nc2ccc(C3CN(C=O)CCO3)cc2OC)nc1OC,False
Clc1ccccc1NCCOCc1ccc(Br)cc1,True
C=C(C)CCC(C(=C)C(C)C)N(C=O)C(=O)c1c(C)cccc1OCC=O.Cc1ccc2c(CCCOc3cccc4c3C=CCC4)c(C(=O)C#N)n(CCN3CCN(C)CC3)c2c1-c1c(C)nn(C)c1C,False
O=C1CCC(C(=O)NCCCOc2ccc(Cl)cc2Cl)CN1,False
CCn1nc(C)c(CCCCCn2nc(C)cc2C(=O)Nc2nc3ccccc3n2CCN(C)CCn2c(NC)nc3cc(C(N)=O)ccc32)c1C=O,False
ClCc1nc2cccc(Cl)c2n1-c1ccc(Br)c(Cl)c1,False
C#C.C=C(C)C=CC(=CC(C)C)Oc1ccc(Nc2ncnc3sc(C(C=CCCNCCCOC)=CC)nc23)cc1C,True
Cc1ccc2c(oc3c(-c4ccc(C5CCC(C)(C)CC5)cc4)cc(-c4ccccc4)cc32)c1-c1n(-c2c(C(C)C)cccc2C(C)C)c2ccccc2[n+]1C,True
O=C(CSc1cccc[n+]1[O-])Nc1ccc(Br)cc1,False
O=Cc1ccc2c(c1)c1ccccc1n2S(=O)(=O)c1ccccc1,False
COC(=O)c1ccc2c(c1N)=NC(=S)N=2,False
CC1SCCN(C(=O)C2(CN)CCCC2)C1C,False
CCCNC(c1ccccc1Br)C1CCOCC1,True
NCCCN(C=O)C(=O)C(=O)Nc1ccc(I)cc1,False
Cc1c(-c2ccccc2)cccc1N(c1ccccc1)c1ccc2ccc3ccc(N(c4ccccc4)c4cccc(-c5ccccc5)c4C)c4ccc1c2c34.Cc1ccc(-c2ccccc2)c(C)c1N(c1ccccc1)c1ccc2ccc3ccc(N(c4ccccc4)c4c(C)ccc(-c5ccccc5)c4C)c4ccc1c2c34.Cc1ccc(-c2ccccc2)cc1N(c1ccccc1)c1ccc2ccc3ccc(N(c4ccccc4)c4cc(-c5ccccc5)ccc4C)c4ccc1c2c34.Cc1cccc(-c2ccccc2)c1N(c1ccccc1)c1ccc2ccc3ccc(N(c4ccccc4)c4c(C)cccc4-c4ccccc4)c4ccc1c2c34,False
C=C(C)C1CCC(C)(C)CC1C(=O)O.C=C(C)C1CCC(C)(C)CC1C=O.CC(C)C1CCC(C)(C)CC1C(=O)O.CC(C)C1CCC(C)(C)CC1C=O,False
CC=CC1=C(C(=O)O)N2C(=O)C(NC(=O)C(N)c3ccc(OC(=O)C(N)CCCCN)cc3)C2SC1,False
CC1CC(C)N(C(=O)c2cccc(NN)n2)C1,False
Cc1ccc2nc(CNC(=O)[O-])[nH]c2c1,False
Cc1ncsc1CNC(=O)c1cccc(C#CCCO)c1,False
CCn1cncc1C(C#N)NCC(F)(F)F,True
COc1cc(C=NNC(=O)c2ccc(NS(=O)(=O)c3ccc(Cl)cc3)cc2)ccc1OCc1ccccc1,False
O=Cc1coc(CC(=O)O)c1,False
CCOC(=O)Nc1ccc(-c2nncn2C)cc1,False
O=C1c2c(Br)cccc2CC1Br,False
NC(=S)C1(c2ccncn2)CC1,False
[B]OC(=O)C1(SCC=CCCl)CN2C(=O)C(CC(=O)C(=NOC(C)(C)C(=O)OC(C)(C)C)c3csc(N)n3)C2S1,False
CCCCCCCCC(C(=O)O)C(O)C(C)O,False
NC(Cc1cccc(F)c1Cl)c1ccc2c(c1)CCC2,False
C=NC=C(C=NCCN(CCNC)CCOCCC(=O)N1CCN(c2ncc(CN)cn2)CC1)C(=O)NCCOCCC=O,False
CC(C)CC(C(C)C=O)C1C(C)CC(C)CC1C,False
CC=C(C=CCCl)C(c1ccccc1)N1CCN(S(=O)c2ccc(OC(C)(C)C(=O)O)c(C)c2)CC1,False
O=C1CCC(c2coc3ccc(Cc4ccccc4)cc23)C(=O)N1,False
NS(=O)(=O)c1ccc2c(c1)NC(=O)C(c1ccccc1)N2C(=O)Cc1ccccc1,False
CCn1nc(C(=O)NNC(=O)c2cc(S(C)(=O)=O)ccc2C)c2ccccc2c1=O,False
NC(=O)CCC(N)C(=O)NC(Cc1ccccc1)C(=O)NC(CC(N)=O)C(=O)NC(CC(N)=O)C(=O)O,False
CCN1CCC(NCc2ccc(F)c(C#N)c2)CC1,False
CN(c1ccc(N(c2ccc(-c3ccc(N(c4ccc(N(c5ccc(C(C)(C)C)cc5)c5cccc6ccccc56)cc4)c4cccc5ccccc45)cc3)cc2)c2cccc3ccccc23)cc1)c1ccc(C(C)(C)C)cc1,False
C=CC.CCO[Si](C)(C)N=C=O,False
CCc1ccc(NC(=O)C(=O)NN=Cc2ccc(OCC(N)=O)c(OC)c2)cc1,False
Cc1ccc(-n2ncc(C(=O)N3CCC(N)C(C)(C)C3)c2C2CC2)cc1Cl,False
NCCN(CO)CC=O,False
CC(C)(C)OC(=O)NC(COCc1ccccc1)C(Br)C=O,False
COC(=O)CCN(C)S(=O)(=O)N1CCC(C)(O)C1,False
CCCCCCC1(CI)C=COC1=O,False
CCOc1cc(C(=O)N(C)C(C)c2cccc(Cl)c2)ccc1OCC(=O)N1CCCCC1,False
C=CC(=O)Nc1ccc2c(-c3ccccc3CNc3cc(N4CCC5(CC4)OCCO5)nc4c(C(C)C)cnn34)nccc2c1,False
CN=C(NCCNC(C)(C)C)NC1CCN(Cc2ccc(Br)cc2)CC1.I,False
CCCCCCNC(=O)CCC(NC(=O)CCCCCCCCCCCCCCCCC(=O)O)C(=O)O.O=CNCCCCC1NC(CCC(NS)C(=O)S)CNC1=O,False
CCc1ccccc1C(=O)c1c[nH]c2c(CC)cccc12,False
CC.CC1=CC=CCC=C1.CC=C(C)OP(Oc1cccc2c1C(=O)c1c(OP(C)Oc3cccc4ccccc34)cccc1C2=O)Oc1cccc2ccccc12.Cc1cccc2ccccc12,False
CO[SiH2]C(NC(OC)(OC)[SiH2]OC)(OC)OC,True
Cc1cc(N2C(=O)C3C4C=CC(C4)C3C2=O)ncc1Br,False
CC(C)C(NCc1ccccc1O)c1ccc(F)cc1,False
CC(=O)OCOC(=O)N(Cc1cc(N(C)C)c2c(c1O)C(=O)C1C(=O)C3(O)C(O)=C(C(N)=O)C(=O)C(N(C)C)C3CC1C2)CC(C)(C)C,False
Cc1nc(N(C)C#N)cc(N2CCN(C=O)CC2)n1,False
Cc1nn(C(C)C(=O)NC2CCCCC2C)c(=O)c2c1sc1ccccc12,False
COc1cc(C=O)c(OC)cc1N,False
COc1nc(OCC2COCCO2)cc(-c2ccc(C#CC3CC3)cc2C)n1,True
CCCc1nc(CC)c2cc(Cl)n(C)c2n1,False
CCOc1ccc(C2C(C(=O)Nc3ccccc3)=C(C)N=c3sc(=Cc4ccc(OCc5ccc([N+](=O)[O-])cc5)cc4)c(=O)n32)cc1,False
C=C(C)CNC(=S)NNC(=O)COc1ccccc1Cl,False
COCCCc1cc(CCCOC)c(C)c(CNC2CC2)c1,True
CCCCCCc1ccsc1-c1cc(C(=N)C=C(N)C(F)(F)F)nc(-c2ccc(C)cc2)c1,False
CCCOc1cccc(OCCC)c1C=CC(=O)OCC,False
COc1cc(NC2CCC(C(C)(C)C)CC2)ccc1Br,True
CCC1(N)C(N)(N)C(N)(PC)C(N)(N)C(N)(PC)C1(N)N,False
Cc1ccc(C(=O)Nc2ccc(Nc3nc(C)cc(C)n3)cc2)cc1,False
CC=CC(=O)OC1(CC)CC2CC1C1CCCC21,False
CC(C)Cc1ncc2c(-c3ccn4ncc(C5CC5)c4n3)c[nH]c2n1,False
COCCN(C)C(=O)Nc1ccnc(Br)c1,False
Cn1ccc2nc(C=O)c(Br)cc21,False
CCCCOC(=O)c1ccc2ccc(C(=O)O)nc2c1OC(=O)C(C)(C)C.CCCCOC(=O)c1ccc2ccc(C(=O)ON3C(=O)CCC3=O)nc2c1OC(=O)C(C)(C)C.CCCCOC(=O)c1ccc2ccc(C)nc2c1O.CCCCOC(=O)c1ccc2ccc(C)nc2c1OC(=O)C(C)(C)C.CCCCOC(=O)c1ccc2ccc(C=O)nc2c1OC(=O)C(C)(C)C.Cc1ccc2ccc(C(=O)O)c(O)c2n1,False
CC(CCC1CCNCC1)NC=O,False
Cc1cc(C(=O)CNc2ccc3c(c2)OCO3)c(C)n1C,False
Cc1ccc(C=O)c(-c2ccc3nc(C)ccc3c2)c1,False
CCCCC(C)NCC(O)C(Cc1ccccc1)NC(=O)c1cc(NCC)cc(N2CCCCS2(=O)=O)c1,False
C#Cc1ccc(C(OC)OC)cc1OC,True
CCCc1ccc(C(N)c2cccc(Br)c2)cc1,False
O=Cc1nc2ccccc2s1,False
O=Cc1sc(=NS(=O)(=O)c2ccc(Cl)cc2)n(C2CCCCC2)c1Cl,False
[C-]#[N+]c1cnn(-c2ccccn2)c1N=Nc1c(O)c(C(=O)Nc2ccccc2)cc2cc(C(=O)NCCCNC=O)ccc12,False
O=C(c1n[nH]c2cccnc12)N1CCc2nc(COc3ccccc3)oc2C1,False
CCC(c1ccccc1)C(N)c1ccc(C)cc1C,False
CN(Cc1noc(C(O)(c2ccccc2)C2CCCCC2)n1)C(=O)OC(C)(C)C,False
CCCCCCCCCCCCCCCCNC(=O)O.CCNC(=O)CCC(=O)O.[Cl][Pt+2][Cl].[NH2-].[NH2-],False
[Cl-].[Cl-].[Pd+2].c1ccc(P(c2ccccc2)c2ccccc2)cc1.c1ccc(P(c2ccccc2)c2ccccc2)cc1.c1ccc(P(c2ccccc2)c2ccccc2)cc1.c1ccc(P(c2ccccc2)c2ccccc2)cc1,False
Cc1ccc(N2CC(NC(=O)Cn3cc(C)c(=O)[nH]c3=O)CC2=O)cc1,False
CNCc1ccccc1C(O)C(O)CCCl,True
C=C.CC=CC1N=C(C(C)(C)O)C=C(c2csc(C3CCCN3C(=O)C(NC(=O)C(C)NC)C3CCCCC3)n2)C1CC,False
CCc1ccc(OCC(O)CN2CCN(c3cc(Cl)ccc3C)CC2)cc1,True
Cc1ccc(C=O)cc1-n1cnc(C)c1C,False
CCCC(C(CC)N(C)CC)N(C=O)C(CC)CC,False
CN(C)CC1COc2ccc(-c3cccnc3)cc2C1=O,False
Cc1ccc(NC(=O)CCCCCCCCCCBr)cc1,False
COc1cccc(CNC(=O)c2csc(Br)c2)c1,False
CN1CC(CN)C(C2CC2)C1,False
Clc1ccc(-c2ccc(C=NNc3nc(N4CCOCC4)nc(N4CCOCC4)n3)o2)c(Cl)c1,True
CC(CCOC(=O)CC1CCCCC1)OC(=O)C(C)(C)C,False
Cc1ccc(-c2nc(-c3ccc(C)cc3C)nc(-c3c(O)cc(O)cc3O)n2)c(C)c1,True
CCOC(=O)c1cc(=O)c2ccc(OCCNCCCCc3c[nH]c4ccc(C#N)cc34)cc2o1,False
C#CCOc1ccc2ccccc2c1C=c1sc2n(c1=O)C(c1ccccc1)C(C(=O)OC(C)C)=C(C)N=2,False
Cc1cc(OCC(=O)NNC(=O)c2ccc(C(C)(C)C)cc2)ccc1Cl,False
O=[N+]([O-])c1cc(S(=O)(=O)Nc2cccc3[nH]ncc23)ccc1O,True
Cc1ccc(NC(=O)C(=O)NCc2ccc(C=c3sc4n(c3=O)CCN=4)o2)cc1,False
CCC(Cc1ccccc1)N1CCCC1CN,False
CC(=O)N(C)c1ccc(C(=O)O)s1,False
COC(=O)C1CCC(CNC(=O)CCCCCN2C(=O)C(Sc3ccc(CO)cc3)CC2O)CC1,False
Cc1ccccc1-n1c(C)cc(C(=O)N2CCC(C(=O)NC(C)C(C)C)CC2)c1C,False
COC(=O)C(O[Si](C)(C)C(C)(C)C)C1CC(=O)C(C)C(C=Cc2ccccc2)O1,False
COCCCCC#CC(C=O)=Cc1ccc(OC)cc1,False
C=C.CC.CC.CCN(C)CCC1CC2CN12,False
CC.CC=O.CC=O.COC.COC.COC(=O)c1ccccc1C.COC(C)=O,False
C=CCN(C)N(C(C=CC=O)=NN(C)C(C)C)c1nc(Nc2ccc(N3CCC(N(C)C)C3)c(OC)c2)ncc1C=O,False
C=CCC(C)c1nn(C(C)(C)C)cc1C=O,False
CN1CCc2c(C#N)c(SCC(=O)N3CCCCC3)nc(N3CCCC3)c2C1,False
CCc1ccc(NC(=O)C(CC(=O)O)NC(=O)OCC2c3ccccc3-c3ccccc32)cc1,False
CC(C)(c1cccc(-n2cccn2)n1)c1ccc2c(n1)c1nccc(-c3ccccc3)c1c1nc3ccccc3n21,False
O=C(NC(Cc1ccc(OCc2ccccc2)cc1)P(=O)(Oc1ccccc1)Oc1ccccc1)OCc1ccccc1,False
CC=CC(=CC)c1cnc(C2CC(C)CN2C(=O)CC(C)C)[nH]1,False
COCCCC(=O)Nc1cc(S(=O)(=O)N2CCOCC2)ccc1NCC1CCCO1,False
CCCCCC(=O)On1ccc(C(=N)N)n1,False
Cc1[c-]c(-c2nccc3cc(C(C)C)ccc23)cc(C)c1.O=C(C=C(O)CC1CCCCC1)CC1CCCCC1.[Ir],False
C#CC(=O)OC.C1CCOC1.CC(C)(C)OC(=O)n1cccc1.CCO.CN1C2CCC1C(CO)C2.CN1C2CCC1C(COc1cccc(O)c1C=O)C2.COC(=O)C#CBr.COC(=O)C1=C(Br)C2C=CC1N2C(=O)OC(C)(C)C.COC(=O)C1CC2CCC1C2.COC(=O)C1CC2CCC1N2C.COC(=O)C1CC2CCC1N2C(=O)OC(C)(C)C.O=Cc1c(O)cccc1O,False
CCNC(=O)OC(CO)C1COc2ccccc2O1,False
COc1ccc(C=C2NC(=S)N(c3cn(C)nc3C)C2=O)cc1COc1cccc2cccnc12,False
Cc1cc(NC(=O)NC(C)(CO)C2CC2)n(Cc2ccccn2)n1,False
COc1cc2nc(-c3ccc(C)c(NC(=O)CCCc4ccc(C)cc4)c3)[nH]c2cc1OC,False
CCC(CSC1CC(=O)N(CCCCCCCCCCCOC=O)C1=O)C(C)=O,False
C=CC=C(C)N1CCC(CN(C(=O)C2CCC(OCCN(C)C)CC2)C(=CC)N=C)C(C)C1,False
COc1ccc(CC(C)(N)c2ccccc2Br)cc1F,False
CN(CC(=O)NC(C)(C)C)C(=O)COC(=O)c1cc(S(N)(=O)=O)ccc1N1CCOCC1,False
CC=C(O)C(=O)OCCCOC(CC)c1ccccc1,False
CCOC(=O)CC1CCCCN1C(=O)c1cn(Cc2cccc3ccccc23)nn1,False
COc1ccccc1Cc1cnc(C2CCCN(C(=O)c3cccc(-c4cncnc4)n3)C2)o1,False
CC1CCCC1CNC1CCC(C)(C)CC1C,False
Cn1cnnc1C1CN(C(=O)c2cscn2)CC12CCCC2,False
NC(Cc1cc(F)cc(F)c1)C1CCCS1,False
CC(C)NCC(C)(C)CCN,False
C=C1NC(Cl)=Cc2cc(C=O)ccc21,False
Cc1ccc(C=O)c2c1OC(C)(C)C=C2,False
CC=C(COCCCCCCCC)N=O,True
CCOC(=O)c1cnn(-c2cc(C(C)(C)C)nc3c(-c4ccccc4Cl)c(C)nn23)c1N,False
CC(C)(c1cc(Br)c(OCC(O)CSC2CCCCC2)c(Br)c1)c1cc(Br)c(OCC(O)CSC2CCCCC2)c(Br)c1,True
CCC[Si]1(CCC)CCCCO1,True
CC=C(C)C(=O)OC(=O)C(C)=CC.CC=C(C)C(=O)OCCCC.CC=C(C)C(=O)[O-].CC=CCO.CC=CCO.CC=COC(=O)C(C)=CC.CCC=O.O=CO[O-].[K+].[K+].[Na+],False
O=C(NCCc1ccco1)c1ccc2n(c1=O)CC1CC2CN(Cc2ccco2)C1.O=CO,False
[Br-].c1ccc2c(c1)ccc1cccc[n+]12,False
Cc1cc(-c2cn(-c3ccc(NS(=O)(=O)CCO)cc3N3CCC4(CC3)CC4)nn2)nc(N2C3CCC2COC3)n1,True
Cc1nc2c(c(Cl)c1Cl)CCCC2=O,False
Oc1cccc(C=NNP(=S)(c2ccccc2)c2ccccc2)c1,True
COc1ccc(-c2nn(CCCO)c(N)c2C=O)c(C)c1,False
COc1ccc(S(=O)(=O)NCC(=O)OCC(=O)C(C)(C)C)cc1OC,False
CCCCCCCCCCCOC(=O)CCCC(=O)Oc1c(Cl)cccc1Cl,False
Cc1ccc(C(=O)Nc2cnn(Cc3ccccc3)c2)cc1S(=O)(=O)NCc1ccccc1,False
CCOC1(C)ON1C=O,False
[C-]#[N+]C(=CC)C(=O)N1CCN(C(c2ccc(Cl)cc2)c2ccc(Cl)cc2)CC1,False
CC1=C2OC(C)(CNc3ccc(-c4ccn[nH]4)cc3)CC2C(C)C([N+](=O)[O-])=C1C,True
CCCNCC(C)C(C)c1c(OC)cccc1OC,True
O=C(c1cc(Br)ccc1Cl)c1cc(Br)sc1Br,False
c1ccc2c(c1)nc(-c1ccc(-c3ccc4c5ccccc5nn4c3)cc1)c1cc3oc4ccccc4c3cc12,True
C=CC(N)=CC=C(N)N1CCC2(CC1)CN(CC1CCN(c3ccc(C=O)c(C(=O)N(C)C(C=O)CCC=O)c3)CC1)C2,False
C.O=C(Cc1nnc(CCSCCc2nnc(NC(=O)CC3CCCNC3)s2)s1)CC1CCCNC1,False
Cc1ccc(C(C)(O)C(C)C(=O)O)c(C)c1,False
CCOc1cc(COC(C)=O)cc(C=O)c1O,False
Cc1ccccc1CN1CCCC(NC(=O)c2cnn(C)c2)C1,False
C=CC(=O)OCCCCOc1ccc(C(=O)Oc2cccc3c(OC(=O)c4ccc(OCCCCOC(=O)C=CC)cc4)ccc(C)c23)cc1,False
CC=CC(=CC)N1C(=O)C(=CC)C(=CC)C1(c1ccc(O)cc1)c1ccc(O)cc1,False
CC(C)(C)OC1CCCc2c(F)cccc21.CC(C)(C)OC1CCCc2ccccc21.CC(C)(C)Oc1ccc(Br)cc1Cl.CC(C)(C)Oc1ccc(F)c(C(F)F)c1.CC(C)(C)Oc1ccc(F)cc1.CC(C)(C)Oc1ccc(F)cc1OCC1CC1.CC(C)(C)Oc1ccc2c(c1)CCC2.CC(C)(C)Oc1ccccc1.CC(C)(C)Oc1ccccc1-c1cn[nH]c1.COc1cc(F)ccc1OC(C)(C)C.Cc1ccc(OC(C)(C)C)cc1,False
CN(c1ccccc1F)c1c(F)cccc1CN,False
CCCCOC.CSc1ccc(CB2OC(C)C(C)(C3CC(C)C3(C)C)O2)c(OC(=O)OC(C)(C)C)c1C=O,False
CC(C)(C)c1nn(Cc2ccccc2Br)c(Cl)c1C=O,False
C=CC(=O)N1CCN(C2NC(OCC3CCCN3C)NC3C(=O)C4(CCC32)Cc2c(C)cccc2CS4)CC1CC#N,False
COCc1cccc(C(Cl)C(=O)C(=O)OC)c1,False
O=C(c1sccc1Br)N1CCC(Oc2ccccc2)CC1,False
CC=C(C)C=CN(N=C(C)C(F)(F)F)c1ccc2[nH]ccc2n1,False
C=CCC(=O)NC1CCCCCNC1=O,False
Cc1c(Cl)cnc(NC(=O)COC(=O)Cc2ccc(Cl)c(Cl)c2)c1Cl,False
CCOC(=O)C1CCN(C(=O)c2c[nH]c3ccccc23)CC1,False
CCCCCCc1ccc(N2c3ccc(-c4cc(C)c5c(c4)CCCN5C)cc3Sc3cc(-c4sc(-c5ccc(C=O)c6nsnc56)c5c4OCCO5)ccc32)cc1,False
Cc1cc(Cl)cc2c(NCCCCc3ccc(O)c(C=O)n3)ccnc12,False
C=C(C=O)C1CCC(C)=CCCC(C)C(OC)C1,False
CC1CCCC(C(=O)O)(C(=O)O)C1,False
COc1cccc(CC2COCCN2)c1,True
O=C(O)c1ccc2cc(C(=O)O)ccc2c1.OC1COC2C(O)COC12.OC1COC2C(O)COC12,False
COCCOc1cccc(NC(=O)c2cccc(Br)c2)c1,False
N#Cc1cnn2c1[nH]c(=O)c1ccc([N+](=O)[O-])cc12,False
COc1ccc(C#N)c(Br)c1OC.COc1ccc(C=O)c(Br)c1OC,False
S=C(Nc1ccc2[nH]c3nc4ccccc4nc3c2c1)NC1CC1,False
CCSc1cccc(NCCS(=O)CC)c1C(N)=S,True
CCNC(=NCc1nc(C(C)C)cs1)NCC1(CS(C)(=O)=O)CC1,True
CC(C)(C)C[Si]1(c2ccccc2)CC[Si](C)(C)O1,True
Cc1ccc2cc(C(=O)c3ncccc3Cl)ccc2n1,False
CCC(C=O)(Cc1nccc2c1C=C(CCC1CC1)CO2)OCOC,False
C=CC1CC1.O=C(O)CC(=O)O,False
CC(=O)c1ccc(C(=O)OCC(=O)NCCc2ccccc2C)s1,False
C=C(C)C1CCC=C(CCC=O)C1,False
O=C(c1cc2ccccc2oc1=O)N(CCc1cccs1)Cc1cccnc1,False
BrCc1cn(Cc2nc3ccccc3o2)nn1,True
CCC=C(CC1C(C)=CC=C1NCCc1ccccc1)NCc1ccc(NC)c(CC)c1,False
O=Cc1c[nH]c2c(O)ccc(-c3cccc(Cl)c3Cl)c12,False
COC(C=O)CC1C(NC(=O)C(NOC(C)(C)C(=O)O)c2csc(N)n2)C(=O)N1S(=O)(=O)O,False
CCN(CCO)Cc1ccc2[nH]c(-c3cc(NC(=O)c4cnn(CC5=CCC(Cl)C=C5)c4)c[nH]c3=O)cc2c1,False
CCNC(C)CNC(=O)c1ccc(-c2ccco2)[nH]c1=O,False
CCCCc1ccc(S(=O)(=O)Nc2ccc(C34CNCC3C4)cc2)cc1.Cl,True
C=C1CC(C(O)C(NC(CCCCC)C2CC2)=C2CC2)OC(C)C1C.C=CC=CCC=CC(O)CC(C)O.CC.CCO,True
O=C(Nc1ccc(Cl)cc1)c1nc(Nc2ccccc2)c2ccccc2n1,False
C=C=C=C=C.C=CC.CC.CC(=O)CNC(CCCCNC(=O)CCOCCOCCOCCOCCNC(=O)CCC(C)=NOCC(=O)NCCOCCOCCOCCOCCC(=O)NCCCCC(NCC(C)=O)C(N)=O)C(N)=O.CCC(C)=O,False
CCC(=Nc1ccccc1C)C1CCCC(NC)C1.O=CCN1CCCCCC1=O,False
COCCNCC(=O)N(C)CCCN(C)C,False
C=CCCCCCOc1ccc(CNCC(C)C)cc1F,False
COCCC=C(C(=O)O)C(=O)OC,False
C#CCON=Cc1cccc(OC)c1,True
OC(O)NC1CCNC1,True
N#CCCN1CC(O)C(=O)N=C1c1ccccn1,False
COc1cc(SCc2ccccc2)cc([N+](=O)[O-])c1C(=O)Nc1ccccc1,True
CC.CC=CC(C=CCNCc1ccccc1)=CC,False
Cc1ccc(N(C)C(=O)c2cc(-n3c(=O)[nH]c4cccc(C=O)c4c3=O)c(Cl)s2)cc1,False
CC.COC1=C=C([N+](=O)[O-])C=C(C=O)C=C1,False
COc1ccc(C(=O)NCc2ccc(COc3ccccc3)cc2)cc1S(=O)(=O)NC1CCCC1,False
Nc1cc[nH+]cc1.O=C([O-])C(Cl)(Cl)Cl,False
Cc1nc(Cl)c2c(c1C)CC(CCN1CCCC1)=C2,False
CC(C)(C)[Si](C)(C)Cl.[C-]#[N+]c1ccc(NC(C(=O)NNC(=O)c2ccc(C#N)cc2)C(C)O)c2ccsc12.[C-]#[N+]c1ccc(NC(C(=O)NNC(=O)c2ccc(C#N)cc2)C(C)O[Si](C)(C)C(C)(C)C)c2ccsc12,False
O=CN1CCN(c2ccnc(NCc3ccccc3Cl)n2)CC1,False
C=CO.CC(=N)N.CC=O.NC(N)=O.NC(N)=O.NC=O.NC=O,False
C=CC(C)=C1CC1.C=C[O-].Cc1ccc(-c2nc3ccc(OC(=O)c4ccc(OCCCC5CC5)cc4)cc3c(=O)o2)cc1Br.O=C(c1ccc(OCCCC2CCC2)cc1)C1CCC1.[K+],False
Clc1ccc(OC2CC(OCc3ccccc3)C(OCc3ccccc3)C(COCc3ccccc3)O2)cc1,True
C#CCNC(=O)CC1CCN(C(=O)Nc2cccc(C(=O)OCC)c2)CC1CC,False
CC(C=O)CC1CCN(C(=O)OCc2ccccc2)CC1,False
C#CCCCC(N)CCCCCCC,False
COc1cc(NC=O)cc(OC)c1OC,False
CC(C)(C)OC(=O)NC(Cc1ccccc1)C(=O)COC=O,False
Cc1cc(CN2C(C)CN(c3cnc4cc(C)ccc4n3)CC2C)cc(OCC=O)c1,False
CCCNc1nc(C)cc(C(=O)NCC2CCCO2)n1,False
CNC(=O)c1ccc(NC2c3cc(C4CCN(C(=O)OC(C)(C)C)CC4)ccc3N(C(C)=O)C(C)C2C)cc1,False
C[N+]1(C)C2CCC1CC(C=C(c1cccs1)c1cccs1)C2.[Br-],False
O=C(NNC(=O)c1ccc(-c2ccccc2Cl)o1)c1ccc2ccccc2n1,False
CC1CCN(CC2CC2)CC1C(=O)c1ccc2cc(C#N)ccc2c1,False
COc1nc(-c2ccc(N(C)C)cc2)nn1C,True
CC.CC(c1ccccc1)n1cccc(C(=O)NC(CCCN=C(N)N)C(=O)O)c1=O,False
CCc1ccc(O)c(C(=O)Nc2cccc(COCC3CCCCO3)c2)c1,False
CC.CCC(C)C(=O)COCCNC(=O)CCOCCOCCNC(=O)C(C)C,False
O=Cc1ccc(C#CC=Cc2ccc(CN3CCOCC3)cc2)cc1,False
CCOC(C)(C)CNc1c(C)cccc1C#N,True
COC(=O)C1CCN(C(=O)CN(C)CCN)CC1,False
Br.c1cnc2c(c1)CCCC2N(Cc1ccc(C2CCCCN2)cc1)Cc1nc2ccccc2[nH]1,False
NC(=O)CCC(NC(=O)C(CCC(=O)O)NC(=O)C(CC(N)=O)NC(=O)C(N)CC(=O)O)C(=O)O,False
COc1ccc(-c2nnc(NC(=O)C(C)N(c3ccc4c(c3)OCCO4)S(C)(=O)=O)s2)cc1,False
Nc1ccc(COc2ccccc2Br)c(O)c1,True
Fc1cc(CBr)cs1,True
COc1ccc(C(=O)NC(C)CCBr)c(OC)c1,False
CC(C)(C)c1ccc(=O)n(CCN2CCN(CCn3cccn3)CC2)n1,False
CC(C=Cc1cc(C)c2cc(C(C)C)ccc(C)c1-2)=CC=O,False
CN(C)c1ccc(N2C(=O)NC(CC(=O)OC(C)(C)C)C2=O)cc1,False
FC(F)(F)c1cncc(-c2nccc(NCc3ccc(Cl)cc3C(F)(F)F)n2)c1,False
C=CC(C)=CC.O=C(O)C(CCC(=O)N1CCN(c2ccc(C3=NCCN3)cc2)CC1)NSc1ccc2ccccc2c1,False
O=C1C(Sc2nc3ccccc3s2)CCN1c1ccccc1Cl,False
CC(C)Oc1cccc(CC(=O)N(C)C2CC3CCC(C2)N3)c1.Cl,False
CC(C)(C)OC(=O)NC1CCN(C(=O)c2n[nH]c3ccc(-c4cnc5c(c4)cc(-c4ccccc4)n5S(=O)(=O)c4ccccc4)cc23)CC1,False
CC(C)(Br)C(=O)OCC(CC=O)COC(=O)C(C)(C)Br,False
CCCC(C)NC(=O)COC(=O)C(C#N)=Cc1ccc(N(C)C)cc1,False
O=C(CNC(=O)c1ccccc1Br)NCCc1ncc[nH]1,False
CCN(CC)C(=O)Cn1nccc1C(=O)O,False
Cc1cc(C(=O)Nc2nc3c(Br)cccc3s2)c(C)o1,False
Cc1cccc(NC(=O)C(Cc2c[nH]c3ccccc23)NC(=O)OCC(C)C)c1C,False
C#CCCCC(NCC)c1cscn1,False
O=Cc1nc(Cl)c2cccc(Br)n12,False
[B]C(C)(C)c1ccc(SNC=O)cc1,False
Nc1ncc(F)c(F)c1C(F)F,True
CN1NNc2c(C(=O)N=C=O)ncn2C1=O,False
Brc1ccccc1NCc1cnn2ccccc12,False
Cc1cccc(NCC2CC3C=CC2C3)c1C,False
CCCC(O)CC.CO.Cc1c(-c2ncco2)sc2c1c(=O)n(C(C)(C)C=O)c(=O)n2CCc1ccccc1C#N,False
COc1cccc(C2CCCN2C(=O)Cc2c(C)[nH]c3ccccc23)c1,False
[CH-]=CC=CC.[CH2-]C.[CH2-]C.[Ru+4].[c-]1ccc[nH]1,False
Cc1cc(C)n(Cc2cccc(C(=O)NCCC(C)(C)C(=O)O)c2)n1,False
CCC(C)(C)C(CCCC=CC(C)C(C)C)C1CN1,False
O=C1CCN(CCC2=CCCCC2)C1,False
C=C(C)C.C=CC(N)=O,False
Brc1ccc2nccn2c1.C.CC(N)(CO)C(=O)O.Cc1ccc(C=O)cc1C=Cc1cccc(-c2ccc3nccn3c2)c1C.Cc1ccc(C=O)cc1C=Cc1cccc(B2OC(C)(C)C(C)(C)O2)c1C.Cc1ccc(CCC(C)(CO)C(=O)O)cc1C=Cc1cccc(-c2ccc3nccn3c2)c1C,False
CC(C)(O)C(C)(C)O.[B]C(C=C(C)N)=CN,True
CC(C)C1Oc2ccc(C(=O)CCl)cc2N(CC#N)C1=O,False
COc1cccc(C2C(C(=O)Nc3ccccc3)=C(C)N=c3sc(=Cc4ccccc4OC(C)=O)c(=O)n32)c1,False
Cc1ccc(C(N)C(C)N2CCN3CCCCC3C2)cc1,False
C[NH+]([O-])C12CC3CC(CC(C3)C1)C2,True
CC1CN(c2ccncc2[N+](=O)[O-])CC(NC(=O)O)C1(C)O,False
NCCCCCNC(=O)CCOCCOCCOCCOCCSCC=O,False
COc1ccc(CN2CC(c3n[nH]c(C)n3)C3(CCCC3)C2)cc1C,True
CC(OC(=O)C1CC2C=CC1C2=O)C(=O)OC(C)(C)C12CC3CC(CC(C3)C1)C2,False
COCC1(C(=O)O)CN(c2nc(C)nc3c(C)nn(C)c23)CCO1,False
Cc1ccc(C#N)cc1S(=O)(=O)Nc1cccc(S(=O)(=O)N2CCC(CO)CC2)c1,True
Cc1cc(Br)c2c(C(C#N)NC=O)cnn2c1,False
N#CN1CCCCC1C1CC1,False
O=Cc1ccc(N=Nc2ccc(NCCNc3ccc(N=Nc4ccc(C=O)cc4O)cc3)cc2)c(O)c1,False
Cc1cccc(-n2c3[c-]c(Oc4nc5c(O)c(C(C)C)ccc5cc4C(C)C)ccc3c3ccccc32)n1.[Pt],True
N#Cc1ccccc1S(=O)(=O)n1ccc2cnc(Nc3ccc(CN4CCCC(O)C4)cc3)nc21,True
CC=CC(Cl)=CCCOc1ccc(Nc2c(C#N)cnc3cc(OC4CCOC4)c(NC(=O)C=C4CCNCC4)cc23)cc1Cl,False
CN=C(NCCn1cc(C)cn1)N1CC(C)(C)C1(C)C.I,False
CC(O)CCCCCCCCCCC(OCc1ccccc1)C(OCc1ccccc1)C(C=CC=O)OCc1ccccc1,False
O=Cc1ccccc1S(=O)Cc1cc(N2CCOCC2)nc(-c2ccccn2)n1,False
CCN(c1cccc(Cl)c1)c1ncnc2cc(OC)c(OC)cc12.Cl,True
COc1cc(CCNCC=O)c(OC)cc1C,False
COc1ccc(NC(=O)c2ccc(Cl)c(S(=O)(=O)Nc3ccc(C)cc3)c2)cc1,False
CCC(C)C(N)C(=O)NCC(=O)NC(C=O)CO,False
CC=CCCNc1cc2c(cc1N)CC(=O)N2,False
CC(N)CCNC(=O)c1sccc1S(=O)(=O)N1CCc2ccccc2C1,False
CC=CCC1(C(C)CC)C(=O)NC(=O)NC1=O.[Na],False
O=C(CCCc1cccs1)NCC(=O)Nc1ccccc1Br,False
Cc1cc(NC(=O)C(C)C(C)C)ccc1C#CCCO,False
CCCCCC=C(C)CCC=O,False
C=NC(=CSCCC)c1cccc(NCC23CCC(C(C)=NC(=N)C4CC4)(CC2)CC3)c1,False
CNC(C(=O)Nc1ccc(NC(C)=O)c(Cl)c1)c1cnn(C)c1.Cl,False
CNC(c1cc(C)ccc1OC)C1(c2ccccc2)CC1,True
Cc1nn(CC(=O)Nc2ccc(N)cc2Cl)c(C)c1Cl,False
CN=C1NC(=O)C(C)(c2ccc(C(C)(C)C)cc2)N1,False
CCn1nc(Oc2c(Cl)cc(N)cc2Cl)ccc1=O,False
CN1CCC(NC(=O)CCC2CC3CCCC(c4ccc(C56CC7CC(C(=O)NC8CCCN(C)C8)(CC(c8ccccc8)(C7)C5)C6)cc4)(C3)C2)C1,False
CC(CN1CCc2ccccc2C1)c1ccccc1,False
C=CCOC(=O)C1=C(C)N=c2sc(=Cc3ccc([N+](=O)[O-])cc3)c(=O)n2C1c1ccccc1.CC(=O)O,False
CC(CN(C)CC(=O)NN)N(C)Cc1ccc(C(C)(C)C)cc1,False
COCc1ccnc(C2=NC(=Nc3cc(C)c4[nH]c(C(=O)N5CCN(C)CC5)cc4c3)C(C)CC=C2)c1,False
CCOC(=O)CCC=Cc1cccc2c1B(O)OC2.COCP(C(=O)CBr)(c1ccccc1)(c1ccccc1)c1ccccc1.O=Cc1cccc2c1B(O)OC2,False
C=NC(=CSCNc1ccc(C)cn1)c1sc(C)nc1C.O=CN1CCNCC1c1ccccc1,False
CC=CCCC(=O)C1=CCC2CC1C2(C)C,False
O=C(NC1=NCCS1)c1coc(Br)c1,False
CCC=CCC=CCC=CCC=CCC=CCC=CCC=CCC=CCC=CCCCCCCCCCCCCCCCC(=O)OC(COC(=O)CCCCCCCCCCCCCCCCC=CCC=CCC=CCC=CCC)COP(=O)(O)OCC[N+](C)(C)C,False
c1c[nH]c(N2NC(c3ccnnn3)=C(c3cccs3)N2c2nc3sccc3[nH]2)c1,False
C=CC1(NS(=O)C(C)(C)C)CCc2cc(Br)ccc21.CC(C)(C)S(=O)NC1(CO)CCc2cc(Br)ccc21.CN(C)C1(CO)CCc2cc(Br)ccc21.Cc1c(COc2nc(OCc3cncc(C#N)c3)c(C=O)cc2Cl)cccc1-c1cccc(-c2ccc3c(c2)CCC3(CO)N(C)C)c1C.NC1(CO)CCc2cc(Br)ccc21.O=C1CCc2cc(Br)ccc21,False
N#CSC1=CCCCC1=COC1=C(C=O)CCCC1,False
CCOc1ccc(NC(=O)Cc2nnc(SCC(=O)Nc3ccc(C)c([N+](=O)[O-])c3)n2CC)cc1,False
Cc1ccc(C(=O)NCCC2CCCC2)cc1C(=O)Nc1cnc2c(c1)CCN2,False
CC=[N+](C(C)=O)C(=O)NC1C(=O)N2C(C)=C(C)CSC12,False
NS(=O)(=O)OC1CCCCC1OS(N)(=O)=O,True
Cc1cc(C(=O)OBr)cc(C(O)CO)c1,False
COC1C(N)CC(N)C(OC2OC(CN)CCC2N)C1O.COC1C(N=[N+]=[N-])CC(N=[N+]=[N-])C(OC2OC(CN(Cc3ccccc3)C(=O)OCc3ccccc3)CCC2N=[N+]=[N-])C1O.O=CO.[N-]=[N+]=NC1CCC(CN(Cc2ccccc2)C(=O)OCc2ccccc2)OC1OC1C(N=[N+]=[N-])CC(N=[N+]=[N-])C(O)C1O,False
CC(C)CC(NC(=O)C(Cc1ccccc1)NC(=O)C(N)Cc1ccccc1)C(=O)NC(CCCCN)C(=O)N1CCC(C(=O)O)CC1,False
CCCCCCCCCCCCn1c2ccc(-c3ccc(C(C)=O)s3)cc2c2c(-c3ccccc3)c3c(c(-c4ccccc4)c21)c1cc(-c2ccc(C(C)=O)s2)ccc1n3CCCCCCCCCCCC,False
CCOC(C)n1cc(-c2ncc3nc(Br)nn3c2OC2CCC2)cn1,True
CCS(=O)(=O)N1CCc2cc(C(=O)Cn3cnc4ccsc4c3=O)ccc21,False
CCCNC(c1ccsc1)c1cc(C)c(F)cc1F,False
Cc1cc(C=O)c(O)c(OCc2ccccc2)c1C,False
O=Cc1c(-c2ccccc2)cccc1-c1ccc2ccccc2c1,False
CC=C(C(=O)OCC)c1ccc(Br)cc1,False
CC=CCCNC(=O)NCCC(CCC(=O)O)C(C)(C)C,False
Cc1ncc(COC(=O)C(N)CCS)c(C=O)c1O,False
CC(C)[Si](OCCl)(C(C)C)C(C)C,True
CC(=N)CC(N)=Nc1nc(C(C)(O)c2ccc(F)cc2)nc2ccsc12,False
Cc1nc(S(=O)(=O)Nc2ccc(Oc3cc(-n4ccnc4C)ncn3)cc2)cn1C,True
CCC1(C)CN(CCOCCC(C)C)C(C)(C)CN1,True
N#Cc1ccc(NC2CCCCC2N)c2ccccc12,False
CC(C)CN1CCOC(CN2CCNCC2C)C1,True
CC(=O)C#CCN1C(C)COCC1C,False
CC=CCOC(=O)CN1C(=O)NC2(CCC(C)CC2)C1=O,False
O=Cc1ncc2cccc(Br)c2n1,False
O=c1c2ccccc2c(Cc2ccccc2)nn1N=Cc1ccccc1,False
CCC(C(=O)Nc1cn(CC)nc1C(=O)OC)n1cc(Br)cn1,False
Nc1cc2ccc(C3CCOCC3)cc2nc1C(=O)Cc1cnccc1N1CCCC(N)C1,False
CCC(=O)C(C=O)=CN(C)C,False
CCCCCCCCc1ccc2cc(-c3cc(-c4cc5ccc(CCCCCCCC)ccc-5c4)cc(-c4cc5ccc(CCCCCCCC)ccc-5c4)c3)cc-2cc1,False
C=C(C)C1NC(=O)C(CC(C)C)N(C)C(=O)CN(C)C(=O)C(C(C)C)NC(=O)C(C(=O)C(C)CC=CC)N(C)C(=O)C(C(C)C)N(C)C(=O)C(CC(C)C)N(C)C(=O)C(CC(C)C)N(C)C(=O)C(C)NC(=O)C(C)NC(=O)C(CC(C)C)N(C)C1=O,False
CC=CN=CNC(=O)n1ccnc1,False
C=C(CC(=O)O)C(=O)O.CC(=O)C(=O)O.CC(=O)O.CC(N)C(=O)O.CC(O)C(=O)O.CCO.NC(CCC(=O)O)C(=O)O.O=C(O)CC(O)(CC(=O)O)C(=O)O.O=C(O)CCC(=O)O.O=CO,False
Cc1cc2nc3cc(N)ccc3c(C=O)c2c(C)c1S(=O)(=O)O,False
CC(=O)O.O=CO.OCC#CCO,False
Cc1ccc2nc(Cl)oc2c1Br,True
CC1CCN(c2ccc3nnc(CCC(=O)NC(C)CCc4ccco4)n3n2)CC1,False
O=C(O)CC1(c2ccc(-c3ccc(Cl)cc3)cc2)CCCCS1,False
COC1(c2cccc(-c3ccc4cnc(CNC(=O)c5ccc6c(c5)C(C#N)COC6)cc4n3)n2)COC1,False
C=CC.CC.CN1CCN(C(=O)CCNCC23CCCC2C2CCC4C5(C)CC=C(c6ccc(C(=O)O)cc6)C(C)(C)C5CCC4(C)C2(C)CC3)CC1,False
Cc1n[nH]c(C)c1S(=O)(=O)N1CCN(C(=O)C23CC4CC(CC(C4)C2)C3)CC1,False
Cc1ccc(C)c(NC(=O)c2cc(SCCC(=O)OOOOOOOOOOOOOOOOOOOOO)c3ccccc3c2O)c1,False
Nc1ccc(N2CCN(c3ccc(S)cc3)CC2)cc1,False
COC1(CNS(=O)(=O)c2cn[nH]c2N)CCOC1,True
Nc1cc(Cl)ccc1C(=O)OCC(=O)N1CCc2ccccc2C1,False
Nc1ccc(F)c(S(=O)(=O)N2CC(CO)C2)c1,False
C#CCN1CCCC1CNC(=O)c1cc(S(N)(=O)=O)cc2c1OC(C)C2,False
CC(CCC(=O)NC=O)N1C(=O)c2cccc(OCC(=O)O)c2C1=O,False
COOCC(C)(C)COCC(O)COC(C)C,True
CCCCCNc1nc(N)nc(C)c1Cc1ccc(N2CCN(C)CC2=O)cc1OC,False
CC(NC(=O)C(CO)NC(=O)C(N)CCCN=C(N)N)C(=O)NC(Cc1c[nH]c2ccccc12)C(=O)O,False
O=Cc1cc(Cl)c(C(=O)O)c2c1OCCO2,False
CN(CC(=O)O)c1ccccc1.[Na+],False
CCc1nncn1CCNC(=NCC1CCCCO1)N(C)Cc1ccc(F)cc1.I,False
Cc1ccc(NC(=O)CN2CCN(Cc3cccc4ccccc34)CC2)cc1C,False
NC(N)=NCCCC1(Nc2ccccc2)CC2=C(C=C1Nc1ccccc1)C(=O)NC2=O,False
COc1cc(CNC(C)C(=O)O)ccc1OCCOc1ccccc1Cl,False
Cc1noc(-c2c3c(nn2C)C2(C)CC(C=O)C(=O)C(C)C2CC3)n1,False
Cc1ccc(-c2[nH]ncc2CN2CCN(c3ncccn3)CC2)cc1C,False
CC=CC(=CC(C)=O)c1ccc(Nc2ccc(C)cc2)c2nccn12,False
CCC(=CCNCc1ccccc1O)C(=O)OC,False
COc1ccc(C(CNC(=O)CCCCCO)(c2ccccc2)c2ccccc2)cc1,False
O=CC1N=CNc2ccccc21,False
O=CNCC(O)c1cccc(NC(=O)c2ccccc2)c1,False
CNC(=O)CCCNC1(CO)CCC1,False
CN1CCN(CC(CN)C2CCCCC2)CC1,False
CCCCOC(=O)c1ccc(NC(=O)c2ccc(C)c(N3CCCCS3(=O)=O)c2)cc1,False
CC(C)(Cl)Cl.CN(N=C(C=CN)C(C)(C)C)c1ccccc1.O=CO,False
Cc1cc2c(cc1C)CC(C)(N(Cc1ccccc1)CC(O)c1ccc(O)c(NC=O)c1)C2,False
O=Cc1cn[nH]n1.[Si]O[Si]O[Si],False
CC(C)OCCCNC(=O)c1c[nH]c2ccc(S(=O)(=O)Nc3ccc(C(C)C)cc3)cc2c1=O,False
CC(C)CCCCC(C)C1CCC2C3CC=C4CC(OC=O)CCC4(C)C3CCC12C,False
CC1CN(C(=O)OC(C)(C)C)CC(CNC=O)O1,False
Cc1ccc(F)cc1COc1ccc(Br)cc1S(=O)(=O)Cl,False
CCCC(CN(CCCN)CCCN)NCCCN,False
COC(=O)c1ccc2ncc(CS(C)(=O)=O)n2c1,False
O=C(CCNC(=O)c1ccccc1)NCCNS(=O)(=O)c1cccc([N+](=O)[O-])c1,False
CCCOCCOc1ccc(CNCC)c(C)n1,True
CC(=O)NCC(=O)Cl.CC(=O)NCC(=O)N1CC(NC(=O)c2cccc3ccccc23)CN(CC(=O)NC(C=O)CC(=O)O)c2ccccc21.CC(=O)NCC(=O)N1CC(NC(=O)c2cccc3ccccc23)CN(CC(=O)OCc2ccccc2)c2ccccc21.CC(=O)NCC(=O)O,False
O=c1[nH]cnc2c1nnn2C12COC(COP(O)(=S)OC3CC(Oc4ccncn4)CC3COP(=O)(S)O1)C2O,False
CC.CC1CC(=O)NC(=O)C1N1Cc2cccnc2C1=O,False
O=Cc1ccc2cc(Oc3ccccn3)ccc2n1,False
Cc1c(C(=O)OC2CC(C)CC(C)C2)csc1S(=O)(=O)Cl,False
CN(CCNC(=O)OC(C)(C)C)C(=O)CC(C(=O)O)N(C)C(=O)OCC1c2ccccc2-c2ccccc21,False
O=C(NCCn1ncc2c(NCc3ccco3)ncnc21)c1cccc2ccccc12,False
CCOC(=O)c1ccc(-c2ccc3c(=O)c(C#N)coc3c2)cc1,False
CCC1C(C=O)N(C)c2cnc(-n3ccnc3-c3cccnn3)nc2N1C(C)C,False
CCCCCCCCCCCCCCCCn1c(C2CC(=O)N(c3ccccc3Cl)C2)nc2ccccc21,False
CC(C)(CNC(=O)CCCOCCc1ccccc1)c1ccc2c(c1)OCCO2,False
CN(C(=O)CSc1nc(-c2ccccc2)cn1N)C1CCS(=O)(=O)C1,False
CC(C)(C)OC(=O)N1CCCC1c1ccc(-c2cn3c(n2)sc2cc(C=O)ccc23)cc1,False
CC1(C)C(=O)C(C2CNOc3cc(NS(C)(=O)=O)ccc32)=CC=C1Cc1ccc(Cl)c(C(=O)O)c1,False
O=C(Oc1ccc(Br)c2ccccc12)c1ccc(OCCc2ccccc2)c(Br)c1,False
C=CC=C1CCC2C(C(=O)CC3(C)C(C=O)CCC23)C1(C)C=CC,False
CCNC(=NCCCn1nc(C)cc1C)NCCCCN1CCCC1,False
CC(C)N(C(=O)C(Cc1ccccc1)NC(=O)OC(C)(C)C)C(C(=O)Nc1ccc2ccccc2c1)c1ccccc1,False
CC=O.O.O.O.[Na+],False
COc1cc(OC)c(OC)cc1CN(CCN)Cc1ccccc1.Cl,True
Cc1ccc(C)c(C(=O)COc2ccc(C=O)cc2Cl)c1,False
CC.CC=C(CC)c1ccc(OC2CCC(=O)NC2=O)cc1OCc1ccccc1,False
O=C(O)C1CCNCC1.O=CO,False
COC(=O)C(Cc1c[nH]c2ccccc12)NC(=O)C(Cc1ccccc1)NC(=O)C(CCC(N)=O)NC(=O)C1Cc2c([nH]c3ccccc23)CN1C(=O)OC(C)(C)C,False
C=O.C=O.C=O.C=O.C=O.C=O.CC(C)(C)OC(=O)C1CCCCN1C(=O)N(CCC(=O)OCc1ccccc1)Nc1ccccc1.CC(C)(C)OC(=O)C1CCCN2C(=O)CCN(NC(=O)c3ccccc3)C(=O)N12.CC(C)(C)OC(=O)C1CCCNN1C(=O)N(CCC(=O)OCc1ccccc1)Nc1ccccc1.NNC(=O)c1ccccc1.O=C(CCNNc1ccccc1)OCc1ccccc1.O=C(O)C1CCCN2C(=O)CCN(Nc3ccccc3)C(=O)N12.O=C1CC(NC(=O)C2CCCN3C(=O)CCN(Nc4ccccc4)C(=O)N23)C(OCc2ccccc2)O1.O=CC(CC(=O)O)NC(=O)C1CCCN2C(=O)CCN(Nc3ccccc3)C(=O)N12,False
COCCCCCN=C(N)Nc1ccc(OC(C)C)cc1.I,True
CCCc1cc(NC(=O)Nc2ccccc2OC)n[nH]1,False
Cc1ccc(C2(C)CCN(CC3(C(=O)NO)CCNC3)C2=O)cc1,False
Cc1[nH]c(C=C2C(=O)Nc3ccc(S(=O)(=O)NC(C)c4ccccc4)cc32)c(C)c1C(=O)NCCCN(C)CCCNC(=O)c1c(C)[nH]c(C=C2C(=O)Nc3ccc(S(=O)(=O)NC(C)c4ccccc4)cc32)c1C,False
CC(=CNC(=O)NCc1cccc(Cl)c1)C1CCCC1,False
CC1CCc2sc(C(=O)N3CCNC(C)C3)cc2C1,False
CC1OCCC1(O)CNCc1ccc([N+](=O)[O-])cc1Cl,True
CC(C)CC(=O)NC(Cc1ccccc1)C(=O)Nc1ccccc1-c1ccccc1,False
CCCNC(c1c(Br)cnn1C)C(OC)C1CCCCC1,True
O=CN(c1ccc(CC(=O)O)cc1)c1c(O)[nH]c(=O)[nH]c1=O,False
Cc1cccc(C(C)C)c1N1C(=O)c2ccc3c4c(-c5ccc(N(c6ccccc6)c6ccccc6)cc5)cc(C(=O)N(C=O)c5c(C(C)C)cccc5C(C)C)c5c(C)ccc(c6c(C7=CCC=CC=C7)cc(c2c36)C1=O)c54,False
Cc1ccsc1S(=O)(=O)Nc1ccc2nc(NC(=O)C3CCN(C)CC3)sc2c1,False
CCc1cnc(N2CCN(C(=O)c3ccccc3NC3=C4C=CC=CC4N=CN3c3ccccc3)CC2)nc1,False
NC1CC2CCCC(C1)C2NC(=O)c1nn(-c2ccccc2)c2c1CCC2,False
Cc1ccc(C(=O)N2CCCC3CNCC32)s1,False
Oc1c2cc([Si](c3ccccc3)(c3ccccc3)c3ccccc3)cc1N=Cc1cc([Si](c3ccccc3)(c3ccccc3)c3ccccc3)cc(c1O)N=Cc1cc([Si](c3ccccc3)(c3ccccc3)c3ccccc3)cc(c1O)N=Cc1cc([Si](c3ccccc3)(c3ccccc3)c3ccccc3)cc(c1O)N=Cc1cc([Si](c3ccccc3)(c3ccccc3)c3ccccc3)cc(c1O)N=C2,True
CN(C)C=NC1=NC(=O)C2N=CN(C3CC(O)C(CO)O3)C2=N1,False
O=P([O-])([O-])O.O=[N+]([O-])c1ccc(O)cc1.[Na+].[Na+],True
c1ccc(N2c3ccccc3Sc3cc4c(nc32)c2ccccc2n4-c2ccc3c(c2)Oc2cccc4c2B3c2ccccc2O4)cc1,True
c1ccc(-c2ccc(-c3nc(-n4c5ccc6ccccc6c5c5c6c7ccccc7n7c8ccccc8c(cc54)c67)nc4c3ccc3ccccc34)cc2)cc1.c1ccc(-c2ccc(-c3nc(-n4c5ccc6ccccc6c5c5c6c7ccccc7n7c8ccccc8c(cc54)c67)nc4ccc5ccccc5c34)cc2)cc1.c1ccc(-c2nc(-n3c4ccc5ccccc5c4c4c5c6ccccc6n6c7ccccc7c(cc43)c56)nc3c2ccc2ccccc23)cc1.c1ccc(-c2nc(-n3c4ccc5ccccc5c4c4c5c6ccccc6n6c7ccccc7c(cc43)c56)nc3ccc4ccccc4c23)cc1.c1ccc2cc(-c3nc(-n4c5ccc6ccccc6c5c5c6c7ccccc7n7c8ccccc8c(cc54)c67)nc4c3ccc3ccccc34)ccc2c1.c1ccc2cc(-c3nc(-n4c5ccc6ccccc6c5c5c6c7ccccc7n7c8ccccc8c(cc54)c67)nc4ccc5ccccc5c34)ccc2c1,False
C=CC=C(C)B(O)NC(=O)C(C)C=CC,False
Fc1ccc2ncnc(NCCc3ccc(N4CCNCC4)cc3)c2c1,False
Cc1nc(C(C)C)nc(C)c1C(N)=O,False
COc1ccc2oc(=O)cc(COc3ccc(N)cc3)c2c1,False
CCOC(=O)c1c(=O)c2cnc(N3CC4CN(CC)CC4C3)nc2n2c1sc1ccccc12,False
CCN(CC(C)(C)O)c1cc(Cl)c([N+](=O)[O-])cc1C,True
CC(C)(C)OC(=O)N1CCC(C2NC=C(C3=CNC(c4ccccc4)=NC3)N2)CC1,False
C[NH+](C)C.NCCCCCC(=O)Nc1ccc(CCOC2CC(O)CC(CO)O2)cc1.O=CO,False
Cc1ncc(CN(C)C(=O)c2ccc(C(C)(C)C)cc2)c(CO)c1OCc1ccc(C#N)cc1,False
CN(SCCO)c1ccc2c(c1)N1CCC(CC=CCN=C(N)C(C#N)=CC=C2)CC1,True
CC(C)(CNNCc1ccccc1)C(=O)O,False
Cc1cc(C)cc(Oc2ccc(C=NNc3ccccc3)cc2)c1,True
Cc1ccc2c(c1)N(c1cc3c(cc1-c1ccccc1)C(C)(C)CC3(C)C)c1cc(-c3ccccc3)cc3c1B2c1cc2c(cc1N3c1ccc3c(c1)C(C)(C)CCC3(C)C)C(C)(C)CCC2(C)C,False
COCCNC(=O)COC(=O)c1cccc(S(=O)(=O)N2CCCCC2C)c1,False
CC(=O)Nc1ccc(Cl)c(C(=O)N2CCOC(CN(C)CC(=O)O)C2)c1,False
O=C(C=Cc1ccc(-c2cccc(Cl)c2Cl)o1)Nc1ccc(-c2cc3ccccc3oc2=O)cc1,False
O=C1CC(c2ccccc2)N2CCN=C2N1,False
CC(C)COC(=O)c1ccccc1C(=O)NC1CCC(CCN2CCc3ccc(C(=O)C(C)C)cc3CC2)CC1,False
C=C(C=CCC=O)c1ccccc1,False
CC(C)=CCc1ccc2ccccc2c1N,False
O=C(O)CCC(Cc1ccccc1)NCc1cccc(OC2CCCC2)c1,False
OCCc1ccnc(NCc2cccc3c2OCO3)c1,True
CCCCCCNC(=O)c1cccc(CCCCC)c1,False
Cc1cc(C)cc(C(C(F)CCF)C(c2cc(C)cc(C)c2)C(F)C(F)C(F)F)c1,False
CC(C)Cn1ncnc1CC(N)CSc1ccccc1Br,False
COc1ccc(N)c(NC2CCOC2C)n1,True
O=C(CCC(c1ccccc1)n1ccc(=O)oc1=O)[Se]c1ccccc1,False
CCCCCC=CCC=CCCCCCCCC(=O)OCC(COC(=O)CCCC(=O)OC(CCCCCCCC)CCCCCCCC)COC(=O)NCCCC1CCCCCCCC1,False
COc1cccc(NCCCc2ccc3occ(SC)c3c2)c1O,True
COc1cc2c(cc1C)C(OC(=O)C(C)(C)C)CC(C)C2=O,False
Nc1nc(N)nc(N)n1.O=CC=Cc1ccccc1,False
CNCC(O)c1cnc(C=O)[nH]1,False
CNCC1(C)CC(NC(=O)C(C)(C)OCCCCC(C)(C)OC=O)CC(C)(C)C1,False
CCC(C)NC(=S)N(Cc1ccccc1)Cc1ccccc1,False
O=C(Nc1ccc2c(c1)oc1ccccc12)Oc1ccc([N+](=O)[O-])cc1,False
CCOc1cc(C)c(-n2c(C)c3c(C)nnc(C)c3c2C)c(C)c1.CCOc1cc(C)c(-n2c(C)c3c(C)nnc(C)c3c2C)c(C)c1.CCOc1ccc(-n2c(C)c3c(C)nnc(C)c3c2C)c(C=O)c1.CCOc1ccc(-n2c(C)c3c(C)nnc(C)c3c2C)c(CO)c1.CCOc1ccc(-n2c(C)c3c(C)nnc(C)c3c2C)c([N+](=O)[O-])c1.CCOc1ccc(-n2c(C)c3c(C)nnc(C)c3c2C)cc1C=O.CCOc1ccc(-n2c(C)c3c(C)nnc(C)c3c2C)cc1CO.CCOc1ccc(-n2c(C)c3c(C)nnc(NC)c3c2C)cc1.Cl,False
CCCCCOc1ccc(-c2ccc(-c3ccc(C(=O)NC4CC(O)C(O)NC(=O)C5C(O)C(C)CN5C(=O)C(C(C)O)NC(=O)C(C(O)C(O)c5ccc(O)c(NC(=O)C(N)CCCCNC(=O)C(Cc6ccccc6)NC(=O)C(CC(C)C)NC(=O)C(CCSC)NC=O)c5)NC(=O)C5CC(O)CN5C(O)C(C(C)O)NC4=O)cc3)cc2)cc1,False
CCCC(CCC)(OC=O)C1CCC(C)CC1C,False
Cc1c2c(cc3c1C(=O)CC(C)(C)O3)Oc1c(C=O)c(O)c(Cl)c(C)c1C(=O)O2,False
Cc1cc(F)cc(C(NN)C2(N3CCCC3)CCCC2)c1,False
C(#Cc1cc(B(C(c2ccccc2)(c2ccccc2)c2ccccc2)C(c2ccccc2)(c2ccccc2)c2ccccc2)c(C#Cc2ccc(N(c3ccccc3)c3ccccc3)cc2)cc1B(C(c1ccccc1)(c1ccccc1)c1ccccc1)C(c1ccccc1)(c1ccccc1)c1ccccc1)c1ccc(N(c2ccccc2)c2ccccc2)cc1,False
Cl.FC(F)(F)c1cccc(Nc2nc(Nc3ccccc3)nc(N3CCCC3)n2)c1,False
CC(C=CC=C(C=CC1=CCCCC1)C(C)(C)C)=CC=O,False
Cc1ccccc1Nc1nc(N)nc(COC(=O)c2ccccn2)n1,False
Cc1nc(F)cc(C=N)c1N,False
CCC(C)c1cncn1Cc1ccc(N)cc1,False
CN(c1cnc(-c2cc(F)c(-c3cn[nH]c3)cc2O)cn1)C1CC2CC(F)(F)C(C1)N2,False
COC(=O)CN1CCN(C(=O)Cn2ccc(N)n2)CC1,False
O=C(CC1=NCCc2ccccc21)NCCC(c1ccccc1)c1ccccc1,False
CCOC(=O)C1=C(c2ccccc2)N=c2sc(=Cc3ccc(OC)c(O)c3)c(=O)n2C1c1ccc(C(C)C)cc1,False
N#CCC1=NN=C(c2cc3ccccc3oc2=O)C(CC(=O)c2ccccc2)O1,False
CCCC(N)=Nc1c(Cl)cccc1C(F)(F)F,False
CC=CCCCCC[N+](CO)(CCC(=O)[O-])CCC(=O)O.[Na+],False
O=C(C=Cc1cccc([N+](=O)[O-])c1)Nc1nnc(C2COc3ccccc3O2)o1,False
COc1cc(CNC(=O)C(=O)CCCC#CC(C)C)ccc1O,False
COC(=O)c1ccc(S(=O)(=O)NCC2CCN(C(=O)O)CC2)cc1Cl,False
c1ccc(-c2cc(-c3cccc4oc5c(-c6nc(-c7ccccc7)nc(-c7ccccc7)n6)cccc5c34)c3c(c2)oc2ccccc23)cc1,True
O=C(CC1COCCN1)Nc1cccc(OCc2cccnc2)c1,False
COC(=O)C1=C(Nc2cccc(C(=O)N3CCOCC3)c2)C(=O)N(CCO)C1,False
CC(C)Cc1ccc(C(C)NS(=O)(=O)c2cnc[nH]2)cc1,True
COc1cc2cc(c1Cl)N(C)C(=O)CC(OC(=O)CN(C)C=O)C1OC1C(C)C1CC(NC(=O)O1)C(OC)C=CC=C(C)C2,False
O=C(O)c1ccccc1Cc1nc2c(-c3ccccc3)csc2c(=O)[nH]1,False
Cc1nc(-c2cccc(Cc3ccccc3)n2)cs1,False
OC(Cc1ccc(Cl)cc1Cl)C(C(F)(F)F)C(F)(F)F,False
Cc1ccc2c(c1)CCN(C(=O)NCc1ccc(S(N)(=O)=O)cc1)C2,False
Fc1cc2cc(-c3ccc(C4OCCCO4)c(F)c3F)ccc2c(F)c1F,False
O=C(Nc1onc2c1CCCC2)C1CCN(C(=O)NC2CC2)CC1,False
C=CC=C(C=CCC)CC(F)(F)F,True
CC1=c2ccncc2=CC(C)(C)C=C1,False
CN1CC2(CC2)C1.Cc1ccc(CNC(=O)c2cc3ccc(N)nc3n(CC=O)c2=O)cc1,False
CCNC(=O)C1CCN(C(=O)c2ccc(-c3ccc(Cl)cc3)s2)CC1,False
C=C(CS)CSc1nc(=O)c(=O)[nH]n1C,False
COC(=O)C1=CC(OC(=O)c2ccccc2)C2OC(C)(C)OC(COc3ccc4ccccc4c3)C2O1,False
COc1ccc(Cl)cc1C(=O)NC(C)CN,False
CCCNC(CCOCCC1CCC1)C(=O)OCC,False
CC1(C)Cc2cccc(NNC(=O)O)c2O1,False
Cc1cc(C=O)nc(CSc2cccc(Cl)c2)n1,False
COc1ccc(-c2csc(CCNC(C)(C)C)n2)cc1C,True
CNC=C(CCc1ccc2sc(C(=O)OC)cc2c1)NC(=O)NCCOc1cc(N=CC2Cc3ccccc3N2C=O)c(C)cc1OC,False
COc1c(C)c(Cl)cc(C2CC(C(=O)O)CN2)c1O,False
N#Cc1cc2oc(-c3cn[nH]c3)nc2c2ccccc12,True
CS(C)(C)CCOCn1c(-c2ccc(C=O)cn2)cc2c(Cl)ccnc21,False
CC(C)(C)N1CCCC2(CCCCC2)C1,False
CC=CC(=O)N(C=O)CCCC(CCCN1C(=O)C=CC1=O)(COCCC(=O)O)CN1C(=O)C=CC1=O,False
CCC=CCC=CCC=CCC=CCC=CCCCCCCCCCCCC(=O)OC(C=CCCCCCCCCCCC)C(COP(=O)(O)OCC[N+](C)(C)C)NC(=O)CCCCCCCCCCCCCCCCCCCCCCC,False
Cc1nc2c(=O)n(C)ncc2cc1-c1cc2cc(NC=O)ncc2c(N)n1,False
COc1ccc(C=CCC=O)c(C(=O)NN)c1,False
CCC12CC(C)(O)C(O)(c3nccs3)CC1CCc1cc(C(=O)O)ccc12.O=C(NNc1ccccn1)c1ccc2c(c1)CCC1CCCCC21,False
COc1ccc(Cl)cc1NC(=S)Nc1cnn(Cc2ccc(Br)cc2)c1,True
F[P-](F)(F)(F)(F)F.Oc1ccc([SH+]c2ccc(O)cc2)cc1,True
O=C1NC(=O)C(C#Cc2ccc(-n3ccnc3)cc2)N1,False
CCOCCCn1cnc2cc(C(=O)O)ccc21,False
CN(C)C(=O)NCCCC(C)(C)CN(CC(O)C(Cc1ccccc1)N(C(=O)[O-])C1COC2OCCC21)S(=O)(=O)c1cccc2c1OCCO2,False
CCCNC(CCC)C(CC)(CC)N1CCCC1,False
COC(=O)CC1CC(C=P(c2ccccc2)(c2ccccc2)c2ccccc2)OC(C)(C)O1,False
CC(NC(=O)C(COC(C)(C)C)NSc1ccccc1)C(=O)O,False
CN(C)CCNC(=O)c1ccc2c(c1)CNCCCCCCCN2C(=O)COc1ccccc1,False
O=C(CCc1ccccc1O)Nc1cccc(OCCn2cccn2)c1,False
COCCNCCNC(=O)C1CCN(S(=O)(=O)c2ccc(OC)cc2)CC1.Cl,False
CC(CC=CC(O)C1CCC1CN1CCCCc2cc(Cl)ccc2COc2ccc(C(=O)O)cc21)CS(N)(=O)=O,False
O=C(NCCC1=CCNCC1)c1cnccn1,False
CC=CCC(NC(=O)c1cc(C)ccc1I)C(=O)O,False
CC(=O)NCC1CCN(C(=O)c2ccccc2)CC1,False
CNC(Cc1cccc(OC)c1F)C1CCCCCCC1,False
Cn1c(=O)c2c(CC(=O)NC3=NC(c4ccc(Cl)c(Cl)c4)CS3)nsc2n(C)c1=O,False
Cc1cncc(-c2ccc3c(c2)CS(=O)(=O)N3C)c1N1CCC(C)(CCNC=O)CC1,False
CCCN1CCc2ccc(S(=O)(=O)Cl)cc2CC1,True
CC(CO)N(Cc1ccccc1)Cc1cccnc1,True
C1=NC(c2cccs2)CC1,False
C=CCn1c(=O)n(CC(C)(C)C)c2ccc(-c3cc(CN4CCS(O)(O)CC4)ccc3C#N)nc21,False
Cc1ccc([N+](=O)[O-])cc1C(=O)NCCCCO,False
CCCCCCCCCC(=O)OCCCC.[Hg],False
Cc1ccc(SSCCN)cc1,False
CCNC(=NCc1ccc(OC)c(O)c1)NCC1(C(=O)N(C)C)CCCC1,False
COc1ccc(Sc2ccc(Cl)c(Cl)c2NC=O)c([N+](=O)[O-])c1,False
CNC(=O)CCN1CCC2(CCCN2CC2CCC(n3ccc4c(NC)ncnc43)O2)CC1,False
Cc1cc(C)cc(NC2CCN(C(=O)OC(C)(C)C)CC2)c1,False
CC.CC.CC(C)(Nc1ccnc(-c2c[nH]c3ncccc23)n1)C(=O)O,False
Cc1cccc(C=Cc2ccc(CC=O)cc2)c1.Cc1cccc(C=Cc2ccc(CO)cc2)c1,False
C=CCCCCNC(C(=O)CC1CC(OCc2cccc(-c3cccc(Br)c3)c2)CN1C(=O)OC)C(C)(C)C,False
Cc1cn(-c2ccc(-c3cccc(CC4CC4)c3)cc2-c2nc(C)oc2-c2ccc3c(c2)OC(F)(F)O3)c(C)n1,False
CCCCCCCC=CC1C(=O)OC1=C=CCCCCCCCC,False
CC=C(C(=O)SC1C(C(CO[SiH](C)C)C(C)(C)C)C(=O)N1C(C(=O)OCc1ccc(OC)cc1)=P(c1ccccc1)(c1ccccc1)c1ccccc1)c1ccon1,False
CC=C(C=CC(=O)NC1CCC(O)CC1)CC,False
C=CC=C(Sc1ccc(C=O)cc1[N+](=O)[O-])C(=NC)C(=O)O,False
CC=C1CC2C3CC=C4CC(OC(C)=O)CCC4(C)C3CCC2(C)C1(O)C(C)=O,False
Cc1ccc(NS(=O)(=O)c2ccc(Cl)cc2)cc1Nc1nccc(-c2cccnc2)n1,True
CC(=O)OC1CC(C)CCC1C(C)C.CC1CCC(C(C)C)C(OC(=O)C2CCC(=O)N2)C1,False
NC(=O)c1[nH]ncc1NC(=O)N1CCOCC1.OC1CCCCC1,False
CC(COCc1ccc(Cl)cc1Cl)(OC=O)C1CC2CCCCC2O1,False
CC(C)(C)c1ccc2c(c1)N(S(=O)(=O)c1ccccc1)CC(C(=O)NCCOCc1ccccc1)O2,False
CC1OCCC1C(=O)c1ccc2c(c1)n(C)c(=O)n2C,False
Cc1ncsc1-c1ccc(CCC(=O)C2CC(O)CN2C(=O)C(C(C)O)C2Cc3ccccc3C2=O)cc1,False
CCOC(=O)c1cc(CC)sc1NC(=O)C(C)(C)C,False
CC(=O)NC1C(OCCCCC(=O)NC2CCC(CO)(COP(=O)(O)OCC3(COP(=O)(O)OCC4(COP(=O)(O)O)CCC(NC(=O)CCCCOC5OC(CO)C(O)C(O)C5NC(C)=O)CC4)CCC(NC(=O)CCCCOC4OC(CO)C(O)C(O)C4NC(C)=O)CC3)CC2)OC(CO)C(O)C1O,False
CCN(CC(=O)NCCOc1ccccc1)C1CNC1,False
[CH-]=C1CC(=O)C(C)=C1C.[Y],False
CNC(C)C(=O)NC(C=O)Cc1c[nH]c2ccccc12,False
Cc1cc(OCC2CN(c3ccccc3)CO2)cc(C)c1C,True
COc1ccc(C=c2sc3n(c2=O)C(c2cc(Br)ccc2OC)C(C(=O)OC(C)C)=C(C)N=3)cc1O,False
CCC1=CC(Cl)[I-]C=C1C(=O)O,False
CSc1ncc(C=CCCNC(=O)OC(C)(C)C)c(C(=O)O)n1,False
CCCCc1cn(CC(=O)NCCOCCOCCOCCOCCC(=O)N(CCC(=O)NCCCCC2NC(=O)N(Cc3ccccc3)NC(=O)C(CC(=O)O)NC(=O)CNC(=O)C(CCCNC(=N)N)NC2=O)CCC(=O)NCCCCC2NC(=O)N(Cc3ccccc3)NC(=O)C(CC(=O)O)NC(=O)CNC(=O)C(CCCNC(=N)N)NC2=O)nn1,False
CCN(CC)CC(C)NC(=O)c1c(Cl)cnn1CC,False
CCc1cn2c3c(cc(C(=O)NC(Cc4ccccc4)C(O)C[NH2+]C)cc13)N(C)S(=O)(=O)CC2.O=C[O-],False
Cn1cc(SCC(=O)N2CCCCC2)c2ccccc21,False
Cc1cc(C)c(NC(=O)CN(Cc2ccco2)S(=O)(=O)C=Cc2ccccc2)c(C)c1,False
CC(CCN(C)C)Nc1ccc(F)cc1S(=O)(=O)C(F)(F)F,False
CCCNc1ccc(S(=O)(=O)N(CCO)C2CCC2)cn1,True
CCCC(=O)Nc1nnc(SCc2ccc(Br)cc2)s1,False
Cc1ccc(N2CCC(C)CC2C)c(C=O)c1,False
Cl.O=CNC1CCNC1,False
CCc1nn(CC)c(CC(=O)C(C)C2CNC2)c1Cl,False
COC(=O)C(NC(=O)OCc1ccc([N+](=O)[O-])cc1)C(C)OCC1CCOCC1,False
CCNC(=NCc1nc(-c2ccccc2)cs1)NCCc1ccc(OC)cc1,True
CCCCCCCCC=CCCCCCCC(C(=O)OCCO)C1OCC(O)C1O,False
CN(C)C(C=O)c1cccc2ccccc12,False
CCCCCN(CCNC(=O)CC)C(C)=O,False
CC(C)CNCCOc1ncn(C)n1,True
Cc1nc2cccc(CCCC(=O)O)c2n1C,False
CC=Cc1ccc2n(c1=O)CC1C2NC(C(=O)NCc2cccc(OC)c2)C1CO.CC=Cc1ccc2n(c1=O)CC1C2NC(C(=O)NCc2cccc(OC)c2)C1CO,False
COC(=O)C1C(=O)c2c(ccnc2OC)NC(=O)C1C,False
C=CC(C)(O)CCC=C(C)C(=O)OC1CC2(C(=O)O)CCC3(C)C(=CCC4C5(C)CCC(OC6OC(COC7OCC(O)C(O)C7O)C(O)C(OC7OCC(O)C(O)C7O)C6OC6OC(CO)C(O)C(O)C6O)C(C)(C)C5CCC43C)C2CC1(C)C,False
CCc1occc1-c1nnc(CCNCC(C)C)s1,True
CC=COOOOOOOCCCCCCCCCC.O=P(O)(O)O,True
CC(=O)OC1C(=O)C2(C)C(O)CC3OCC3(OC(C)=O)C2C(OC(=O)c2ccccc2)C2(O)CC(OC(=O)C(O)C(NC(=O)c3ccccc3)c3ccccc3)C(C)=C1C2(C)C.CCC1(O)CC2CN(CCc3c([nH]c4ccccc34)C(C(=O)OC)(c3cc4c(cc3OC)N(C=O)C3C(O)(C(=O)OC)C(OC(C)=O)C5(CC)C=CCN6CCC43C65)C2)C1,False
N#CC(C#N)=Cc1ccc(CBr)c(C(F)(F)F)c1,True
CCOC(=O)OCc1c(CO)cnc(C)c1OC(=O)OCC,False
Cc1cnc(CNCCC(=O)OC(C)(C)C)o1,False
CC=C(C)N1CCN(C(=O)CCC(C)C)CC1c1ccc(Cl)cc1,False
C#Cc1ccccc1C#Cc1ccccc1C#Cc1ccccc1N,False
CCc1ccccc1.Cc1ccc2c(c1)-n1nnc(C=Cc3ccccc3)c1Cc1c(C#N)ncn1-2.Cc1ccc2c(c1)-n1nnc(C=O)c1Cc1c(C#N)ncn1-2.[Na+],False
Cc1cc(C=NNc2ccc(C(F)(F)F)cc2[N+](=O)[O-])c(C)n1CC1CCCO1,False
CN1C=CN(c2[c-]c3c(cc2)c2ccccc2n3-c2[c-]c3c(cc2)c2ccc4c(c5ccccc5n4-c4ccccc4)c2n3-c2ccccn2)[CH-]1.CN1[CH-]N(c2[c-]c3c(cc2)c2ccccc2n3-c2[c-]c3c(cc2)c2ccc4c(c5ccccc5n4-c4ccccc4)c2n3-c2ccccn2)c2ccccc21.Cn1ccnc1-c1[c-]c(C(F)c2[c-]c3c(cc2)c2ccc4c(c5ccccc5n4-c4ccccc4)c2n3-c2ccccn2)ccc1.[Pd+2].[Pd+2].[Pd].[Pd].[c-]1c2c(cc3c4ccccc4n(-c4[c-]c5c(cc4)c4ccc6c(c7ccccc7n6-c6ccccc6)c4n5-c4ccccn4)c13)c1ccccc1c1cccnc21,False
CCCS(=O)(=O)ON=C1CCCc2ccccc21,True
CN=C(NCCC1=CCCCC1)N1CCN(C(=O)C2CCCO2)CC1,False
Cc1ncc(C[n+]2csc(CCOP(=O)([O-])O)c2C)c(N)n1.Cl.NC(C=O)C(O)C(O)C(O)CO.NC(C=O)C(O)C(O)C(O)CO,False
CCOC(=O)NC(C)C(=O)N1CCCC1C(=O)OC,False
Cc1cc(CN)cc(N2CCC(O)C(C)C2)n1,True
Cc1ccc(CNC2CCN(C(=O)OC(C)(C)C)C2)cc1,False
C=O.CC1CCCC(C)(C)C1C=CC=O.CC1CCCC(C)(C)C1C=CCO.CC1CCCC(C)(C)C1C=O.CC1CCCC(C)(C)C1CCC=O.CC=CC1C(C)CCCC1(C)C.COC(C)(C)CCCC(C)C=CO.COC(C)(C)CCCC(C)CC=O.[Ac],False
C.C.C.C.C.C=C=C=C=C=C=C=C=C=C=C=C=C=C=C=C=C=C=C=C=C=C=C=C=C=C=C=C=C=C=C=C=C.CC#N.CC(C)(C)OC(=O)N1CCCn2c(Br)nc(C(=O)O)c2C1.CCOC(=O)c1nc(Br)n2c1CN(C(=O)OC(C)(C)C)CCC2.CCOC(=O)c1nc[nH]c1C=O.CCOC(=O)c1nc[nH]c1CN(CCCO)Cc1ccccc1.CCOC(=O)c1ncn2c1CN(C(=O)OC(C)(C)C)CCC2.CCOC(=O)c1ncn2c1CN(Cc1ccccc1)CCC2.CNC(=O)C(NC(=O)c1nc(Br)n2c1CN(C(=O)OC(C)(C)C)CCC2)C(C)(C)C.CO.[B]=NS.[B][B]B(B([B])[B])B(B([B])[B])B(B(B([B])[B])B([B])[B])B(B(B([B])[B])B([B])[B])B(B([B])[B])B([B])[B].[Li+].[OH-],False
CC1=CCN(O)C(C2CC3CCC2C3)=C1,True
Cc1nc(N2CCCCC2)oc1CC=O,False
NC(=O)CCC(N)C(=O)NC(CCC(N)=O)C(=O)NC(C=O)CC(N)=O,False
CC(C)NCc1cncc(N(CC2CC2)C2CC2)n1,False
CCOc1cc(C)ccc1NC(=O)c1ccc(CC)o1,False
CCC(C)c1ccc(C(=O)CSc2nnc(-c3cccc(Cl)c3)o2)cc1,False
COc1cc2ncnc(-c3cn(C)nc3-c3ccc(F)cc3F)c2cc1Br,False
Cc1cc(C(=O)O)ccc1C=CC(=NO)c1ccc2c(c1)C(C)(C)CCS2,False
COC(=O)c1cc(-c2csc(NC(=O)c3cc(Cl)c(Cl)n3C)n2)c[nH]1,False
O=Cc1ccc(Oc2cccc([N+](=O)[O-])c2)cc1,False
OC1CCNCC12CCN(C(c1ccc(F)cc1)c1ccc(F)cc1)C2.OC1CCNCC12CCN(C(c1ccc(F)cc1)c1ccc(F)cc1)C2.OC1CCNCC12CCN(C(c1ccc(F)cc1)c1ccc(F)cc1)C2.OC1CCNCC12CCN(C(c1ccc(F)cc1)c1ccc(F)cc1)C2,False
CN(C)P=P.Cl,False
CC(=NCC[NH+](C)C)C(C#N)C(N)=O,False
CCNC(=NCc1cc(OC)c(OC)c(OC)c1)NCCCN(CC)S(C)(=O)=O.I,True
CC(C)=C1CCCN(C(C)C)C1=O,False
Fc1ccc(F)c(Nc2nc3ccccc3n3cncc23)c1,False
Cc1cccc(S(=O)(=O)C=CC(F)(F)F)c1,False
C=C(C)CN1C(=O)C(C)Oc2cc(NC(=O)CCC3CCCCC3)ccc21,False
C=C(NC(c1ccsc1)C1CCC1)c1ccc(N)c(C(=N)c2ccc(OC(CC)CC3CCN3C=O)cc2)c1,False
COCCCCn1c(=S)[nH]c2c(C)ccnc21,True
CCCP(=O)(OCC)C(CC)(CC)O[P+](=O)O,True
C=CC1(C)CCC(C23CCC(C)(CC(C=O)O2)O3)O1,False
CCCCNC(=O)C(C)Oc1ccc(C(C)NC)cc1C,False
c1ccc(-c2cc(-c3ccccc3-c3ccc4sc5ccccc5c4c3)nc(-c3ccccc3-c3ccc4sc5ccccc5c4c3)n2)cc1,False
CC(C)N1C(=O)C(c2ccccc2)C(=O)C2CCC=CC21,False
Cc1cc(Br)cnc1NC(C)c1cccs1,False
C1CCNCC1.CC(C)CC(N)c1ccccc1,False
C=CC(=O)CO[Si](CCCCCCCCCCC)(OC)OC,False
CC1(C)c2ccccc2-c2ccc(-c3ccc4sc5ccc(N(c6ccccc6)c6ccc(-c7cccc(-c8ccccc8)c7)cc6)cc5c4c3)cc21,False
CCCNc1ccc(C(=O)O)c(-c2ccccc2)c1,False
CC1(N(c2ccc3ccccc3c2)c2cccc3c2C2C=CCCC2O3)C=CC2C3CCC=CC3C3(C2C1)C1CCC=CC1C1CC=CCC13,True
CC(C)CCCCCCCCCCCCCCCOC(=O)c1ccccc1C(=O)OCCCCCCCCCCCCCCCC(C)C,False
O=C(Cc1cccc(-c2ccccc2)c1)Oc1ccc(O)cc1C(=O)O,False
Cc1cc(C)c2ncn(CC(CCC=O)C(=O)ON3CCCCC3)c2n1,False
C.C.C.C.C.C.C.C.C.C.C.C1CCOC1.C1CCOC1.C=CCC(O)CCC.C=C[CH2-].CCCC(O)CO.CCCC=O.CN.CN.CN.[Br-].[Mg+2],False
CN(C)C1CCCN(c2cccc3nc(CN(CC4CC4)C4CCCc5cccnc54)c(CO)n23)C1,True
CC(C)(C)NC(=O)CCNC(=O)CC1CCNCC1.Cl,False
CCOC(=O)C(C=O)C1CCC1,False
O=C1N=c2ccc3c(c2=N1)C=CN1CC=CC=C31,False
CCC=CCC=CCC=CCC=CCC=CCC=CCCCCCCCCC(=O)OCC(COP(=O)(O)OCC(O)COP(=O)(O)OCC(O)COC(=O)CCCCCCCCCCCCCCCC=CCC=CCC=CCC=CCC=CCC)OC(=O)CCCCCCCCCCCCC,False
Cc1nc(NC(C)c2ccc(-c3ccccc3CN(C)C)s2)c2cc(C3(C)CC3)c(=O)n(C)c2n1,False
NC=O.c1ccc(C2CCN(C3CCN(Cc4cccc5ccccc45)C3)CC2)cc1,False
O=Cc1ccc(OCC(=O)c2ccc3c(c2)CCCC3)cc1,False
NC(=NOC(=O)C12CC3CC(CC(C3)C1)C2)c1ccc(Cl)cc1,False
COc1cccc(-c2nn(-c3ccccc3)c(Br)c2C=O)c1,False
CC=CC=c1c(S(=O)Nc2cc(C)c(Oc3ccc(O)c(C(C)C)c3)c(C)c2)ccc(NC(C)=O)c1=CC,False
O=C1CCCCC(C(=O)Nc2ccc(-c3cnco3)cc2)N1,False
CC(C)(C)OC(O)N1CCC(N)C1,True
CCn1ccnc1N1CCC(C2CCCN2)CC1,False
CC(O)c1ccc(NC(=O)NN2CCN(C)CC2)cc1,False
CC(C)CNCC1CCCCN1C1CCC(C)CC1,False
C=C(C)C=CC=C(C)C=CC1=C(C(=O)O)CC(O)CC1(C)C,False
CSCC(=O)CCCCCCCC(=O)CC1CC2(CO2)CC(C=CC(C)=CCC2OC(C)C(NC(=O)C=CC(C)OC(C)=O)CC2C)O1,False
Cc1ccc(N2CCN(c3ccc(F)c(S(N)(=O)=O)c3)CC2C(C)C)nc1,False
C=CCOC12Oc3ccc(OCCN4CC4)cc3C3C(CCCCO)C(CCCCO)C=C(C(=NOCc4ccc([N+](=O)[O-])cc4)CC1N(C)S(=O)(=O)c1cccc4cccnc14)C32,True
COc1cncnc1C=O,False
COc1ccc(CCNCc2ccc(OC)c(F)c2)cc1,False
CCC(C)CC(N)c1cnsn1,False
O=Cc1cnccc1Nc1ccccc1,False
[B]C(=O)N1CCN(c2ccc(NC=O)nc2)CC1,False
C=CCNC(=O)CCN1C(=O)C(C)SC1=S,False
Cc1ccc2sc3c(Br)c2c1-c1cccc-3c1-c1nnnn1C1CCCC1C(=O)NC(C(=O)O)C(C)C,False
C=CC(C#N)=CC(C(=CC)c1csc(-c2ccc[nH]c2=O)n1)=C(C)CCC.CCC,False
CC(C)(C)C(=O)C(Oc1ccc(-c2ccc(Cl)cc2)cc1)n1ccnc1.O=[N+]([O-])O,False
[N-]=[N+]=Nc1ccc(I)cc1C(=O)NCCCCC1CC(=O)NCCc2cc(Br)c(O)c(c2)Oc2cc(Br)c(cc2Br)CCC(=O)N1,False
CC(C)c1cccc(C(C)C)c1-n1c(-c2cccc(-c3cccc4c3nc(-c3ccccc3O)n4-c3c(C(C)C)cccc3C(C)C)c2)nc2ccccc21,True
CCCCS(=O)(=O)N1CCC(C(=O)NC(C#N)c2cccc(Cl)c2Cl)CC1,False
CC=CC(=O)O[Si](CC)(CC)CC,False
O=C(O)CC1(CC(=O)Nc2cc(Cl)ccc2O)CCCC1,False
O=C1NC(=O)C(=Cc2cn(CCCOc3ccccc3)c3ccccc23)S1,False
N#CCC=Cc1cnc(F)c(N)c1,False
Cc1ccc(-n2nc(C)cc2NC(=O)Cn2cnc3ccc([N+](=O)[O-])cc3c2=O)cc1,False
CC1Cc2c(CC=O)cccc2NC1=O,False
CN1CCN=C1c1ccc(NC(=O)C(CC=O)(NC(=O)Nc2ccc(Cl)cc2)OCc2ccccc2)cc1,False
CCc1nc(N)c(C)c(NCCCCOC(C)C)n1,True
CNC=O.O=C1CCCC2CCCN12,False
Cc1cc2c(cc1C=O)N(C)C1=NC(O)NC(O)C1=N2,False
Cl.NCC(=O)NCC(=O)NCCCOc1ccc(Cl)cc1Cl,False
CC(Sc1nc2cc(Cl)ccc2c(=O)n1C(C)C)C(=O)c1c(N)n(C)c(=O)n(C)c1=O,False
COC(=O)c1ccc(CN2C(=O)NC(=Cc3cc(Cl)ccc3OC(=O)C=Cc3ccc(OC)cc3)C2=O)o1,False
CC.CC.CCc1c(C)[nH]c2ccccc12,False
CC(C)Oc1ccc(CNCCNc2cccc(Cl)c2)cc1,True
CCCC(=N)CC(C)OC=O.Cc1cccc2ccccc12,False
COC(CO[Si](c1ccccc1)(c1ccccc1)C(C)(C)C)C(O[Si](C)(C)C(C)(C)C)C(C)C=O,False
CN(C)c1ccc(Nc2nc3ccccc3s2)cc1,False
CSCCCC(=O)N1CCC(CC(=O)O)CC1,False
CCC(C)C(NCC1CCC(SC(c2ccccc2)(c2ccccc2)c2ccccc2)C1)C(=O)N(Cc1ccccc1)Cc1ccccc1,False
CCC(C)(C(=O)Cc1ccn(C)n1)N1CCCCC1,False
CO.COC1C(n2cc(C)c(=O)n(COCc3ccccc3)c2=O)OC2(COCc3ccccc3)COCCC12OCc1ccccc1.Cc1cn(C2OC3(COCc4ccccc4)COCCC3(OCc3ccccc3)C2=O)c(=O)[nH]c1=O.Cc1cn(C2OC3(COCc4ccccc4)COCCC3(OCc3ccccc3)C2O)c(=O)[nH]c1=O.Cc1cn(C2OC3(COCc4ccccc4)COCCC3(OCc3ccccc3)C2O)c(=O)[nH]c1=O.Cc1cn(C2OC3(COCc4ccccc4)COCCC3(OCc3ccccc3)C2O)c(=O)[nH]c1=O.N.O.O=CO.[Pd],False
COc1ccc(C(CNc2ccc(C=O)cc2[N+](=O)[O-])[NH+](C)C)cc1,False
Cc1ccccc1C(CCN1CCN(C)CC1)(NC(N)=O)c1ccc(C(=O)Nc2ccccc2NC(=O)OC(C)(C)C)nc1,False
CC(N=C=O)(C(=O)O)c1ccccc1,False
CCCCCCCCCCCC(OC(=O)C1CCCCC1C(=O)O)C(C)CC,False
Nc1ncccc1C(O)c1ccncc1,True
CCCC(O)CNCC=C(C)C(=O)OC,False
CCCCN1CCC(CCC(=O)c2c3n(c4ccccc24)CCCO3)CC1,False
CNS(=O)(=O)c1ccc(N)c(NC2(C(F)(F)F)CC2)c1,False
CC1=CC(N(c2ccccc2)c2ccc3ccccc3c2)C2=CCc3c(C)cc(N(c4ccccc4)c4cc5ccccc5cn4)c4ccc1c2c34,False
CC(C)(C)OC(=O)NC1CCCCCCCCCC(B2OC3C4CC(CC3(C)O2)C4(C)C)NC(=O)C2CC(OC(=O)N3Cc4ccccc4C3)CN2C1=O,False
COC(CC(=O)N1CCCC1C(OC)C(C)C(=O)NC(Cc1ccccc1)C(=O)O)C(C1CCCCC1)N(C)C(=O)CNC=O,False
c1ccc(C2=NC(c3ccc4ccc5ccccc5c4c3)N=C(c3ccc(-c4ccc5ccccc5c4)c4oc5ccccc5c34)N2)cc1,True
CCOC(=O)C=CCNCc1ccccc1,False
O=C(c1cccc2c1OCCO2)N1CCCC(Cc2nc(-c3ccsc3)no2)C1,False
CC1CC(c2cc[nH]c(=O)c2)=CCN1C(=O)O,False
C=CCCCCOC(C)C(=O)N1CCCC1C(=O)NC1CC1.CC.Cc1ccn(-c2cc(=O)c3ccccc3[nH]2)n1.O=CNS(=O)C1CC1,False
NC(=O)CCC(NC(=O)CNC(=O)C1CC(O)CN1)C(=O)NC(CCCCCC(=O)O)C(=O)NCC(=O)O,False
c1cc2c(cc1SC1CCNC1)OCCCO2,True
NC(CC(=O)NCC1CN2CCCC2CO1)C1CC1,False
CC.CNC=O.N#Cc1ccc(-c2cn3c(-c4ccc(N)cc4)cnc3cn2)cc1,False
Cc1ccn2cc(-c3cccc(S(=O)(=O)NCCCN4CCCC4=O)c3)nc2c1,False
O=Cc1cc[c-]cc1.[W],False
CC1(CNC(=O)c2ccc3nc[nH]c3c2)CCCN1,False
CC1CC(C=O)OC2C1C1(C)CCC34CC35CCC(OC3CN(C(=O)CC6CC6)CCO3)C(C)(C)C5CCC4C1(N)C2O,False
CCN(CC)S(=O)(=O)c1ccc(CNc2cc(C(=O)NC3CC3)c3ccccc3n2)cc1,False
C=CCCC=C.CC.CNC(=O)c1ccccc1C1=CC=C(CNC(=O)C(O)C(O)C(=O)N2CCCC2)CC=C1,False
CC(=O)[O-].CC(C)(C)OC(=O)NCCS.CC(C=CC1=C(C)C(SCCNC(=O)OC(C)(C)C)CCC1(C)C)=CC=CC(C)=CC=NCCO.CC(C=CC1=C(C)CCCC1(C)C)=CC=CC(C)=Cc1cc(C=CC=C(C)C=CC2=C(C)C(SCCNC(=O)OC(C)(C)C)CCC2(C)C)cc[n+]1CCO.CC(C=CC=C(C)C=CC1=C(C)C(SCCNC(=O)OC(C)(C)C)CCC1(C)C)=CC=O.CC(C=CC=C(C)C=CC1=C(C)CCCC1(C)C)=CC=O.CCOC(C=C(C)C=CC=C(C)C=CC1=C(C)C(Br)CCC1(C)C)OCC.CCOC(C=C(C)C=CC=C(C)C=CC1=C(C)C(SCCNC(=O)OC(C)(C)C)CCC1(C)C)OCC.CCOC(C=C(C)C=CC=C(C)C=CC1=C(C)CCCC1(C)C)OCC.NCCO,False
CC=CCCNS(=O)(=O)c1cc(Cl)cc(N)c1C,True
COC(=O)C(C)N1C(=O)SC(=Cc2cn(CC(=O)O)c3ccccc23)C1=O,False
Cc1cc(C)c(S(=O)(=O)N=Cc2ccc3ccccc3c2)c(C)c1,True
CSC1CCC(NC(C)c2cccc(Cl)c2)CC1,False
CCCNC(=O)CN(C)C(=O)CN1CCC(C)(CN)C1,False
C=CCNC(=O)c1ccc(NCCC2Cc3ccccc3C2)nc1,False
Cc1ccc(C(=O)Nc2ccccc2C#CCO)c(C)c1,False
O=C(COc1ccc2nncn2n1)N1CCCN(c2ncccn2)CC1,False
CC=Cc1ccc(OCC(=O)Nc2cccc(S(=O)(=O)N3CCCCC3)c2)c(OC)c1,False
Cc1nccn1C1CCCC(NC(=O)CCn2c(C)nc3ccccc32)C1O,False
CCN1CCN(C(=O)c2cn(C(C)=O)c3cc(Cl)ccc23)CC1,False
O=CCCCCCCCC=CCCCCCCCC(=O)NO,False
Cc1ncc(C#Cc2ccc(N3CCN(C(=O)OC(C)(C)C)C(C)C3=O)cn2)c2cc(NC(=O)C3CC3)ncc12,False
CSc1nc2c(F)c(Br)c(CCC#N)cc2c(NC2C3CCC2C3)c1C#CCO,False
CCCCN1CC(C)NC(=O)C1CC(=O)O,False
CN(C=O)C1OC(=O)C(Cl)=C1Cl,False
O=COC(=O)c1ccccc1.[K+],False
CCCc1ccc(C(NC(=O)CC2CCS(=O)(=O)C2)c2cccs2)cc1,False
CCCn1ccc2c(Cl)c(C#N)ccc21.N#Cc1ccc(C(=O)NNC=O)cc1,False
C[N+](C)(C)CCOC=O.[OH-],False
COc1cc([N+](=O)[O-])ccc1NCc1ccc(O)c(O)c1,True
CCc1c(-c2ccccc2OC)sc(C#N)c1N,True
CCC(Oc1ccc(C(=NOCCn2ccc3ccccc32)C2CCCCC2)cc1C)C(=O)O,False
C=CCCCCN(C(C)=O)C(C=CC)(C(=O)OCC)C(=O)OCC,False
CC.CC(=O)CCNC=O.CCC.CNc1nc(NC2CCN(Sc3cccc(CN4CCC(c5ccc6c(C)nn(C)c6c5)CC4)c3)CN2)ncc1C1(C=O)CC1.OC1CCCCC1,False
CCC1CCCCC1Oc1cc(OC)ccc1C=O,False
COC(C)(C)CC(=O)Nc1cccc(Cl)c1Br,False
Cc1cccc(OCc2ccccc2)c1B1OC(C)(C)C(C)(C)O1,True
COc1ccccc1C=C(C(=O)OCC(=O)N1CCCC(C)C1)c1ccccc1,False
CC(=O)NC1C(OCC2OC(OC3C(CO)OC(OCC4OC(OC5C(CO)OC(OC6C(O)C(CO)OC(OC7C(CO)OC(OCC(CO)NC=O)C(O)C7O)C6O)C(NC(C)=O)C5O)C(O)C(OC5OC(CO)C(O)C(O)C5NC(C)=O)C4O)C(NC(C)=O)C3O)C(O)C(O)C2O)OC(CO)C(O)C1O,False
COc1ccc(-c2cc(C(=O)Nc3cc(Cl)ccc3C)no2)cc1O,False
CC(=O)Nc1ccc(Cc2ccc(NC(C)=O)c(Cl)c2)cc1Cl,False
CC(C)(C)C(=O)Nc1cccc(C(=O)NNC(=O)Cc2ccc(Cl)cc2)c1,False
CCCCCCCCCCCCCCCCCC=CC(O)C(CO)NC(=O)CCCCCCCCCCCCCCCCCCCC=CCC=CCCCCCCCCCCCCCOC(=O)CCCCCCCCCCCCC,False
C=C(C)N(N)Cc1ccc(OC)cc1.Cc1ccccc1Cl.Nc1ccc(Cl)cc1C=O,False
N#Cc1ccc(OC2CCOC3(CCSCC3)C2)c(F)c1,False
O=C(O)CCc1cccc(NC(=O)c2cc(C3CC3)on2)c1,False
CCCCCCCCC(CCCCCC)C(=O)OCCCCCCN(CCCCCCOC(=O)C(CCCCCC)CCCCCCCC)Cc1cnc(C)[nH]1,False
Cc1cc(C(=O)NC(CCC(=O)O)c2ccccc2)on1,False
Cc1ccc2oc(-c3cc(N=Cc4ccc([N+](=O)[O-])cc4)ccc3O)nc2c1,True
C.C.C.C.O=CCCNC(=O)OCC(COCCCO)OCCCO,False
NC1(CC(=O)c2ccnn2-c2ccccc2)CCC1,False
CCC=CCC=CCC=CCCCCCCCCCC(=O)OCC(COCCCCCCCCCCCCCCCCCCCCCC)OC(=O)CCCCCCC,False
CCc1cccc(-n2nc(C)cc2C(=O)Cc2cccc(C(NCC3CC3)c3ccc(Cl)cc3Cl)c2)c1.Cc1cc(C(=O)Cc2cccc(C(NCC3CC3)c3ccc(Cl)cc3Cl)c2)n(-c2cccc(CN)c2)n1.Cl,False
COC(=O)CC1NC(CCO)C2OC(C)(C)OC12,False
C=CC(=CC)c1cnc(NC)c(C(=O)O)c1,False
O=Cc1ccc(C(=O)c2ccccc2)cc1B(O)O.OB1OCc2ccc(C(O)c3ccccc3)cc21.[B].[Na+],False
CC1CCC(C#N)(C(=O)O)CC1C,False
CCCNC(=O)C1COCCN1C(=O)c1cn[nH]c1N,False
CC(=O)Nc1cc(Cl)c(NC(C)=O)cc1O,False
NC(=O)c1ccc(-c2ccc(N3CCCC(NC(=O)C45CC6CC(C4)C(O)C(C6)C5)C3)nc2)cn1,False
C=Cc1cc2c(c(C)c1C=C(C)C1CC1)CC(C(=C)O)C2.CC=O.CCl,False
CC(C)(C)C(=O)c1ccc(CN(Cc2ccc(C(=O)C(C)(C)C)cc2)Cc2ccc(C(=O)C(C)(C)C)cc2)cc1.Cl,False
CC=CC=C(C)C(=CC1c2cc(Cl)ccc2-n2c(ccc2C(N)=O)CC1CC)OC,False
COc1ccccc1NC(=O)c1sccc1C=O,False
CCCN(CCC)C(C=O)OC(=O)CCNC(=O)OCc1ccccc1,False
COC(=O)C(=Cc1ccccc1Cl)Cn1c(C=O)c(C)c2ccccc21,False
C=C(C1=C(C)CC(NCC)C2C=CC=CC2=C1)C(CC(C)C(C)=O)=C(C=O)CC,False
O=C(OCc1ccccc1)C12CCCC(OC(=S)n3ccnc3)C1C1CCCC12,False
NC(CCC(=O)O)C(=O)NC(Cc1c[nH]c2ccccc12)C(=O)NC(C=O)CCC(=O)O,False
CCCCCCCCCCCCCCCC(=O)C(O)C(COP(=O)([O-])OCC[N+](C)(C)C)OC(=O)CCCC=O,False
COc1cc(C=C2Cc3ccc(OC(C)C)cc3C2=O)ccc1O,False
CCCCCCCCCCCC(=O)Oc1ccc(N=Nc2ccc(OCCC)cc2)ccc1=O,False
OC(Cc1ccccc1Br)c1cnnn1-c1ccccc1,True
COc1cccc(CN2CCCC(NCc3nccn3-c3cccc(C)c3)C2)c1,True
[B]c1cc(F)cc(Cl)c1Cl,False
CC(C)(C)OC(=O)NC1(C(=O)OC(c2ccccc2)c2ccccc2)C(C=O)=CSC2CC(=O)N21,False
COc1cc2nc(-c3ccccc3F)n(CCN)c2cc1OC,False
COc1ccccc1CNC(C)=O,False
CN(C)C(C)(C=O)N(C)C,False
O=Cc1ccc2c(n1)NCC=C2,False
CC(Nc1ncc(Br)c(-c2cnc3c(C=O)cccn23)n1)c1ccccc1,False
COCc1cc(C=O)n(C)n1,False
CN1CCn2nc(Nc3cc(-c4ccnc(-n5ccn6c7c(cc6c5=O)CCCC7)c4C=O)cn(C)c3=O)cc2C1,False
C=CCCc1c(OC)c2ccccc2n1CC=C,True
CCOc1ccc(C2C(C(=O)Nc3ccccc3)=C(C)N=c3sc(=Cc4ccccc4OCc4ccc([N+](=O)[O-])cc4)c(=O)n32)cc1,False
COC(=O)c1cc(C#CCC=O)cs1,False
Cc1cccc(OCNC(=O)Nc2cc(S(=O)(=O)N3CCOCC3)ccc2Cl)c1C,False
COc1ccc(CNc2nc(CCl)nc3cccc(F)c23)cc1.Cl,False
CCN(CCCc1ccccc1)S(=O)O,True
Nc1nnc2c(NCc3ccc(Br)cc3)nccn12,False
Cc1ccc2oc3c(c(=O)c2c1)C(c1ccc([N+](=O)[O-])cc1)N(CCN1CCOCC1)C3=O,False
CCn1c(=O)c(C(=O)O)cn(-c2ccc3c(c2)C2(CC2)C(=O)N3C)c1=O,False
CCOc1ccc(C2C(C(=O)Nc3ccccc3)=C(C)N=c3sc(=Cc4cccc(OCc5ccc(C#N)cc5)c4)c(=O)n32)cc1,False
CC1(C)C(C=C(Br)Br)C1C(=O)OC(C#N)c1cccc(Oc2ccccc2)c1.CNC(=O)Oc1cccc2ccccc12,False
CC(C)=c1cc2c(cc1C)=C(C)c1cc(C)c(N(C)C)cc1O2.CC1=c2cc3c(cc2CCC1)=C(C)c1cc2c(cc1O3)N(C)CCC2.CC1=c2cc3c(cc2CCC1)=C(C)c1cc2c(cc1O3)NCCC2.CC1=c2cc3c(cc2Oc2cc4c(cc21)-c1ccccc1CN4)=C(C)Cc1ccccc1-3.CC1=c2ccc3c(c2Oc2c1ccc1c2C(C)(C)CN1)C(C)(C)CC=3C.CC=c1cc2c(cc1C)=C(C)c1cc(C)c(NCC)cc1O2.CC=c1ccc2c(c1)Oc1cc(N)ccc1C=2C.CCN1CCc2c1ccc1c2Oc2c3c(ccc2=C1C)=C(C)CC3,True
COc1c(C(C)(F)F)cccc1C1(CN)CC1,False
CCn1nc(C)c2nc(CCl)n(C(C)CN(C)C)c21,False
O=Cc1ccc(-c2ccc3c(c2)CC(=O)NC3)o1,False
COc1ccc(CCN(C)C(=O)CCC(=O)c2ccc(Cl)cc2)cc1,False
C.C.C.C.C.CC(C)(C)S(=O)NC1c2ccccc2CC12CCN(c1ncc(Sc3ccnc(N)c3Cl)c3nncn13)CC2.CC(C)(C)S(=O)NC1c2ccccc2CC12CCNCC2.CC(C)(C)S(=O)NC1c2cccnc2CC12CCN(c1ncc(I)c3nncn13)CC2.Clc1ncc(I)c2nncn12.Nc1nccc(Sc2cnc(N3CCC4(CC3)Cc3ccccc3C4N)n3cnnc23)c1Cl.Nc1nccc([S-])c1Cl.[B][B].[Na+],True
CC=CC=C(C=CC)C1=C(C)CN(C(C)(C)C)C1=O,False
Nc1cc2c(cn1)[nH]c1ncc(Br)cc12,False
NN.O=S(=O)(O)O.[Na+],True
CCCCc1c(C=O)ccn1S(=O)(=O)c1ccc(C)cc1,False
CCC(C)NC(=NC)NCc1cccnc1OC,True
CC1CCC(O)C(CN(C)C(C)CO)C1,True
COc1ccc2c(c1)C1=C(CCC(C)(C)O1)C(=O)C2=O,False
CCNC(=NCc1cccc(O)c1)N1CCN(Cc2cccs2)CC1,True
CCN1CCN(c2cccc3c2CN(C(CCCn2cc(C)nc2C)c2ccc(OC)c(OC)c2)C3C=O)CC1,False
Cc1nnc(COc2ccc(Cl)cc2CNC(C)C)o1,True
C=CCOC(=O)C(N1C(=O)C(C(C)O[Si](C)(C)C(C)(C)C)C1CC(=O)c1cccc(O)c1)=P(c1ccccc1)(c1ccccc1)c1ccccc1,False
CSCCCN(C)C(=O)Nc1cnn(-c2ccccc2)c1C(C)C,False
COc1ccc(C(NCc2csc(-c3ccc(C)cc3)n2)C2CC2)cc1,True
CCn1ncnc1CNc1ccc(Br)cc1,False
CCCCCC(O)C=CC1C(O)CC(=O)C2CC=CCCCC(=O)OC(COC(=O)CCCCCCCCCCCC(C)C)COP(=O)(O)OP(=O)(O)OCC(OC2n2ccc(N)nc2=O)C(O)C1O,False
CC(C)(C(=O)N1CCN(C(=O)CCn2c(=S)[nH]c3ccccc3c2=O)CC1)c1ccccc1,False
Cl.Cn1c(=O)n(C2CCC(=O)NC2=O)c2ccc(CCCC3CNC3)cc21,False
CC1=CCC([SiH3])=C1,True
Cc1nc(C=O)c(CCc2ccncc2)[nH]1,False
O=CCc1nc(C2CCOCC2)no1,False
O=CCCCCCCCCC(=O)OCCCCCCO,False
COCCNCC(=O)NCCCc1nc(-c2ccncc2)cs1,False
CC1CCCN1C(=O)OC(C)(C)C.O=CO,False
CCOC(=O)NS(=O)(=O)NC1(CN)CCCC(C)C1,True
CC1(C)c2ccccc2C(C)(C)C1(O)OS(C)(=O)=O,True
COc1cc(OC(C)C)c(OC)cc1CS(=O)(=O)Cl,True
CC=C(C(=O)OC1Cc2c3c(c4oc(CO)cc(=O)c4c2O)C2c4ccnc(N)c4C(CCc4ccc(O)cc4C2CO)C2CCc4c(cnc5c4CCC(C)N5)CC2C1(C)O3)C1(O)CCC2(CCNCC2)C1,False
NS(=O)(=O)N1CCC2C(=O)NCC2C1,False
CC1CCc2c3nc4n(c3cc3c(=O)c(C(=O)O)cn1c23)C(C)CCC4,False
CC(C)Nc1cc(C(=O)Nc2c(Cl)cccc2Cl)ncn1,False
Cc1cc(C=O)cnc1N(CCO)Cc1ccccc1,False
NS(=O)(=O)c1cc(S(N)(=O)=O)c(NC=O)cc1Cl,False
Cc1cc(N2CCN(C(=O)c3ccc(=O)n(C)n3)CC2)nc(N)n1,False
CC(C)c1cccc(C(C)C)c1-n1c(=O)c2cc3c4ccc(C=O)cc4c4cc5c(=O)n(-c6c(C(C)C)cccc6C(C)C)c(=O)c6cc7c8ccc(C=O)cc8c8cc(c1=O)c2c1c3c4c(c65)c7c81,False
CC(C)C(O)c1cc(C=O)sc1Cl,False
CC(C)C(=O)C(C)C.CC(C)CC(=O)C(C)C.CC(C)CS(=O)(=O)C(C)C.CC(C)NC(=O)C(C)C.CC(C)NC(=O)NC(C)C.CC(C)NC(=O)OC(C)C.CC(C)NC(=O)OC(C)C.CC(C)NS(=O)(=O)C(C)C.CC(C)OC(=O)C(C)C.CC(C)OC(C)C.CC(C)S(=O)(=O)C(C)C,False
CCNC(C)c1ccc(Br)cc1Oc1ccc(F)c(C)c1,False
C=NC(=CC(=CC)Oc1cnc2nc(Nc3cc(C(C)(C)C)n(C4CCOC4)n3)n(C)c2c1C)NC(C)=O,False
CC1OC(OC2C(NC(=O)c3cc(=O)[nH]c(=O)[nH]3)CC(C=O)CC2OC2OC(COC(=O)c3ccccc3)C(OC(=O)c3ccccc3)C(OCC(=O)O)C2OC(=O)c2ccccc2)C(O)=CC1O,False
Cc1nc(CNC(=O)C2CCC(NC(=O)C3Cc4ccccc4C3)C(O)C2)no1.O=CO,False
COc1cc2c(cc1NC(=O)c1ccc(C(C)(C)C)cc1)CCCC(=O)C2,False
C=CN(N=CCCC)c1cc(Cc2c(Cl)cc(OCC=O)cc2Cl)ccc1O,False
O=Cc1cccn1-c1nnc(N2CCC(C(=O)N3CCCCC3)CC2)s1,False
C1=CC(N(c2ccc(-c3ccccc3)cc2)c2ccccc2-c2ccc(-c3ccccc3N(c3ccccc3)c3ccc(-c4ccccc4)cc3)cc2)C2CCC=CC2=C1,False
CCn1nc(C)c2[nH]c(=S)n(CCCCCOC)c21,True
NCCCC(N)(Cc1ccccc1)C(=O)O,False
C=CC1=C(C=CC)c2ccc(C=O)cc2C1CO,False
CNC(=O)CCN(C=O)c1ccc(N2CCCC(CN3CCN(c4ccc(-c5cnc6n[nH]c(-c7ccc(CNC(=O)c8noc(C(C)(C)C)n8)c(C)c7)c6c5)cc4)CC3)CC2)cc1OC,False
Cc1ncoc1C(=O)OCOC=O,False
COCC1CC(O)C(O)C(OC2C(C(=O)O)OCC(OC)C2OC)O1,False
CC(C)C(c1ccc(F)cc1)N1CC(C)N(c2nc(NN)nc3c2ncn3CC2CC2)CC1C,False
CCCc1ccc(C(N)Cc2ccccc2C)cc1,False
COC1=C(C(=O)O)N2C(=O)C(NC(=O)C(=NOCC(=O)OC(C)(C)C)c3csc(NC=O)n3)C2SC1,False
S=C(NCc1ccc2c(c1)OCCO2)Nc1ccc(N2CCCCC2)nc1,True
CCOc1ccc(-n2c(SCc3ccc(Br)cc3)nnc2-c2cccs2)cc1,True
CN1CC2(CCN(C(=O)CCc3ccc4c(c3)OCO4)C2)OC1=O,False
CCOC1=NC(C(F)(F)F)(C(F)(F)F)N=C(N2CCCCC2)O1,False
Cc1ccc(C(C(=O)O)N(C)C=O)cn1,False
Cc1cc2c(c(=O)[nH]1)C(c1cccc(Br)c1)CC(=O)O2,False
CCCCCC(=O)Cc1cnc2ccccc2c1-c1cccc(CCC(O)CO)c1.CCCCCCC(=O)Cc1cnc2ccccc2c1-c1cccc(CCC(O)CO)c1.CCCCCCCC(=O)Cc1c(C)nc2ccccc2c1-c1ccccc1.CCCCCCCC(=O)Cc1ccc2ccccc2c1-c1ccccc1.CCCCCCCC(=O)Cc1cnc2ccccc2c1.CCCCCCCC(=O)Cc1cnc2ccccc2c1-c1cccc(CCC(C)CO)c1.CCCCCCCC(=O)Cc1ncc2ccccc2c1-c1ccccc1,False
O=C(CCC(=O)NNC(=O)Cc1ccccc1)NCc1ccc2c(c1)OCO2,False
CCOc1ccc(NC(=O)Cn2c(=O)n(C3CC3)c(=O)c3nscc32)cc1,False
CCCCCCC(C=O)C(Cl)(Cl)Cl,False
CCCCC(C(=O)OC)N1CCOc2ccccc2C1,False
CN1CCN(Cc2cn(S(=O)(=O)c3cccc(Cl)c3)c3ccccc23)CC1,True
Cc1cc(C(=O)N2CCC(N=C3CN(C(C)(C)C)SC3c3ccccc3)CC2)cc(Cl)n1,False
CCCc1cc(NCc2cnc(C)s2)ncn1,False
CC(N)c1ccccc1.CC(Nc1nccc(NC(=O)c2ccc3ccccc3c2)n1)c1ccccc1.O=C(Nc1ccnc(Cl)n1)c1ccc2ccccc2c1,False
O=C(CC1CC1)N(Cc1ccccc1)C(CO)c1ccccc1,False
CCC=CCC=CCC=CCC=CCC=CCCCCCCCCCCCCCCCCCCCCCCCCCCCC(=O)NC(COC1OC(CO)C(O)C(O)C1O)C(O)C=CCCC=CCCCCCCCCCCCCCCCCCCCCCCCCC,False
CCS(=O)(=O)N1CCC(Cc2cc(-c3ccccc3)no2)(C(=O)NC)C1,False
CC=CCC(C)C(O)C1C(=O)NC(CC)C(=O)N(C)C(C)C(=O)N(CC)C(Cc2ccccc2)C(=O)NC(C(C)C)C(=O)N(C)C(CC(C)C)C(=O)NC(C)C(=O)NC(C)C(=O)N(C)C(CC(C)C)C(=O)N(C)C(CC(C)C)C(=O)N(C)C(C(C)C)C(=O)N1C,False
CCc1cccc2c(C(=O)c3cccc(Cl)c3Cl)c(C)n(CCCS(=O)(=O)N(C)C)c12,False
COc1ccc(S(=O)(=O)C2(CCCC#Cc3cccc(N)c3)CNCS2)cc1,True
CCC(C)(c1ccc(OCC(C)OC)cc1)c1ccc(OCC(C)OC)cc1,True
CC(C)n1nc(-c2ccc(NS(=O)(=O)c3ccccc3Cl)c(F)c2)c2c(N)ncc(C3=CCC(N)CC3)c21,False
O=Cc1cc(Br)ccc1OCC=C(Cl)c1cccc(Br)c1,False
C=C(C=CC=C(COC(O)CC(C)C)C1CCC2(C1O)C1C(=C(C)C=O)C(C=CC1CCO)CC2(O)CCNC)C1CC=C(C)C(O)NC(CCOC)(C2CCCCC2)Cc2cccc(c2)C1,False
CC(C)C(CN(C)CCc1ccc(Br)cc1)C(=O)O,False
CC1c2ccccc2CCN1C(C#N)C=O,False
CN1CCC(Nc2cccc(C=O)c2)(c2nc(-c3ccncc3)n[nH]2)CC1,False
CC([NH2+]CC12CC3(C)CC4(OCCN(C)C)CC(C)(C1)C34C2)=C(C=N)c1ccc(N(CCCCCn2cc(CCCCCCCNC(=O)COc3cccc4c3C(=O)N(C3CCC(=O)NC3=O)C4=O)nn2)c2cc(C)c(Nc3nc4ccccc4s3)nn2)nc1C(=O)O,False
COCOC1C2CCC3=C(C(=O)CC3)C3(CCC=O)C(=O)C1(C(C)CN1C(=O)c4ccccc4C1=O)CCC23C,False
Nc1ccccc1C(=O)[O-].O.[Rb+],False
O=C(NCCNC(=O)C1(NC(=O)c2csc(-c3cccnc3)n2)CCNCC1)c1ccc(Cl)cc1,False
CCN1CCC(CCCCCCCCCCO)C1=O,False
O=Cc1cn(-c2ccc(Cl)c(Cl)c2)nc1-c1cc(Br)cs1,False
CCNC(c1cc(F)ccc1F)C1CCCC1C,False
CCOCCCN=C(NN)NCCC(C)(C)C,True
CC(N)(CCOCC1CCOC1)C(=O)O,False
C=CC(=O)O.CCC1(COCC2(CC)CO2)CO1,False
Nc1nccc(C=O)c1C=O,False
COc1ccc(-c2cc(-c3cccc([N+](=O)[O-])c3)c3c(ncn4c(=O)c5cc(Br)cc(Br)c5nc34)n2)cc1,False
CC(C)(C)OC(=O)CCS(=O)(=O)CCCC(=O)CI.CC(C)(C)OC(=O)CCS(=O)(=O)CCCC(=O)OCc1ccccc1.CC(C)(C)OC(=O)CCS(=O)(=O)CCN.CC(C)(C)OC(=O)CCSCCCC(=O)OCc1ccccc1.CCCC(=O)OC(C)(C)C.N=S.O=C(CCCBr)OCc1ccccc1.O=C(CI)CCCS(=O)(=O)CCC(=O)ON1C(=O)CCC1=O.O=C(CI)ON1C(=O)CCC1=O.O=C(O)CCS(=O)(=O)CCCC(=O)CI.O=CO[O-].[Na+],False
O=c1[nH]c(CN2CCCC(O)C2)nc2ccsc12,False
CN1C(=O)NC(=O)C2C1N=C(NNC=O)N2Cc1ccccc1,False
Nc1cc(O)c(CN2NC(c3ccc(Cl)c(Cl)c3)=NC2C=O)cc1Cl,False
C=CC(=O)N1CC(Nc2nc(Nc3cnn(C)c3)nc3[nH]cc(C4CC4)c23)CCC1C.O=C(O)C(=O)O,False
O[N+]1(c2cccc(Cl)c2Cl)CCN(CCCCOc2ccc3c(c2)NC(S)CC3)CC1,True
O=S(OC1CCCCCCC1SC(F)(F)F)C(F)(F)F,False
Cc1ccc(CC(=O)C2CCCOC2)cc1C,False
COc1ccc(CCNC(=O)CNc2ccc(OC)c(OC)c2)cc1OC,False
Cc1ccc(Cl)cc1NC(=O)CNC1(C)CCOC1C,False
O=C1C(O)SCN1c1cccc(Cl)c1Cl,False
COc1cc(C=C(C#N)C(=O)NCCCc2ccccc2)cc(Cl)c1OCc1ccc(Cl)cc1,False
CC1CN(C(=O)NC2CCCC2)CC1(C)O,False
CCCCCCCCCCCCCCCC[P+](C)(C)CCCCCCCCCCCCCCCC.[I-],False
O=C(O)CC1(NC(=O)NCC2COCCO2)CCCCC1,False
O=CCC[P+](c1ccccc1)(c1ccccc1)c1ccccc1.[Br-],False
NC(=O)OCCNS(=O)(=O)c1cn[nH]c1,False
C=C1N=C2N(c3cc(C4CCNCC4)ccc3C2(C)C)c2cccc(Cl)c21,False
Cc1c(C)n(-c2ccc3c(C(C)(C)C)c4ccccc4c(C(C)(C)C)c3c2)c2c1ccc1c3cccc(-c4ccc5ccc6cccc7ccc4c5c67)c3ccc12,False
CC.CC.CCCCCC.CCOC(=O)CCCC1CCC2C3C(=O)C(CC)C4CCCCC4(C)C3CCC12C,False
C=CC=C1C(=O)N(C2CCC(=O)NC2=O)C(=O)C1=CC.CC.[CH3][Al],False
NCC1(C2CCS(=O)(=O)C2)CCOCC1,True
CC=CC(O)C(O)c1ccccc1C=CC(=O)NC1C(=O)NC(CO)C(=O)NC(CC(C)C)C(=O)NC(Cc2ccccc2)C(=O)NC(CO)C(=O)NC(C(C)O)C(=O)NC(CO)C(=O)NC(c2ccc(O)cc2)C(=O)NC(C(C)C)C(=O)NC(CC(C)C)C(=O)OC1C,False
Cc1nc(OC2CCC(c3ccc(Cl)c(C(F)(F)F)n3)CC2N(C)C)ccc1S(=O)(=O)Nc1ccncn1,False
CCO[SiH2]CCCN1C(=O)C1(COCCCCCC=O)OC(=O)NC1CC[SiH]1C,False
CC(CN)Cc1cn(C)c2ccccc12,False
CC(C)(C)Nn1nnc2c(N3CCC(F)(F)C3)ncnc21,False
C.C.C.C.C.C.C.C.C.C.CC1CC(C)C(C)C1.CC1CC(C)C(C)C1.CC1CCC(C)(C)C1.CC1CCC(C)(C)C1.CC1CCC(C)C1C.CC1CCCC1(C)C.CC1CCCC1(C)C.CCC1(C)CCCC1.CCC1(C)CCCC1.CCC1CCCC1C,False
Nc1ccc(N)c(C(=O)c2ccc(C(=O)c3ccc(N([O-])c4ccccc4)cc3)cc2)c1,False
Cc1cc(Cl)ccc1OCC(=O)c1cc(C)n(C2CC2)c1C,False
CCCCOC1C2OC3(OCC45CC6C(C)CCC6C6(C=O)CC4C=C(C(C)C)C65C(=O)OC(c4ccccc4)c4ccccc4)OC2OC1C3O,False
CCOC(=O)C(C)c1csc(-c2ccccc2)n1,False
O=C(NN=C(C=Cc1ccccc1)c1ccccc1O)Nc1ccc(Br)cc1,False
CCOc1cc(CNCCNC(=O)c2nonc2N)cc(Br)c1OCc1ccc(C)cc1,False
Cc1ccc(S(=O)(=O)c2n[nH]n3c2nc(=O)c2cccc(O)c23)c(C)c1,False
CC(CCCCC(=O)O)[N+]1([O-])CCCC1OC=O,False
CN1CCC(c2csc3ccc(N(C=O)c4cncnc4)cc23)CC1,False
O=C(Cc1ccc(C#Cc2ccc(OC(=O)c3cc(CO)c(CO)cc3CO)cc2)cc1)c1ccncc1,False
COc1cc(C=O)ccc1Nc1ncc2c(n1)N(C1CCC1)CC(C)(C)C(=O)N2C,False
C=Cc1c(C=C)c(CCC(=O)OCC)c2ccccc2c1CCC=O.CCOC,False
Cc1ccc(O)cc1-n1c(N)c(C=O)c2ncc(C#CCN3CCOCC3)nc21,False
COC(=O)CC(NC(=O)C(NC(=O)C(NC(=O)C(N)Cc1ccccc1)C(C)C)C(C)C)C(=O)NC(CC(=O)O)C(=O)NC(CC(C)C)C(=O)O,False
CCc1cc(C)n(C)c1C=O,False
CC(C)c1ccc2nc(C(N)C(C)C)[nH]c2c1,False
Cc1cc(CN)cc(Oc2ccc3cccnc3c2)n1,True
CCCC(=O)Nc1ccc(C(=O)NNC(=S)NC(=O)c2cc(OC)c(OC)c(OC)c2)cc1,False
COc1ccc(-c2nn3ccccc3c2C=O)cc1,False
OC12C3CCC(C1C3)C2C1c2ccccc2-c2cncn21,True
CC(ON=C(C(=O)NC1C(=O)N2C(C=O)=C(C[n+]3cccc4nc(N)sc43)CSC12)c1nc(N)sc1Cl)C(=O)O,False
CNc1cnc(CSc2ncccc2Cl)cn1,False
CC(C=O)(OCc1ccccc1)c1ccccc1,False
C=C(C)C(CCCc1ccc(CCC)cc1)Cc1c(C)cc(C)cc1F,False
Cc1ccc(Nc2ncnc(Nc3ccccn3)c2N)cc1,False
Cc1cc(-c2nc(C=O)c(C)s2)ccn1,False
Cc1ccc(NC(=O)CCCCCCC(=O)Nc2ccc(C)cc2N)c(N)c1,False
CC(C)NC(=O)C(C)OC(=O)c1cccc(S(=O)(=O)N(C)c2ccccc2)c1,False
O=C(NC1CCCCCC1)C(c1ccc(Cl)cc1)N(Cc1ccco1)C(=O)CCl,False
CC1Oc2ccc(-c3cc(C=O)n(C)n3)cc2N(C)C1=O,False
O=Cc1c(Cl)ncnc1NC1CCCCCC1,False
N#Cc1cccc(NC(=O)c2cc(Nc3cccc(Br)c3)ncn2)c1,False
C=CCCCCCCCCCC(CCCCCCCCCC=C)(P(=O)(OCC)OCC)P(=O)(OCC)OCC,True
CC(=O)O.NC(=O)C=O,False
CCC(C)C1NC(=O)C(CCCCN)NC(=O)C(CC(C)C)NC(=O)C(CO)NC(=O)C(CC(N)=O)NC(=O)C(Cc2c[nH]c3ccccc23)NC(=O)CN(C(=O)c2ccccc2-c2c3ccc(=O)cc-3oc3cc(O)ccc23)C(=O)NCCCCCCN(CC(N)=O)C(=O)C(C(C)C)NC(=O)C(CC(=O)O)NC(=O)C(CC(C)C)NC(=O)C(CC(N)=O)NC(=O)C(CC(=O)O)NC1=O,False
C=CC=O.C=CCCCBr.C=CCCCC(=O)C1CCCOC1.C=CCCCC(O)C1CCCOC1.CC(=O)CCCC(=O)C1CCCOC1.CCO.CCOP(C)(=O)CC#N.CCOP(C)(=O)CC(C)=CC#N.N#CC=C1C=C(C2CCCOC2)CCC1.O=C1C=C(C2CCCOC2)CCC1.O=CC1=CCCOC1.O=CC1CCCOC1.O=CC=C1C=C(C2CCCOC2)CCC1.[Cl][Pd][Cl].[Na+].[OH-],False
CC(O)c1c(O)c(O)cc[n+]1C,True
C=NC=NC(=CC)N(C)C(C=CC)=NC=CC,False
NC1=NCC2(CCc3c(cccc3-c3ccc(-c4ccccc4)cc3)C2)N1,False
Cc1ccc(C)c(N2CCN(C(c3nnnn3C3CCCC3)C(C)C)CC2)c1,False
O=C(CSc1nnnn1-c1ccc(Cl)cc1)Nc1nncs1,False
CCOc1cc(CCN)ccc1OCC(=O)NCCC#N,False
CN(Cc1cccs1)C(=O)CNc1ccc2ccccc2c1,False
CCCS(=O)(=O)Nc1cccc(NC(=O)C=Cc2nc3ccccc3s2)c1C,False
CCC1(C)CC(NC=O)CC(C)(C)C1,False
CC(COCCNC=O)(COCCNC=O)OCCNC=O,False
c1ccc(C2=C3C(=Nc4ccccc43)Cc3ccccc32)cc1,False
CC=CC1=CC=C(OCCCCCCc2cc(C=CC)ccc2OCCCCC)C2(C)CC12,True
Cc1c(Cc2ccccc2Cl)c(=O)nc2sc(=Cc3ccc(Cl)c(Cl)c3)c(=O)n12,False
CC(C)CNCCCc1ncc(C2C(C)(C)C2(C)C)o1,True
C=CCOc1cccc2c1cc(C(=O)NCCN1CCCC1)n2CC1CCCCO1,False
CCCC(=O)NC1CCN(C(=O)CCCl)CC1,False
CC(=O)CNCCc1ccc(C(C)(C)C)cc1,False
CC(C)CCN(c1ccccc1N)C1CCCC1,False
CC(C)(C)C1CNCCN1Cc1cc(Br)cs1,False
CCC=CCCOC(=O)C(N)CC1=CCc2ccccc21,False
C=C(C)C(=O)OCCN(OC(=O)C(=C)C)C(=O)N=CC,False
O=CN1C(Cl)COCC1c1cc2ccccc2[nH]1,False
CC(C)C1CC(=O)N(CCC(C)(C)C)C1=O.CC(C)c1cn(C(C)C)nn1,False
CCOC(=O)CSC(C)C(=O)NCc1cccs1,False
CCOC(=O)C1=C(c2ccccc2)N=c2sc(=Cc3cc(I)c(OCC)c(I)c3)c(=O)n2C1c1cccc(OC)c1,False
Cc1cccn2c(=O)c(C=O)c(Sc3nc4ccccc4o3)nc12,False
Brc1nc2c(s1)C1CCC2C1,False
CC(C)NC(=O)C(C)NCCCn1ccnn1,False
C=CC=CC(=CC)NC(=O)C1C(=O)c2ccccc2C1=O,False
NC(=O)c1ccc(OCCCN2CCCC23CCCN(C2CC2)C3=O)cc1.O=CO,False
Cc1ccc(NC2CCN(C(=O)OC(C)(C)C)C2)cc1C(=O)NC(C)c1ccc(Br)c2ccccc12.O=CO,False
O=CC1CC(CO)OC1CO,False
CC(C)(C)NC(=O)CN1CCNCCN(CC=O)CCN(CC(=O)NC(C)(C)C)CC1,False
CCc1ccc(OCc2ccc(C=CC(=O)c3cc(C)sc3C)o2)cc1,False
CC(C)(C)OC(=O)CC1CC2CCC(C1)C2CC=O,False
O=Cc1ccc(N2CCOCC2)c(Cl)c1,False
CC(C)Oc1cc(OC(C)C)c(P=C([O-])c2c(Cl)cccc2Cl)c(OC(C)C)c1,True
Cc1ccc(C(=O)NCC#CCOc2ccc3c(c2)OCO3)cc1C,False
CNCCOCCOCCOCCOCCOCCNc1cccc(C=O)c1C=O,False
Cc1cc(C)n(CCC(C)(C)O)c(=O)n1,False
CC(=O)Nc1ccc(-c2ccc3n(c2=O)CC2CC3CN(C3CCOCC3)C2)cc1,False
CC1(C)N=Nc2cc(N)ccc2N(c2ccc(N)cc2)C1=N,False
N#Cc1ccc(Cl)c(S(=O)(=O)Nc2ccc(N)cn2)c1,True
Cc1cc(C(=O)N2CCC3(CC2)CC(Cn2cnc4ccccc42)OC3=O)cc(=O)[nH]1.O=CO,False
CC(=O)NC(=CCc1ccccc1)c1ccccc1,False
N#Cc1ccc(C(C(=O)NCCc2ccccc2)N2Cc3nnnn3C(Cc3ccccc3)C2=O)cc1,False
CCC(C)C(NC(=O)C(Cc1ccccc1)NC(=O)C(CCC(=O)O)NC(=O)C(CCCCN)NC(=O)C(C)N)C(=O)NC(C)C(=O)NC(Cc1c[nH]c2ccccc12)C(=O)NC(CC(C)C)C(=O)NC(C=O)C(C)C,False
CCNC(=NCC(C)N1CCN(C)CC1)N1CCN(c2cccc(C)c2C)CC1.I,False
CC=C1CCC2C3C(OC(C)=O)CC4CC(C)CCC4(C)C3CCC12C,False
Cc1cc(C(=O)N(Cc2ccccn2)Cc2cccc3c2OCO3)nn1C,False
NCCCN(c1ccccc1)c1ncc2ccccc2n1,False
C=CC=C(C=CC)n1c(NC(C)=CCc2ccccc2)c(C(=O)OCC)c(N2CCN(C)CC2)nc1=O,False
Cc1ccc(=O)n(CC(=O)Nc2ccc(C(=O)Nc3c(C)cccc3C)cc2)c1,False
CCCCCCCCCCN1C(NC=O)=COC1C(N)C(C)O,False
CCn1cc(S(=O)(=O)Nc2cnn(Cc3ccc(Cl)c(Cl)c3)c2)cn1,True
CC=CC=CC(=CC)C(C(C)=CC=NC)N(C)CNC(CCCC)C(C)N(C)C(C)=O,False
C=C(C)C(=C(C)O)c1cc2cc(C(=O)O)c(=O)n(Cc3ncccc3OC)c2cc1OC,False
CCOC(=O)c1ccn(-c2ncccn2)n1,False
O=C(NCCS(=O)(=O)O)c1ccc(-c2ccc(O)cc2)cc1,False
CC(C)=CCNCc1cc([N+](=O)[O-])c(F)cc1F,False
Cc1cc2cc3nc(cc4[nH]c(cc5nc(cc1[nH]2)C(C)(C)C5)cc4C)C(C)(C)C3.Cc1cc[nH]c1C=C1N=C(C=O)CC1(C)C.[BH]C,False
Cc1c(Cc2ccccc2)c(=O)oc2c(CNCC(C)O)c(O)ccc12,False
CC.CNC(=O)Cc1cc(C)c(Oc2ccc(O)c(C)c2)c(C)c1,False
Cc1cccc(C(C)(C)c2nnc(N)o2)c1,True
O=C(CCC(NC(=O)OCC1c2ccccc2C2CCC=CC21)C(=O)NCCOCCO)NCCOCCO,False
CC.CC(COP(=O)(O)O)NC(=O)CNC(=O)CCC(N)C=O.CO.O=CO,False
C.C(OCC1CO1)C1CO1.Oc1ccccc1,True
CC(O)CC(=O)N(O)CCCC(N)C(=O)NC(C(=O)NC(CO)C(=O)NC(CCCN(O)C=O)C(=O)NCCCCN)C(O)C(=O)O,False
COC1C2CCC(C=O)C1CCCC(=O)O2,False
NC(=CC=C(N)N1CCOCC1)c1cc(Cl)cc(Cl)c1Cl,True
Cc1ccc2oc(=O)n(Cc3noc(C(=O)NCCN4CCCCCC4)n3)c2c1,False
O=CCCc1cccc(N2CCNC(=O)C2=O)c1,False
O=C(c1ccc(NCc2ccccc2Cl)c([N+](=O)[O-])c1)N1CCC2(CC1)OCCO2,False
COC(=O)C=C1CCC(=O)N1C,False
COc1ccc(C(NC(=O)c2cnc(C(=O)NCC=O)[nH]c2=O)c2ccc(OC)cc2)cc1,False
CC=CCC(C)C(OC)C(C(=O)NC(CC)C(=O)N(C)CC(=O)OC)N(C)C(=O)C(C(C)C)N(C)C(=O)C(CC(C)C)N(C)C(=O)C(CC(C)C)N(C)C(=O)C(C)NC(=O)C(C)NC(=O)C(CC(C)C)N(C)C(=O)OC(C)(C)C,False
C=C1C(=CC=C2CCCC3(C)C2CCC3C(C)CCCC(C)(C)O)CC(O)C(=C)C1O,True
Cl.NC(c1ccc(C(F)(F)F)c(Cl)c1)C(O)C1CCCC1,False
C[Si](C)(C)COc1ccc(F)cc1,False
O=[N+]([O-])c1cc(C2=NC3=CN=CN(O)C3S2)ccc1Oc1cccnc1.[K+],True
Cc1cccc(CC(C)(C)C(C)(C)C)c1C,False
CC=CC=CC(=CNC)S(C)=O,True
COC(=O)CSc1c(C)cc(C)cc1C=O,False
CCCCCCCCCCCCCCCCCCNC(=O)C1CSC(c2ccccc2)N1C(C)=O,False
CCOC(=O)CNCc1nnc(-c2ccccc2Cl)o1,False
CCc1ccc(Nc2nc(C)cc(C(=O)Nc3ccccc3C#N)n2)cc1,False
CCn1c(CNC(=O)c2nc(Cl)c(N)nc2N)[n+](CC2(CCc3ccccc3)CCN(C)CC2)c2ccccc21.CN1CCC(NC=O)CC1.COC=O,False
CCOC(=O)c1nc2sc3c(c2c(=O)[nH]1)CCOCC3,False
FC(F)(F)c1ccc(-c2cccc3[nH]ncc23)cc1,False
CC(=O)NC1C(OC2C(O)C(COC3OC(CO)C(OC4OC(COC5OC(CO)C(OC6OC(CO)C(O)C(OC7(C(=O)O)CC(O)C(NC(C)=O)C(C(O)C(O)CO)O7)C6O)C(O)C5NC(C)=O)C(O)C(OC5OC(CO)C(O)C(O)C5NC(C)=O)C4O)C(O)C3NC(C)=O)OC(OC3C(CO)OC(OCC4OC(OC5C(CO)OC(OC6C(O)C(CO)OC(OC7C(CO)OC(OCC(CO)NC=O)C(O)C7O)C6O)C(NC(C)=O)C5O)C(O)C(O)C4O)C(NC(C)=O)C3O)C2O)OC(CO)C(O)C1O,False
Clc1cccc(NC2=C(CNC3CCCCC3)CN3C=CC=CC3=N2)c1,False
O=C1NC2C3N1CN1C(=O)N4CN5C(=O)N6CN7C(=O)N8CN9C(=O)N%10CN%11C(=O)N%12CN%13C(=O)NC%14C%13N%13CN%15C(=O)N(CN%16C(=O)N(CN%17C(=O)N(CN%18C(=O)N(CN%19C(=O)N(CN3C(=O)N2CN%14C%13=O)C1C4%19)C5C6%18)C7C8%17)C9C%10%16)C%11C%12%15,False
CC=CC=C(C(=O)NCC(=O)Nc1nc(-c2cccc(C#N)c2)cs1)N(C)C,False
CC1CNCC(C)N(C(=O)OC(C)(C)C)C1.Cl,False
COc1ccccc1NC(=O)c1nnc2ccccc2n1,False
C1=CNNN=C1.O=S(=O)(F)c1ccccc1,False
CCCCC1CCC(C2CC=C(C#Cc3ccc(-c4ccc(OCCC)cc4)cc3)CC2)CC1,True
CCS(=O)(=O)c1c(-c2nc3cc(C(F)(F)F)nc(Cl)c3n2C)nn(C)c1C1CC1,False
COc1ccc(CCC(=O)NCCn2ncc3c(NCC(C)C)nc(SC(C)C)nc32)cc1,False
C=CCCN1CCNC(CC)(CC)C1,False
O=Cc1ccc(N2CCCCC2)cc1Cl,False
CCCc1ccc(OCc2ccc3c(c2)OCC(C=O)=C3)c(OC)c1,False
CCC(O)C[N+](C)(C)C,True
CC(C)c1ccc(-c2ccc3c(c2)N(O)C(=O)C(N)C3)cc1,False
Nc1ccccc1COc1ccc(-c2ccc([N+](=O)[O-])cc2)cc1,True
CN1CCOC(CNC(=O)c2ccc(O)cc2)C1.O=CNCC1=NCCC=C1,False
O=C(CCNS(=O)(=O)c1ccc2ccccc2c1)NCc1cccnc1-n1cncn1,False
COC(=O)c1ccc(Oc2ccc3c4ccccc4n(-c4cc(C)ccn4)c3c2)cc1-c1cnc(-c2cc(Oc3ccc4c5ccccc5n(-c5cc(C)ccn5)c4c3)ccc2C)cn1,False
CC1=C(C(=O)Nc2ccccc2)C(c2ccc(Cl)cc2)n2c(sc(=Cc3cc(Br)c(Br)o3)c2=O)=N1,False
NCc1ccc(Sc2ccc(F)c(F)c2)cc1Cl,False
COc1nc(-c2ccc(C(F)(F)F)cc2OC)c2ccc(SCc3ccccc3)cc2n1,False
CC(C)(C)S(=O)N=Cc1cccc2ccncc12.CC(C)(C)S(N)=O.CC(N)c1cccc2ccncc12.CC(NS(=O)C(C)(C)C)c1cccc2ccncc12.CCl.O=C(O)c1ccc(Br)nc1.O=Cc1ccc(-c2ccc(C(=O)O)cn2)cc1.O=Cc1ccc(B(O)O)cc1.O=Cc1cccc2ccncc12.[Br-].[CH3-].[Mg+2],False
CN(CCC1CCC1)C(=O)C=O,False
COc1cc(OC)c(C2(CC(=O)O)CC2)cc1OC,False
O=CC1(CCCC2CCCCC2)CCCCC1,False
CC(C)CC(NC(=O)OCC1c2ccccc2-c2ccccc21)C(=O)NC(CC(C)C)C(=O)NC(C)C(=O)NCC=O,False
O=Cc1c(O)ccc2ncccc12.[Na+].[OH-],False
Cc1cc(C)c(NC(=O)C2CCN(C(=O)c3ccco3)CC2)c(Cl)c1,False
CNC(=O)c1cc(Oc2ccc3c(c2)nc(Cc2ccc(Cl)c(-c4cccs4)c2)n3C)ccn1,False
CC=CCCC=CC(=O)SN1CCCC1,False
O=C1N(CCC2CCOC2)C(c2ccsc2)NC12CC2,False
CC(C)c1nnsc1C(O)c1cccc2ncccc12,True
CC1=C(C(=O)OC(C)C)C(c2ccc(NC(=O)COc3ccc(Cl)cc3)cc2)N2CCCSC2=N1,False
CC(C)OC12CC1(COCCCNC=O)CC1(OC(C)(C)C)CCOC12,False
CC(C)(C)C(O)(c1ccc(C(F)(F)F)cc1)C(F)(F)C(F)(F)F,False
CCCC(O)CNC(=O)C1c2ccccc2Oc2ccccc21,False
C.C.C.C.CC(C)(C)N1CCOC(c2cccc(O)c2)C1.CC(C)(C)N1CCOC(c2nccs2)C1.Cc1nc(C2CN(C(C)(C)C)CCO2)no1,True
CCn1ncc(NC(=O)C2CCN(S(=O)(=O)c3ccc([N+](=O)[O-])cc3)CC2)c1C(=O)N(C)C,False
C=CC.C=CC(=O)NCCCOC(C)C(COCCCNC)OCCCNC(=O)C=C.C=CC(=O)NCCCOCCC(COCCCNC=O)OCCCNC(=O)C=C.C=CC=O,False
CC1C(C)C(C)(CO)C1C,True
CCOC(=O)C(OC=O)c1cc2n(c(=O)c1C#N)CCC21OCCO1.IOSN1CCCC1,False
CC1(C)CC1NCc1coc2ccccc12,True
O=Cc1cc(C=C2C=Cc3ccccc32)c2cccccc1-2,False
CC(C)(C)OC=O.O=CC12CN1CCO2,False
CC(=O)N(O)CC(O)CC(=O)P(=O)(O)O.[Na+].[Na+],False
FC(F)c1ccc(CNc2ccsc2)cc1,False
CC1CCC(C(C)C)C(CC(=O)OC2(C(=O)O)OCCS2)C1,False
CCC=CCC=CCC=CCC=CCC=CCC=CCC=CCC=CCC=CCC=CCCCCCCC(=O)OC(CO)COC(=O)CCCCCCC=CCC=CCC=CCC=CCC=CCC=CCC,False
COC1(c2nccn2C)CN(C(=O)C2CCC3CCC4(CC4)CC(NC(=O)OC(C)(C)C)C(=O)N32)C1,False
Cc1cc(C)c(N(c2ccc(C=CC(=O)c3cc4ccccc4cc3C=O)cc2)c2ccc3c(c2)C(C)(C)C2=C3CCC=C2)c(C)c1,False
CC(=O)NC1CC(C)S(=O)(=O)c2sc(C)cc21,False
CCOc1cc(C=C2SC(=S)N(NC(=O)c3ccc(C)cc3Cl)C2=O)cc(Cl)c1OCc1ccccc1,False
CC(C)CC(C=O)COCc1ccccc1,False
COc1cc(-c2nc3sc(=Cc4ccc(-c5cccc(Br)c5)o4)c(=O)n3n2)cc(OC)c1OC,False
O=C(Nc1ccc2nc(-c3ccccc3)cc(N3CCC3)c2c1)C1COC1,False
CCOCCOCCOCCOCCOCCOCCOCCOCCC=O,False
CC(C)C1CCN(c2ccc3cc(C#N)c4nc5ccccc5n4c3n2)C1.N#CCc1nc2ccccc2[nH]1.O=Cc1ccc(Cl)nc1Cl,False
COc1cc(C=O)ccc1OCC(O)c1ccccc1,False
CC(=O)c1cccc(NS(=O)(=O)CCCO)c1,False
C=CC(=O)NCC1NC(=O)C(C)N(C)C(=O)CN(C)C(=O)C(CC)NC(=O)C(C(O)C(C)CC=CC)N(C)C(=O)C(C(C)C)N(C)C(=O)C(CC(C)C)N(C)C(=O)C(CC(C)C)N(C)C(=O)C(C)NC(=O)C(CC(C)C)NC(=O)C(C)N(C)C1=O,False
CC(C)(C)OC(=O)N(CCc1ccccc1)Cc1ccc(CC=O)cc1.CC(C)(C)OC(=O)N(CCc1ccccc1)Cc1ccc(CCO)cc1,False
Cc1cccc(C)c1OCCOc1ccc2ccccc2c1C=O,False
CC=CC=CC(=O)OCCC[Si](OC)(OC)OC,False
CC.CC.CC=CC(CNC(=O)C1=CC=CCC=C1)=NCC,False
CC=CC(C(=O)NC1=CC=CCC1)S(C)=O,False
NCOCCOCCC=O,False
Cc1nc(NCC2(N)CCN(c3ccncc3)CC2)nc(NC2CC(CO)C(Oc3nccc4sc(-c5c(C)nc(NCC6(N)CCN(c7ccncc7)CC6)nc5NC5(O)CCC(CO)C5Oc5nccc6sc(-c7c(C)nc(NCC8CCN(C)CC8)nc7NC7(O)CCC(CO)C7O)nc56)nc34)C2O)c1-c1nc2ccccc2s1,True
CCC=CCC=CCC=CCC=CCC=CCCCCCCCCCCCCCCCC(=O)OCC(COC(=O)CCCCCCCCCC)OC(=O)CCCCCCCCCC,False
CCC(CO)NC(=O)OC(C)(C)C,False
Oc1cc(C(F)(F)F)ccc1-c1ccc(CC2(O)CCCCC2)nn1,False
COc1ccccc1-c1cccc(C(=O)Nc2ccc(OCCN3CCOCC3)c3ccccc23)c1,False
C=CCOc1ccc2c(c1)C1C(CCCCO)C(CCCCO)C=C3C(=NOC)CC(n4nncc4C(=O)OC)C(OCC=C)(O2)C31,False
Cc1cccc(COc2ccc(-c3nccc(C(=O)O)n3)cc2C#N)c1,False
NC(=O)c1ccc(N)c(OCC2CCCC2)n1,False
C1=Cc2c(n(-c3ccc4oc5ccc(-c6cccc(-c7ccc8oc9ccc(-n%10c%11ccccc%11c%11ccccc%11%10)cc9c8c7)c6)cc5c4c3)c3ccccc23)CC1,True
CC(=O)N(CC(=O)O)C1CCCN(C(=O)c2cccc3c2OCCO3)CC1,False
O=C(CN1C(=O)SC(=Cc2ccc(C(=O)O)cc2)C1=O)Nc1ccccc1Cl,False
NC(=O)c1ccc[n+](Cc2ccc(Cl)cc2)c1.[F-],False
CC(=O)N1C(=O)C(C)N(C)C(=O)C1C,False
Cc1ccc(-c2csc(NC(=O)c3ccc(Cl)cc3)c2C(=O)OC(=O)c2c(-c3ccc(Cl)c(Cl)c3)csc2NC(=O)c2ccc(Cl)cc2)cc1C,False
COc1ccc(COc2ccc(CO)cc2)cc1C(=N)N,True
CCc1cccc(C)c1NCC1(C(=O)OC)CCC1,False
C=CCC(NC(=O)NC(C)C(=O)NCC(C)C)C(=O)O,False
C=CCOc1cccc(NC(=O)c2cccc(OCC)c2)c1,False
COc1ccc(NS(=O)(=O)c2cc(-c3cc(C)[nH]n3)oc2C)c(C)c1,True
CCOC(=O)C1=C=C(C=O)N(c2ccc([N+](=O)[O-])cc2C=O)C=N1,False
NC(=O)c1cccc(-c2cccc(C=O)c2)c1,False
O=CN1CCc2c(ccc3ccccc23)N1C=O,False
CC.CC1(C)CC(C=O)c2cnc3cc(Cl)nn3c21.CNc1cnc(-n2ncc(C(=O)OC)n2)c(Cl)c1,False
CC=CC(CCC)c1cc(I)cc(C2=CCCC=C2)c1,False
CCOc1nc(Cl)nc(SC2COC2)n1,True
CCc1c(C=O)nnn1-c1ccc(Cc2ccncc2)cc1,False
C=CC(c1cc(C)c(N2c3cc4c(cc3B3c5ccc(C(C)(C)C)[c-]c5N(c5[c-]cc(-c6cccc7c6oc6ccccc67)c[c-]5)c5[c-]c(C(C)(C)C)cc2c53)c(C=CC)c(C=C)n4-c2ccccc2)c(C)c1)=c1oc2ccccc2c1=C.[Os+2].[Os+2],True
Cc1cc(Cl)c2cc(C=O)[nH]c2c1,False
CCC(C)(C)C(=O)C(=O)N1CCCCC1C(=O)OC(CCc1ccc(C=O)c(OC)c1)c1cccc(NCCN)c1,False
O=C(NCCn1nccn1)c1ccc2ncsc2c1,False
c1cn(C2CO2)cn1,True
Cc1cc(C(=O)Nc2cccc(C(C)Cc3nncn3C)c2)nc(C2CC2)n1.Cc1cc(C2CC2)cc(C(=O)Nc2cccc(C(C)Cc3nncn3C)c2)n1.Cc1cccc2c1CN(c1cccc(C(C)Cc3nncn3C)c1)C2=O.Cc1cccc2c1CN(c1cccc(C3CC3c3nncn3C)c1)C2=O,False
COC1OC(COC(=O)c2ccccc2)C(OC2OC(COCC(=O)Cl)C(OC(=O)c3ccccc3)C(O)C2OC(=O)c2ccccc2)C(OC(=O)c2ccccc2)C1OC(=O)c1ccccc1,False
COc1ccc(CC(=O)NC(=S)N(C)c2ccccc2)cc1,False
CC1=C(C(=O)Nc2ccccc2)C(c2c(Cl)cccc2Cl)C(C#N)=C(N)O1,False
CC=CC(=O)NC(C)c1cc2cccc(OC)c2o1,False
CC(=O)c1cc(CN(C)CC2CCN(Cc3ccc(C)o3)CC2)cs1,False
CCN(CC)S(=O)(=O)c1cccc(C(=O)OC(C)C(=O)N2CCC(C)CC2)c1,False
Cc1ccc(OC(=O)Nc2cn[nH]c2-c2nc3ccc(CN4CCOCC4)cc3[nH]2)cc1,False
CC1CC(C)CC(NCc2ccccc2OC(C)C)C1,True
C=CC1=C(C=C)C2(c3ccccc31)c1c(-c3cccc(-c4nc(-c5ccccc5)nc(-c5ccccc5)n4)c3)cccc1-n1c2nc2ccccc21,False
COC1=CCC(C=O)=CC(OC)=C1OC,False
COc1cc(NC(=O)COC(=O)C(=Cc2ccccc2)NC(C)=O)cc(OC)c1,False
C=CC(C)CC(C=CC)=CC.C=CCSC(C=CC)=CC.COc1cc(C(C)=O)c(C)cc1OCCCOc1cc(C)c(C(C)=O)cc1OC,False
CC(O)(COC(=O)c1ccc(C=O)cc1)COC(=O)c1ccc(C=O)cc1,False
CCC(=O)COOC,False
CCS(=O)(=O)CCn1ncc(C=O)c1C,False
CCSCCCOCOC(C(CCC(=O)[O-])NC(C)=O)C(O)C(O)CNC(=O)Cc1ccc2ccccc2c1.[Na+],False
COC1CC(O)(C2(CN)CCC(C(C)(C)C)CC2)C1,True
OCC(O)CSCC(O)CO,True
CC(Cc1ccccc1)C12CC3CC(C1)C(O)C(c1ccccc1C=O)(C3)C2,False
O=S(=O)(O)C(CC1CCCCC1)C1CCCCC1,True
Brc1ccc2c(c1)C(Cc1ccncc1)(Cc1ccncc1)c1ccccc1-2,False
CCCCN(CCCC)c1ccc(-c2cc3cc(-c4nc5cc(C)ccc5o4)c(O)cc3o2)cc1,True
O=C(OC1(C2CC3CC2C2CCCC32)CCCC1)C1CC2C=CC1C2,False
CC(C)OC(=O)C(C)(C)Oc1ccc(C(=O)c2ccc(Cl)cc2)cc1.Cc1cc(O)c2c(c1O)C(=O)c1c(O)cc(C)c(O)c1C2=O,False
CC(C)c1nccc(N2CCN(c3nccn4nc(C(C)(C)C)cc34)CC2)n1,False
CNC(Cc1nccs1)C(C)C,False
CNCC(F)C(C)C,True
C=CC(=O)C1(OCC)CCCC(C)C1,False
CCC(C)(CO)NCCOc1cccc(Br)c1,True
CCCC(CCC)COC(=O)C(C)N(P(=O)(O)OCCN)P(=O)(O)OCC1OC(n2cnc3c(=O)[nH]c(N)nc32)CC1O,False
CCOC(=O)C1=C(C)N=c2sc(=Cc3cc(Cl)ccc3OCc3ccc(C#N)cc3)c(=O)n2C1c1cccs1,False
CC=CCCCCCC(NC(=O)OCC1c2ccccc2-c2ccccc21)C(=O)O,False
CC.COc1ccc(-c2ccc(OC)cc2)cc1,True
c1ccc(-c2nc(-c3ccccc3)nc(-c3ccc4c(c3)-c3cc(-n5c6ccccc6c6cc(-c7ccc8c(c7)c7ccccc7n8-c7ccc8sc9ccccc9c8c7)ccc65)ccc3C4)n2)cc1.c1ccc(-c2nc(-c3ccccc3)nc(-c3ccc4c(c3)-c3cc(-n5c6ccccc6c6cc(-c7ccc8c(c7)c7ccccc7n8-c7ccc8sc9ccccc9c8c7)ccc65)ccc3C4)n2)cc1,False
O=C(NCC1(O)CCC1)c1ccc2c(c1)[nH]c(=O)n2C1CCCC1,False
C=C(C)C=O.COc1ccc(-c2ccc(OCCO)c(OC)c2)cc1,False
CCC(C)C([NH3+])C(=O)NC(CCC(=O)[O-])C(=O)N1CCCC1C(=O)NC(C=O)CC(=O)[O-],False
CCC(C)N(CC(=O)O)C1CCCCCCCCCCC1,False
CCOC(=O)C(C)(C)Oc1ccc(C(C)CNC(=O)c2cc3ccccc3cc2OCC(C)C)cc1,False
CN1CCCC1=NS(=O)(=O)c1cccc(NC(=O)c2ccc3c(c2)Cc2ccccc2-3)c1,False
COC1(C#N)CCC(CCc2ccccc2)CC1,True
CCCC12CCC1(C(C)CO)CC2=C(CC)C(CC(C)(C=O)CCNCCCNC(=O)OC(C)(C)C)OC(=O)CSc1ccc(CC(=O)NCCCNC(=O)OC(C)(C)C)cc1,False
O=C(CCSc1nnc2sc3ccccc3n12)Nc1ccccc1C(=O)c1ccccc1,False
CCc1ccncc1C(N)=Nc1ccc(C)cc1,False
COc1ccc2c(c1)C1CCCN(CCc3ccccc3)C1CC2,True
CCNC(CCCCN)C(=O)NC(C=O)CCCCN,False
Cc1cccc(-n2c(SC(C)C)nc3c([nH]c4ccccc43)c2=O)c1C,False
CC(=CC=C(C)C(c1ccc(C)c(C)c1)(C(F)(F)F)C(F)(F)F)C(C)C,False
C=C(N)NCCCC(C=O)NC(=O)Cn1c(C)ccc(NS(=O)(=O)Cc2ccccc2)c1=O,False
CCCN(CC(=O)O)CC(=O)Nc1cccc(I)c1.Cl,False
CCn1cc(Cc2cn(C)nc2-c2ncc(F)cc2C(C)O)c(Cl)n1.O=[N+]([O-])c1ncc(Br)cc1F,False
CC(C)n1cc2c(Cl)nc(NC(=O)c3ccccc3)nc2n1,False
CC(=O)N1CC(Nc2cncc(C(=O)NCC(O)CN3CCc4ccccc4C3)c2)C1,False
O=C(C1CNc2ccccc2C1)N1CCSCC1,False
CCOC(=O)CCCNC(=NC)NC(C)c1ccccc1,False
CCc1nc(CCNC(=O)CCC2CCNCC2)sc1C,False
NC(N)=NC(N)=Nc1ccc2c(c1)NCCNC2,False
FC(F)(F)Cc1ccc2ccccc2c1,True
COC(=O)N(C1CCCC1)C1CC1,False
CCCCCCCCCCCCCCCCC=CC(O)C(CO)NC(=O)CCCCCCCCC=CC=CCCCCCOC(=O)CCCCCCCCCCCCCCCCCCCCC,False
COC(=O)c1c(O)c2c(c(-c3c4c(c(O)c5c(OC)cc(OC)cc35)COC(C)C4OC(C)=O)c1C=C(OC)C(=O)O)C(O)C(C)OC2,False
CC(=O)NC1C(OCCOCCOCCOCC(=O)NC(CCCCNC(=O)COCCOCCOCCOC2OC(COC(C)=O)C(OC(C)=O)C(OC(C)=O)C2NC(C)=O)C(=O)NC(CCCCNC(=O)COCCOCCOCCOC2OC(COC(C)=O)C(OC(C)=O)C(OC(C)=O)C2NC(C)=O)C(=O)O)OC(COC=O)C(OC(C)=O)C1OC(C)=O,False
CN1CCN(C(=O)C(c2ccccc2)n2cnc3ccccc32)Cc2ccccc21,False
C=C(OC)O[Si](C)(C)C(C)(C)C.CC(C)n1ccc(C=O)n1.COC(=O)CC(c1ccn(C(C)C)n1)N1CCCN(c2c(OC)ccc3cccnc23)CC1.COc1ccc2cccnc2c1N1CCCNCC1,False
CC(NC(=O)C[NH+](C)Cc1ccccc1)c1ccc2c(c1)CCCC2,False
COCCN(CC1CCCN1)C(=O)CCn1ccnn1,False
C=c1[nH]c(=O)c(=Cc2cn(CCC)c3ccccc23)[nH]1,False
CC1(C(=O)O)CCC1(Cl)Cl,False
C=C(CC(S)C(=O)O)N=CC,False
COc1nc(OC)c(C=O)cc1C=O,False
O=COC1CC2CC1C1CC=CC21,False
CCc1c(C(=O)O)c(C=O)n(Cc2ccccc2)c1-c1ccc(OC)cc1,False
C=CCON1C(C)(CC)CC(=O)N(CC=C)C(C)C1(C)CC,False
Oc1ccc2c(c1)CCCC(c1cccc(F)c1)=C2CCCCCBr,False
CC(C)(C)OC(=O)NCC(=Cc1ccccc1C(=N)N)B1OC(C)(C)C(C)(C)O1,False
C1=CN(c2c3ccccc3cc3ccccc23)Cc2ccccc21,False
CCc1cc(-c2ccco2)cc(-c2ccccc2)n1,True
CC(C)(C)OC(=O)N1CC=C(c2ccc(NC(=O)c3cc(N4CCN(C(=O)OC(C)(C)C)CC4)cs3)cc2)CC1,False
N#CCn1cc(-c2ccc(OCc3ccccc3)c(C=O)c2)cn1,False
CC1CC1C(=O)N(C)C1CCCc2ccccc21,False
CCCCCC(O)O.Cc1cccc(C)c1N,True
CCCOC(=O)c1ccc(OCC(=O)NNC(=S)NC(=O)C=Cc2ccc(OC)c(OC)c2)cc1,False
CN1CCCCC1c1ccccc1C=O,False
O=P(O)(O)C(N([O-])CCO)P(=O)(O)O,True
CC1=CCC(C)C(c2ccc3c(c2Nc2ccc4c(c2)C(C)(C)c2ccccc2N4c2ccccc2)C2(c4ccccc4-c4ccccc42)c2ccccc2-3)=C1,False
O=C(CCOc1ccccc1)CCc1cccc(C(O)Cc2ccccc2)c1,False
Cc1ccnc(-c2nc(-c3ccccc3C)ccc2C)n1,False
C=C(C)C(=O)OCC[N+]1(C)CCOC(=O)C1,False
CC(=O)c1ccc(NN=C(C)C)nc1.CC(C)=NNc1ccc(C(=O)OC2C(=O)CCC2=O)cn1.COB(I)NC(=O)c1ccc(C=NNc2ccc(C(C)=O)cn2)cc1.COB(I)NC(=O)c1ccc(C=O)cc1.COB(N)I.N=S.N=S.O=Cc1ccc(C(=O)OC2C(=O)CCC2=O)cc1,False
CCOc1ccc(C(C(=O)C(C)(C)C)(c2ccccc2)n2cncn2)cc1,False
CC(C)=CC(=O)NC=CC(C)=CC(C)C1CC(C)=CC=CCCC(OC(N)=O)CC=CC(O)CCCC=CC(=O)O1,False
COc1ccc(-c2[nH]c3ccc(S(=O)(=O)N4CCCC4)cc3c2C=O)cc1,False
COc1ccc(C2CCCN2C(=O)Nc2ccccc2)c(OC)c1,False
Cc1cccc(C)c1CC(N)C1OCCC1C,True
CC1=NN(c2nc(C)cc(C(F)(F)F)n2)C(O)(C(F)(F)F)C1,False
CCCCCCCCCCCCCCCCCCN1C=CN(CCCCCCCCCCCCC)C1CCCCCC,False
CN=C(NCc1nccn1C(F)F)NC1CCN(c2c(F)cccc2F)C1.I,False
O=C(O)CCCC(C=Cc1ccccc1)c1c(O)c2c(c(C(C=Cc3ccccc3)CCCC(=O)O)c1O)OC(c1ccccc1)CC2=O,False
Nc1n[nH]c(S(=O)(=O)Cc2ccc([N+](=O)[O-])cc2)n1,True
CCC(Sc1cccc(NC(=O)C(=Cc2ccc(OC)cc2OC)NC(=O)c2ccccc2)c1)C(=O)Nc1ccc(NC(C)=O)cc1,False
CC(C)(Cn1c(N)nc2cc(I)ccc21)S(C)(=O)=O,True
COc1ccccc1OCCCNCC(O)c1ccc(O)c(NC=O)c1,False
Cc1ccc(-c2nc3sc(C(C)(C)C)nn3c2C=O)cc1,False
COc1c(Nc2cc(Cl)nc3c2nc(C2CC2)n3PI)cccc1-c1ncn(C)n1,True
CC(C)CN1C(=O)CCCC12CN(C(=O)C1(c3ccccc3)CCOCC1)CC2c1ccccc1,False
Cc1cc(N2CCOCC2)nc(N2CCN(C=O)CC2)n1,False
Cc1nc(Cl)cc(N2CCS(=O)CC2)n1,True
Cc1cccc(-c2cccc(NC(=O)C3CCCN3Cc3scnc3C)c2)c1,False
CCCCCCCCCC(=O)C(C(N)C=O)C(O)C(O)CO,False
COCOc1c(C[Si](C)(C)Cl)cc(C)cc1[Si](C)(C)C,True
CCC(C)c1cc2ccc3nc2n1CCCCCc1nccnc1C(=O)NC3C,False
O=S(=O)(Cl)c1nnc(-c2cncs2)n1-c1ccccc1,True
Cc1nc(-c2cccc(C(=O)N(C)C(CN(C)C)c3ccccc3)c2)c(C)[nH]1.O=CO.O=CO,False
O=C(Nc1cccc(-c2ccn[nH]2)c1)c1ccc([N+](=O)[O-])o1,False
NC(N)=NC(N)=Nc1ccc(Br)c(C(F)(F)F)c1,True
CC1(C)CCC2(C)CCC3C(C(=O)C=C4C5(C)CC(C(=O)O)C(=O)CC5CCC43C)C2C1.COC=O,False
CCN(O)C(=O)c1ccccc1C=CC=O,False
Cc1c(-c2ccc(OC3CCN(C4(C=O)CNCCO4)CC3)cc2)ccc2cccnc12,False
CCCc1c2c(cc(OC)c1OC)C(c1ccccc1)CN(C=O)CC2,False
O=Cc1nnc2ccc3nncn3n12,False
CC(C)=CCCC(C)=CCCC(C)CCc1cc(O)c(O)c(C=O)c1O,False
CC1CN(C)CCCN1c1ncc(C=O)cn1,False
C=CC=CC=CC.CC.CC.CN(CCC1(C)CN(c2ccc(C(=O)O)cc2)CC(=O)O1)Cc1cn(C)nc1C1C=CC(O)=CC1,False
[K+].[K+].[NH-]C=O.[NH-]C=O,False
CC=C(C=O)c1cc(OCc2c(Cl)cccc2Cl)ccc1C,False
Cc1sc(N(Cc2ccc3nccnc3c2)c2ccc(C#N)cc2)nc1C=O,False
C=CCNCC(=O)NCc1cnc(C)s1,False
C=CC(=O)CCC(=O)Nc1cccc(Nc2ncc(Br)c(NCCCNC(=O)C(C)(C)C(N)=O)n2)c1.CC(C)(C(N)=O)C(=O)NCCCNc1nc(Nc2cccc(NC(=O)CC(N)C(=O)N3CC4CC3C(=O)O4)c2)ncc1Br.CC1(C)OC2C(=O)OC(C(=O)CCC(=O)Nc3cccc(Nc4ncc(Br)c(NCCCNC(=O)C(C)(C)C(N)=O)n4)c3)C2O1.COC1=CC(=O)CC(C(=O)Nc2cccc(Nc3ncc(Br)c(NCCCNC(=O)C(C)(C)C(N)=O)n3)c2)C1,False
O=Cc1cccn1Cc1ccc2c(c1)CCC2,False
CC(C)(NC=O)c1ccc(I)cc1,False
[C-]#[N+]c1ccc2c(-c3cc(C(C)(C)C)cc(C)c3C)[n+](C)ccc2c1,False
Cc1ccc(O)c(C(=O)Nc2ccc(C(=O)O)nc2)c1,False
Nc1nc(Cn2cccn2)nc2sccc12,False
CC1(C)c2ccccc2-c2c(N(c3ccc4c(c3)C3(c5ccccc5Oc5ccc6ccccc6c53)c3ccccc3-4)c3ccc4ccccc4c3)cccc21,True
CN=C(NCCN(C)C(C)C)NC1CCN(c2cc(OC)cc(OC)c2)CC1,True
N#CC(=Cc1cc(Cl)c2c(c1)OCCCO2)C(=O)Nc1ccc(N2CCOCC2)cc1,False
O=C1Nc2ccccc2Oc2ccccc21,False
CCCCCC(C(=O)NCNC(=O)c1cccc(-c2ccc(C(=O)NC(CC(=O)OC)C(=O)OC)c(C)c2)n1)C(CC)N(O)C=O,False
COCc1nn(COC)cc1C=O,False
Cc1cc(C2CN(c3c(Cl)cccc3Cl)C2)cc(C)c1CN1CCC(C(=O)O)C(C)C1.O=CO,False
Cc1ccc(C)c(NS(=O)(=O)c2cn(-c3ccccc3)nc2-c2cccs2)c1,True
CCCNC1CCN(C(=O)c2cccc(O)c2O)CC1,False
CC=Cc1ccccc1OCC(Br)C(F)(F)F,False
Cc1c(C(=O)Nc2ccc(Cl)cc2)oc2c1C(=NNc1ccccc1)CC(C)(C)C2,False
C=CC=C(CCCCC=CC(=O)OCC)O[Si](C)(C)C,False
CCCCCCCCP(C)(C)(C)O,True
O=COCC(OC1CC1)c1cncs1,False
CNC(=O)Nc1cccc(-c2cnc3cc(-c4cccc(C(=O)N5CCOCC5)c4)ccn23)c1,False
CC(C)(C)OC(=O)N1CCC(C=Cc2c(C=O)oc(CN3Cc4ccccc4C3)cc2=O)CC1,False
CC(NC(=O)c1cccn1C(=O)C(c1cc(OCC=O)no1)C(C)C)c1ccc(C#N)cc1,False
O=c1cc[nH]cc1.c1cnnnc1,False
CC(C=O)CCCCC(C)C(C)(C)C,False
N=C(c1ccc(OC2CCN(C3COC3)CC2)cc1)c1cc(C=O)ccc1N,False
CC(C)c1ccc(C(C)(C)CN)cc1Br,False
C#CCC(CC)NCCc1ccc2c(c1)CCO2,True
CCCCCCCCCCC=CCCCCCCCC(O)CC(=O)NC(COP(=O)(O)OCCN)C(O)CCCCCCCCCCCCCCCCC,False
CS(=O)(=O)NCCc1nc(-c2ccccc2Cl)no1,True
CN(C(=O)c1cc(Br)ccc1Cl)c1ccccn1,False
CCC(CC(C)CC=O)c1ccccc1,False
O=Cc1ccc(-c2ccnc3c2ccn3Cc2ccc(C(=O)O)cc2)cc1,False
O=S([O-])c1cccc(CCl)c1.[Na+],True
CNC(=O)Nc1cccc(-n2nnnc2C(=S)S)c1,False
COc1ccccc1-c1nnc(SCC(=O)NCCc2cccs2)n1-c1ccccc1,False
FC(F)(F)C(F)(OC1CC1)C(F)(F)F,False
CCOC(=O)N1CCC(C2c3ccc(Cl)cc3C([N+](=O)[O-])=Cc3cccnc32)CC1,False
Cc1cc(C)c(C(=O)OCc2cncc(Br)c2)cc1N,False
COC(=O)c1cccc(-n2c(C)cc(C=C(C#N)C(=O)NCCCc3ccccc3)c2C)c1C,False
O=c1ccc2cccnc2n1OCCCCN1CCN(c2cccc(Cl)c2Cl)CC1,False
CCN(C(=O)C1CCN(CC=O)C1)c1ccc(N)c(C(=N)c2ccc(OC(C)C)nc2)c1,False
Cc1cc2c(n1CCN(C=O)c1nccc(-c3cc(Nc4ccc5[nH]cnc5n4)c(=O)n(C)c3)c1CO)CCCC2,False
CN=C(C=C(N)C1CCC(C=O)CC1)C(=O)OC,False
CC(C)(O)O.CN=C(N)C=CN(C=O)C1OC(CO)CC1C,False
CC[n+]1cc(NC(=O)CSC2=NC(=Cc3ccccc3Cl)C(=O)N2c2ccccc2)on1,False
FCCOc1ccc(C2=NC3C=C(N4CCC4)C=C[N+]3=C2)cc1,False
C1=CC2=C(c3ccc4c5ccccc5c5nccnc5c4c3)CCCC2C(c2cccc3c(C4=C5C=CC=C(n6c7c(c8ccccc86)C=CCC7)C5CC=C4)cccc23)=C1,False
CC(CNC(C)C)CN1CCc2ccccc2CC1,False
COc1ccc2c(c1)nnn2CC(C)(S(C)(=O)=O)S(C)(=O)=O,True
CCCCCOc1ccccc1C=C1N=C(c2cccc(Br)c2)OC1=O,False
COC1CN(S(=O)(=O)c2c(CO)n[nH]c2C)CCC1C,True
C=C1CC23CCC4C(C)(C(=O)NNC(=O)c5ccncc5)CCCC4(C)C2CCC1(OC1OC(COC(=O)O)C(OC(=O)O)C(OC(=O)O)C1OC1OC(COC(C)=O)C(OC(=O)O)C(OC(=O)O)C1OC(=O)O)C3,False
CCCn1nncc1C(=O)C(C)(C)c1ccccc1,False
CN(CC(=O)O)C(=O)COc1cccc2c1N=C1NC(=O)CN1C2,False
O=Cc1cc(=O)[nH]cc1OCC1CCCCC1c1cccnc1Cl,False
COc1ccc(-c2csc(NS(=O)(=O)c3cccc(Cl)c3C)n2)cc1,True
CCOC(=O)C1=C(COC(=O)COc2ccccc2C=O)NC(=O)NC1C,False
CCCCCCCCNC(=O)CCCOc1cccc2c1C(=O)N(C(CCC=O)C(=O)NC)C2=O,False
CCC(C)N(CC(=O)N(Cc1ccccc1)Cc1cccs1)C(=O)NC1CCCCC1,False
CNC(=O)C(N1Cc2c(OCc3ccc(C(O)(O)N4CCOCC4)cc3)cccc2C1=O)C(O)(O)C(O)(O)C=O,False
C=CC=CC(=CC)c1cccc(I)c1,False
CN(C)Cc1cc(C(=O)Nc2cccc(O)c2)ccc1-c1ccccc1.Cl,False
C1=CCC1.C1=CCCC1,False
C#CCNC(=NCCc1csc(CC)n1)NCC,False
COc1cc(OC)nc(NC(=O)COC(=O)C(CCSC)NC(=O)c2ccccc2)n1,False
CNSc1cc(-c2nccnc2Sc2ccc(OC(F)(F)F)cc2)ccc1O,False
CCCCCC(CN(O)C=O)C(=O)N1CCCC1c1nc2ccccc2[nH]1,False
O=Cc1c(Cl)nc(Nc2ccc(S(=O)(=O)NCCO)cc2)nc1Cl.O=S(=O)(NCCO)c1ccc(Nc2nc(Nc3ccc4[nH]ncc4c3)c3cn[nH]c3n2)cc1,False
Cc1cc(Cl)ccc1NC1CCCC1S(C)(=O)=O,True
Clc1cc2ncn(-c3ccc(-c4nc5ccccc5[nH]4)cc3)c2cc1Cl,False
CC(COC(=O)CCCCC(=O)O)(C(NCCC=O)C(=O)O)S(=O)[O-],False
C=C1CN2CCC1C(=O)C2c1cccnc1,False
CC1(C)CC(O)(c2nccc3ccccc23)Cc2ncoc21,True
Cl.NCC1OCCc2cscc21,True
CC(C)(C)OC(=O)CCCCCCCCCCCCCCCCCCC(=O)NC(CCC(=O)ONC(CCC(=O)NCCOCCOCC(=O)NCCOCCOCC(=O)O)C(=O)OC(C)(C)C)C(=O)OC(C)(C)C,False
COc1ccc(C=O)c(N)c1OC,False
CC1CC(c2ccc3c(c2)[nH]c2c(C(N)=O)cnc(N4CCCC5(CCNC5=O)C4)c23)CCN1C(=O)O,False
CNC(=O)c1ncn2c1CN=C(c1ccc(Cl)cc1)c1cc(Cl)ccc1-2,False
COC(C)C(C)Nc1cnn(CC2CCCO2)c1,True
CC(C)N1CC(C=O)(C(C)C)C1,False
O=C(c1cc(Br)ccc1Br)N1CCCCC1C1CCCN1,False
CC[NH+](CC)CCC[NH2+]Cc1nc2c3c4c(sc3ncn2n1)COC(C)(C)C4,True
CC(NC1CCSC1C)C1CCOCC1,True
COc1cc2c(Oc3ccccc3NS(=O)(=O)c3ccccc3)ccnc2cc1OCCC(N)C(=O)O,False
COC(=O)COc1ccc(C(=O)NC(=O)Nc2ccc(C(N)=S)cc2)cc1,False
CC=NC=Cc1coc2c(O)ccc(C(=O)C(C)C)c12,False
CNC(=O)OC(c1cccc(-c2ccc(C=O)cc2)c1)C(C)(C)C,False
CN(C)[C]1[CH][CH][CH][C]1[Si](C)(C)C,False
CC(C)(C)NCc1ncc(-c2ccc(C(C)(C)C)cc2)[nH]1,False
CC(=O)C(Cc1ccccc1)OO,False
Brc1ccccc1.Clc1c(Br)cccc1Br.Clc1c(N(c2ccccc2)c2cc(-c3cccc4ccccc34)cc(-c3cccc4ccccc34)c2)cccc1N(c1ccccc1)c1cc(-c2cccc3ccccc23)cc(-c2cccc3ccccc23)c1.Nc1cc(-c2cccc3ccccc23)cc(-c2cccc3ccccc23)c1.Nc1cc(Br)cc(Br)c1.OB(O)c1cccc2ccccc12.c1ccc(Nc2cc(-c3cccc4ccccc34)cc(-c3cccc4ccccc34)c2)cc1.c1ccc2c(c1)B1c3ccccc3N(c3cc(-c4cccc5ccccc45)cc(-c4cccc5ccccc45)c3)c3cccc(c31)N2c1cc(-c2cccc3ccccc23)cc(-c2cccc3ccccc23)c1,True
NCCCN(C=O)C(=O)NC1CCCCC1,False
CCC=CC(O)C1CCC1CN1CC(c2ccc(Cl)cc2CCC)COc2ccc(C(=O)NS(=O)C(C)C)cc21.COc1ccccn1,False
C=C(C)C1=CC=CC(C(C)(C)OC#N)=CC1,True
Cc1ccccc1NCc1ccc(F)cc1C(F)(F)F,False
CCCCCC=CCCCOC(=O)OCCCCCBr,False
O=C(C(c1ccccc1)n1ccc2[nH]ncc2c1=S)N1CCC(c2ccccc2)CC1,False
O=CCC1NCCNC1=O,False
O=CN1CCN(c2ccc(SC(CCc3ccc(Cl)cc3Cl)Cn3ccnc3)cc2)CC1,False
Cc1ccc2nc(C(C#N)=Cc3ccc(OCc4ccccc4C#N)c(I)c3)[nH]c2c1,True
CNC(C)C(O)c1ccc2c(c1)OCO2,True
O=CNc1ccc(OC(CCc2ccccc2)Cn2ccnc2)cc1,False
CCCc1nccn1-c1cccc(F)c1CCN,False
CC.CCCC(=O)CC(C)Oc1ccc(-n2c(CC)nc(CCC)c(Cc3ccc(C4=CC=CCC=C4C(=NC)NOC=O)cc3)c2=O)cc1,False
Cc1csc(CC(NN)c2ccc(Cl)cc2N)n1,False
Cc1nccn1-c1ccc(C(C)Nc2ccc(NN)c(N)n2)cc1F,False
CC(CC(N)=NO)N(C)CC1CCCCC1,True
CC1(C)C(=O)CC2CC3CCCC3C21,False
CNC(=O)COc1ccc(C(NC(=O)C(N)CCCc2ccc(OCCCCNC(=O)OC(C)(C)C)cc2)c2ccc(OC)cc2OC)cc1,False
CCCCCC[Si](CCCCCC)(CCCCCC)CCCOCCOC(=O)CCN(CCC[Si](C)(OCC)OCC)CCC(=O)OCCOCCC[Si](CCCCCC)(CCCCCC)CCCCCC,False
Cc1ccc(N(CC(=O)N(Cc2ccccc2C)C(Cc2ccccc2)C(=O)NC2CCCCC2)S(=O)(=O)c2ccccc2)c(C)c1,False
CC(C)N1CCN(C(=O)c2coc(CN3CCCCC3)n2)CC1,False
COc1ccc(C(=O)CCn2ccnc2C(C)C)c2c1CCCC2,False
COc1ccc(Cl)cc1C1NCCc2cc3c(cc21)OCCO3,True
CC1(C)OC(=O)N(c2cccc(CCC=O)c2)C1c1ccccc1,False
CC(C)C=O.CCN(CCOC)C(C)C,False
CCC(c1ccc(NC)c(N)c1)c1ccc(C)c(CN(C)Sc2ccccc2)c1.O=CO,False
CCCCCCCCCC(O)[PH+]([O-])[O-],True
CC=NS(=O)(=O)OC,True
O=[N+]([O-])c1cccc(CNC2CC(O)C2)c1,True
CC(C)CNC(=O)c1ccc(-c2cc3c(cc2C(=O)Nc2ccc4[nH]ccc4c2-c2cccc(CC=O)c2)-c2sccc2CO3)c(C(=O)O)n1,False
CC(C)(C)OC(=O)NCC(C)(C=O)S(C)(=O)=O,False
CCOc1cccc(NC(=O)c2cccc(S(=O)(=O)N3CC(C)CC(C)C3)c2)c1,False
CC1=CSc2ncccc2C(=O)O1,False
CC=C(CC(N)c1cc(C(=O)O)cc(-c2ccc(N(CCC)CCC)cn2)n1)C(=O)O,False
O=CC1=CCC2=C3C=CC(=C12)C3,False
C1=CC(=Nc2ccccc2)C=CC1=NSc1ccccc1,False
CCCc1ccccc1NC(=O)NCC(O)c1ccco1,False
CCC(=O)c1cc(C(=O)C=Cc2ccc(Cl)cc2)ccc1O,False
CCc1noc(COC(=O)c2[nH]c(C)c(C(C)=O)c2C)n1,False
C=CC(=O)Nc1cccc(-c2ccc(C(N)=O)c3[nH]c(-c4cn(C)nc4C)cc23)c1C,False
CC(C)(C)n1c(-c2nc(C#N)ccc2F)nc2cc(-c3cnc(N)nc3)ccc21,False
C=C(NC)Nc1cccc(C=O)c1,False
CCOC(=O)c1cc(C(C)C)n(-c2ccc(C(=O)NCCCCc3ccccc3)cc2)n1,False
COc1cc(N2CCNCC2)ccc1Nc1nc(Nc2ccccc2S(C)(=O)=O)c2ccccc2n1,True
CN(c1ncnc2[nH]ccc12)N1CCCC(CCC(=O)CC#N)C1.CN(c1ncnc2[nH]ccc12)N1CCCC(CN)C1,False
COc1ccc(S(=O)(=O)NCC(N)C2CC2)cc1Br,True
CCC=NC1OCCC(CCC#N)O1,True
COCC1(N(CCC=O)c2ccccc2)CCNCC1,False
CC=CCCNC(C)c1ccc(C)c([N+](=O)[O-])c1,True
CCC(=C(c1ccc(O)cc1)c1ccc(OCCN(C)Cc2cnc([N+](=O)[O-])n2C)cc1)c1ccccc1,True
CCn1ncc2c(C(=O)N(CC(=O)OC)C3CCOCC3)cc(-c3ccccc3)nc21,False
CCOC(=O)CCn1cc[nH]c1=O,False
Cc1cc(C(=O)Nc2cccc(Cl)c2C)c(C)s1,False
Nc1cc(-c2cc(C(=O)O)cc(C(=O)O)c2)cc(-c2cc(C(=O)O)cc(C(=O)O)c2)c1,False
COc1ccc(C2=NN(C(=O)c3cccc(C(=O)c4cccnc4)c3N)CCC2)cc1OC,False
O=S(=O)(NCCCc1ccc(N2CCCC2)cc1)c1ccc2c(c1)CCCC2,True
Cc1ccccc1C(=O)NCC(=O)NCC(c1ccc(Cl)cc1)N1CCc2sccc2C1,False
COCCNC(=O)C(C#N)=c1sc(=Cc2ccc(C(C)(C)C)cc2)c(=O)n1-c1c(C)cccc1C,False
CCOC(=O)c1ccc(NC(=O)CCC(=O)c2cccs2)cc1,False
c1ccc2c(c1)OC1(CCC1)c1ncncc1-2,True
Cc1cc(F)ccc1OCc1cccc(N)n1,False
CCCCCC1CCC(c2ccc(OCc3ccc(C4CCC(C5CCC(CCC)CC5)CC4)cc3)c(F)c2F)CC1,False
Cc1ccc(S(=O)(=O)n2cccc2C=O)cc1,False
COc1cnn(C)c1C(N)CC1CCCCCC1,True
Cc1cn(CC(=O)O)c(=O)nc1OCCOc1nc(=O)n(CC(=O)O)cc1C,False
CCCc1cc(=O)oc2c(C)c3c(cc12)CN(c1c(C)cc(C)cc1C)CO3,False
O=Cc1ccc(-c2ccc3n[nH]c(Br)c3c2)o1,False
COc1ccc(Nc2cncc(NN)n2)cc1Cl,True
Cl.Fc1ccc(C2CC[Si-]CC2)cc1F.[CH3-].[Mg+2],False
CCCC(CCOCCOS)OC(C)C,True
COc1ccc(-c2nc3c([N+](=O)[O-])cccn3c2C=O)cc1,False
C=CC(=O)N1CCCC(Cn2ccc3ncnc(-c4cccc(Oc5ccccc5C=CC(=O)N5CC(n6ccc7ncnc(Oc8cnn(Cc9ccccc9)c8)c76)C5)c4)c32)C1,False
O=S(=O)(NCCc1cnc[nH]1)c1ccc(F)c(F)c1F,False
CCCCOCCOC(=O)C1(C(=O)OCCOCCCC)OC=CO1,False
CCCCN1C(=O)C(=NC(C)=O)N(CCCC)C1=O,False
CNS(O)(O)CCC=O,False
COc1c(Cl)cc(CCCN(C)C)cc1Cl,True
CC(=O)C1=C(O)C(=O)N(CCc2c[nH]c3ccccc23)C1c1ccccn1,False
O=Cc1cc(Br)cn1-c1c(Cl)cncc1Cl,False
Fc1cnc(N2CCOC3CN(Cc4ccc(Cl)c(F)c4)CC32)nc1,False
CCC(CC)C(NC(C)=O)C1C(N=C(N)NC(=O)OCOC(C)=O)CC(C(=O)OC)C1O,False
COc1cc(O)c(C=O)cc1OC(C)C,False
O=CC=Cc1cc2ccccc2cc1C=CC=O,False
CC(=NNC(=O)CN(c1cc(Cl)ccc1C)S(=O)(=O)c1ccc(C)cc1)c1cccc(I)c1,False
Cc1cc(N=Nc2c(S(=O)(=O)O)cc3cc(S(=O)(=O)O)c(N=Nc4ccc(S(=O)[O-])cc4)c(N)c3c2O)c(S(=O)(=O)O)cc1F,False
CC=C1OCOC1=C(C=CC1CC(C)N(CN(C=O)CCC)C1)C1CCC1,False
COCCNC(=O)CNC(=O)c1sccc1N,False
CCS(=O)(=O)N(CC(=O)OC(C)C)c1ccc(C)cc1,False
CCC(C(=O)NC(C)C)N(Cc1ccccc1)C(=O)CN(c1cccc(C)c1)S(C)(=O)=O,False
CCn1ccnc(NCC2(c3ccncc3)CCCCC2)c1=O,False
CC(N)c1ccc(NC(=O)C23CCCCC2CNC3)cc1,False
C=CCOP(=O)(OCC=C)OC(Cn1cnnn1)(c1ccc(F)cc1F)C(F)(F)c1ccc(C#Cc2ccc(OCc3ccc(C#N)cc3)cc2)cn1.N#Cc1ccc(COc2ccc(C#Cc3ccc(C(F)(F)C(Cn4cnnn4)(OP(=O)(O)O)c4ccc(F)cc4F)nc3)cc2)cc1.N#Cc1ccc(COc2ccc(C#Cc3ccc(C(F)(F)C(O)(Cn4cnnn4)c4ccc(F)cc4F)nc3)cc2)cc1,False
NCCNc1ccc(Nc2cc(S(=O)(=O)O)c(N)c3c2C(=O)c2ccccc2C3=O)cc1S(=O)(=O)O,False
Cc1ccc(S(=O)(=O)N(CCc2ccccc2C)Cc2cc3ccc(C)c(C)c3[nH]c2=O)cc1,False
C=CC=CC(=CC=C)C1(c2ccccc2)C(=CC)C(=CC)C(C=CC)=C1C,False
CN.Cc1nnc(C2CCCCC2)o1,True
C=CCC(C=C)OC=O,False
C=CC=NC(=CC)c1nc(C(C)=O)n2ccncc12.CC,False
Cc1ccc2cc(CC=O)ccc2n1,False
CC(C)(C)C1CCC(CNC2CC2)C(c2sccc2Cl)C1,False
CNCCN(C)C(=O)C(NC(=O)Cc1ccc2ccccc2c1)C(C)C,False
CCCC(=C(Oc1ccccc1)c1ccccc1)c1ccccc1,True
[C-]#[N+]c1ccc(-c2ccc3ccccc3c2)c2oc3c(-c4cc(F)c(C)c[n+]4C)c(C)ccc3c12,False
C=C(C=CC1CC1)C(C)=NC1=C(C)C=CC(c2ncc(-c3ccc(C=O)cc3)o2)C1.CC.CC1CCCCC1,False
O=C(COc1ccc2ccccc2c1)Nc1nc2ccc(Cl)cc2s1,False
CC(CC(N)=O)c1c(O)ccc(OS(C)(=O)=O)c1I,False
O=C(NCc1nc(-c2ccccc2)no1)c1ccc(CN2CCCC2)cc1,False
Cc1cc2c(cc1C)C(N)=NSC2.Cc1cc2c(cc1C)NCC2.Cc1cc2c(cc1C)NCC2,False
O=CNc1cc(Cl)ccc1N1CCN(C(=O)C=Cc2ccccc2)CC1,False
N#CCCCc1ccc(O)c(CO)c1,True
CCCOC1CCCN(C2CCC2CNCC(C)C)C1,True
COc1cccc(-c2cc(CNC(=O)c3cccs3)no2)c1,False
CCOCCCCCn1cnc2nc(Nc3ccc(C)c(CC)c3)[nH]c(=O)c21,False
C.C=CCC(Cc1ccccc1)C(C)C,False
c1ccc(N(c2ccc3c(c2)oc2cc4cc5c(cc4cc23)oc2cc(N(c3ccccc3)c3ccc4c6cc7ccccc7cc6n(-c6ccccc6)c4c3)ccc25)c2ccc3c4cc5ccccc5cc4n(-c4ccccc4)c3c2)cc1,True
COC(=O)C(C)c1ccc2cc(OCC(Br)C=O)ccc2c1,False
CC(=CC(=O)O)Sc1c[nH]c2ccccc12,False
FC(F)(F)c1cc(CNc2ccc3c(c2)NC=NC3)ccc1Oc1ccccc1,False
C#CCCC(NC)c1cc2cc(F)ccc2s1,False
O=Cc1cccc(OCC(=O)N2N=C(c3ccc(Cl)cc3)CC2c2ccco2)c1,False
C=CCOC(=O)NC(C(=O)NC(C)C(=O)Nc1ccc(COC(=O)Nc2cc(OCc3cc(C(=O)OC)cc(COc4cc5c(cc4OC)C(=O)N4CC(=C)CC4C(OC4CCCCO4)N5C(=O)O)n3)c(OC)cc2C(=O)N2CC(=C)CC2CO[Si](C)(C)C(C)(C)C)cc1)C(C)C,False
O=Cc1c(OCc2ccc(Cl)cc2)nc2sccn12,False
CCC(C)C(O)CNC(=O)c1cnc2sc(C)c(C)n2c1=O,False
C=CC.CC.CC(=O)NOC1CCCCO1,False
Cc1cc2cccnc2cc1-c1ccc(C=O)o1,False
CN=C(NCC1(c2ccc(F)cc2)CCCCC1)N1CCC(N2CCOCC2)C1.I,False
CS(=O)(=O)CC1(CNCc2cscn2)CC1,True
CC(C)c1nc(-n2cnn(-c3cccc(-c4ccccc4)c3)c2=O)no1,False
CCc1occc1C(=O)Nc1ccc(CC(=O)O)nc1,False
CCCN1CCC(NC(=O)c2[nH]c(C)c(C(=O)OC)c2C)CC1,False
CC(C)(CNC(=O)COCCN)N1CCOCC1,False
CC12CC=C3C(CCC4CCC(O)=C(O)C34C)C1CCC2,True
OC(Cc1ccn(C2CCCC2)n1)c1ccnc(Cl)c1,True
CC=CCC(C)C(O)C1C(=O)NC(CC)C(=O)N(C)C(CSCCCN2CCN(CC(C)(C)C)CC2)C(=O)N(C)C(CC(C)(C)O)C(=O)NC(C(C)C)C(=O)N(C)C(CC(C)C)C(=O)NC(C)C(=O)NC(C)C(=O)N(C)C(CC(C)C)C(=O)N(C)C(CC(C)C)C(=O)N(C)C(C(C)C)C(=O)N1C,False
Cn1c(SCC(=O)NC2CCCC2)nnc1C1CC1c1ccccc1,False
CCOc1ccc(C2c3c(-c4ccccc4O)n[nH]c3C(=O)N2C)cc1OC,False
Cc1nc2c(cnn2C(C)C)cc1C(=O)Nc1cccc(S(N)(=O)=O)c1,True
CC1Cc2c([nH]c(=O)n(-c3ccccc3)c2=S)O1,False
COCCSSCCOP(=O)(OCCSSCCOC)OCC1C=CC(n2cnc3c(OC)nc(N)nc32)C1,True
COc1ccc(CNC2CCC2)cc1,True
CCC(C)(C)C1CCc2nc3ccccc3c(C(=O)OCC(=O)Nc3nc(-c4ccc(OC)cc4)cs3)c2C1,False
CCCCCCC(C)(CCCCCC)CNC=O,False
COC(C)C1(C)N=C(C)OC(C)(C)C1(C)C,True
O=C1CCc2cc(OCc3cccc([N+](=O)[O-])c3)ccc21,False
C=C1NC(=O)C=CN1C.C=CC.CC1CO1,False
COCc1nc(Cc2ccc(C3C=CC(Cc4ccccc4)=CN3)cc2)nc(C)c1OCc1ccccc1,True
CC.CC=CC.CC=CSC(=C(C)C)c1ccccc1C.CCc1cccc(OC(C)CC)c1.O=CO,False
C=COOCOc1c(C)cc(C(C)(C)c2ccc(C(C)(c3cc(C)c(OCC(=O)OC)c(C=O)c3)c3cc(C)c(OCC(=O)OC)c(C=O)c3)cc2)cc1OC,False
C=C=C(C)C1CC(C(=O)CC)CC(C(C)C=O)C1,False
COc1ccc(NC(=O)c2ccc(Cl)cc2[N+](=O)[O-])cc1OCc1cccnc1,False
CC(=O)Nc1ccc(S(=O)(=O)NC(=O)NS(=O)(=O)c2ccc(NC(C)=O)cc2)cc1,False
CCC(C)=C(C=O)C=CC1=C(C)CCCC1=O,False
CCCn1cc(C=O)c(-c2c(C)nn(CCOC)c2C)n1,False
CC1CCC(C(C)C)C(OCc2ccc(CN)cc2F)C1,False
CN(CC(=O)N1CCNCC1)c1cccc(Br)c1C(N)=O,False
CCOc1ccccc1.COC(=O)CN.O=C(O)C(O)C(O)C(=O)O,False
CS(=O)(=O)N1CCc2oc(CCc3ccccc3)nc2C1,True
CC(C)CNC(=O)c1cccc(CSc2nc(N3CCN(C)CC3)cc(C(C)(C)C)n2)c1,False
CC.CC(C)(C)C(=O)O.CC(C)(C)C=O.CN(C=CC(=O)NC=O)C1CCC(N)(COP2OCCCO2)O1.CO.Clc1ccccc1,False
O=C1c2ccccc2C(=O)N1c1ccc([N+](=O)[O-])cc1C[P+](c1ccccc1)(c1ccccc1)c1ccccc1,False
CCc1cccc(-c2cc3scc(CC(=O)OC)n3c2C=O)c1,False
C=CNC(=CC)CCNc1cccc2c1C(=O)N(C1CCC(=C)NC1=O)C2=O,False
CN(C)C(C=O)c1ccc2c(c1)OCCCO2,False
CC(C)(C)C1=CC(=Cc2ccccc2O)C=C(C(C)(C)C)C1,True
CCCSCc1cccc([N+](=O)[O-])c1NC,True
CCCS(=O)(=O)Nc1ccc(Oc2ccc(-n3ccnc3C)nn2)cc1,True
NCCC1OC(=O)NC1CO,False
CN1CCN(C(=O)c2c3c(N4CCOCC4)ncnc3n3ccccc23)CC1,False
CN(c1csc(C=O)c1)C1CC1,False
CCN(C)c1ccc(C(=O)NCCc2csc(-c3ccc(C)cc3)n2)cc1,False
CCCCOc1cc(CCl)c(C=O)c(OCCCC)c1,False
O=CC1Cn2ccnc2S1,False
NCc1ccccc1Nc1cccnn1,False
O=Cc1cc(Br)ccc1C1CCSC1,False
C.C#CCC.CC=CCNCC.COC(=O)c1cccc(C)c1.SS,False
CCCCC1(NC(=O)CBr)C(=O)Nc2ccccc2C1=O,False
COc1ccccc1OC=CC(C)C,True
Cc1cc2c(cc1Cl)C(=O)CC1(CCN(C(=O)c3ccccc3I)CC1)O2,False
CC1(C)CNC(CF)CO1,False
C=CC=C(C=C)COc1cc(C=O)cc(OCc2ccccc2)c1,False
CC=CN(Cc1ccc2nc(N)[nH]c(=O)c2c1)c1ccc(C(=O)NC(CCC(=O)NC(CCC(=O)NC(CCC(N)=O)C(=O)O)C(=O)O)C(=O)O)cc1,False
COc1ccccc1-c1nnc(Cn2nc(-c3ccccc3)c3sc(C)nc3c2=O)o1,False
O=C1Nc2ccc(O)cc2C1=Cc1cnc[nH]1,False
CN(C=O)C(C[N+](=O)[O-])=NCc1ccc(Cl)nc1,False
CC(NC(=O)c1ccc(Cl)cc1O)C(=O)NC1CC1,False
CC1COCCC1C(O)Cc1ccccc1Br,True
C.CCC(=O)O.CCOC(=O)OC(C)Cl.CCOC(=O)OC(C)OC(=O)CC.CCOC(=O)OC(C)OC(=O)C[NH3+].[Cl-],False
CCCc1c(OCC(O)COc2ccc3c(=O)cc(OC=O)oc3c2CCC)ccc(C(C)=O)c1O,False
CCCCn1c(=O)[nH]c2ncn(CC(C)=O)c2c1=O,False
CC(C)(C)ONC(=O)CC1(Sc2ccc(Oc3ccccc3)cc2)CCCC1,False
CCC(C)C(NC(=O)NCCNC(C)=O)C(=O)O,False
O=C(OCCCN=C1NS(=O)(=O)c2ccccc21)c1ccc(Cl)c(Cl)c1,False
CC(C(=O)Nc1ccccc1C(=O)N1CCOCC1)C(N)c1ccccc1.Cl,False
CC1CC2CC(N)(C1)CC(C)C2Nc1ccc(N2CC(C)OC(C)C2)cc1,True
CC=CC(=O)N(C=O)CCCCCC(=O)NCC,False
CCCN(CCOc1ccc(SCC=O)c(C)c1)S(=O)(=O)c1ccc(C(C)(C)C)cc1,False
CCOC(=O)C(CCCl)NC(=O)OC(C)(C)C,False
c1ccc(-c2ccc(-c3nc(-c4ccc5ccccc5c4)nc(-c4ccc5oc6cc7nc(-c8ccc9cc(-c%10ccc(-c%11ccc(-c%12ccc(-c%13nc(-c%14ccccc%14)nc(-c%14c%15nc(-c%16ccc%17ccccc%17c%16)oc%15cc%15c%14oc%14ccccc%14%15)n%13)cc%12)cc%11)cc%10)ccc9c8)oc7cc6c5c4)n3)cc2)cc1,True
Oc1cccc2c1C1(CC1)CO2,True
Cl.Clc1ccsc1CN(Cc1nccs1)C1CC12CCNCC2,False
CC(O)C1ON(Cc2cccc(C=Cc3ccccc3)c2)C(C(=O)NCCc2c[nH]c3ccccc23)N1CO,False
COc1ccc(NC(=O)COc2ccc(S(=O)(=O)Nc3ccc(C)cc3)cc2C)cc1,False
O=COCCc1cc2ccccc2[nH]1,False
C=C(I)C1O[Si](C(C)(C)C)(C(C)(C)C)OCC1OC=O,False
OC=C=CO,True
O=Cc1ccc(S)c(-c2cccs2)c1.[Zn],False
C#CC.CC(=O)c1cc(N)ccn1,False
N#Cc1c(N)sc2c(F)cnc(-c3c4c(c5cnc(N6CC(N7CC(O)C7)C6)nc5c3F)COC4)c12,False
CC=CCC(C)OC(=O)CCCCC,False
O=Cc1cccc2ccccc12.P,False
CC1(NC(=O)c2n[nH]c(C(C)(C)C)n2)CCNCC1,False
COC(=O)C(CC(C)C)n1c(C)cc(C(=O)C(C)Cl)c1C,False
CCC(C)c1ncccc1-c1c(CC(C)(C)CCC=O)c2cc(-c3csc(CC(C)(C=O)N4CCCB4C)n3)ccc2n1CC,False
CCCCCC(O)C=CC1C(=O)CC(O)C1CC=CCCCC(=O)OCC(COP(=O)(O)OCC(O)COP(=O)(O)O)OC(=O)CCCCCCCCCCCCCCCCCC(C)C,False
Nc1cccc2c1CN(CC1CCCCC1)C2,False
C=C(C=CC(=C)C1CCC(C)(C)CC1)CCC.C=O.CC.CCC.CNC.CO,False
CCCC1CCCCN1Cc1ccc(C(=O)O)c(OC)c1,False
C#Cc1ccc2c(c1)-c1nc(C(N)=O)cn1CC(C(C)(C)O)O2.CC,False
COc1n[nH]c(C(=O)NCCCn2nc(C)c(Cl)c2Cl)c1[N+](=O)[O-],False
CCN(CC)CCCC(C)n1cnc2c(NCC(O)CN(CC)CC)ncnc21.Cl,True
C=CC(=O)O.CN(C)CCS(=O)(=O)O,False
CC=CC(=O)N1CCC(N(C)C)C(C)C1,False
CNC(C)c1cccc(F)c1Oc1cccc(Cl)c1Cl,False
Cc1ccc(-c2[c-]ccc3oc4c(c23)[Si](C)(C)c2ccccc2N4c2ccccc2)nc1.Cc1cnc(-c2[c-]cccc2)cc1C.[Ir],True
Cc1cccc(-n2ncc(C=O)c2C)c1,False
C.CN(C)c1ccc(N=O)cc1.CN(C)c1ccc(NO)cc1.CN(C)c1ccc([N+]([O-])=CC(=O)N(c2ccccc2)c2ccccc2)cc1.CN(C)c1ccc([NH-])cc1.Cl.Cl.O=C(CCl)N(c1ccccc1)c1ccccc1.O=C(C[n+]1ccccc1)N(c1ccccc1)c1ccccc1.O=C(Cl)CCl.O=C1C(=O)N(c2ccccc2)c2ccccc21.O=CC(=O)N(c1ccccc1)c1ccccc1.[Cl-].c1ccc(Nc2ccccc2)cc1.c1ccncc1,False
CCc1cc(C(=O)O)n(Cc2cc(C)ccc2C)n1,False
Cc1cc(Br)ccc1-c1cnc(N)s1,False
O=C(O)c1cccc(-c2cccc(C3CCON3)c2)c1,False
Cc1cnc(C(=O)N2CCN(C(C)C)CCCN(C(=O)CCc3ccccc3)c3ccccc3C2)cn1,False
CCOc1c(C=O)cc(O)cc1C(=O)O,False
O=Cc1ccccc1OCCCN1CCCC1,False
COc1cc(C)c2c(ccn2P)c1C=O,False
CCCS.CCCSC1=C(SCCC)C(=O)c2c(c(CC)nc3c2c(=O)n(C)c(=O)n3C)C1=O.CCc1nc2c(c3c1C(=O)C=CC3=O)c(=O)n(C)c(=O)n2C,False
COC(C)(OC)[SiH2]N=C=O,False
Cl.NCCNS(=O)(=O)c1cc(Cl)ccc1Cl,True
CC(=NC1(N(C=O)CC(=O)O)CCCCCC1)C1=CCC=CC1Cl,False
C#C.C=CC=CC.CC=C(SCNCC)Sc1ccc(C)c(C(=O)N(CCC(C)C)CCC(C)C)c1,False
COCCC(=O)N1CC2CN(Cc3cncc(OC)c3)CC2C1c1ccccc1.O=CO,False
C=CC(=NC1CC=Cc2c1nc1ccccc1c2C1=CCCC=C1)c1ccc2c3ccc(-c4ccc5ccc(-c6ccccn6)nc5c4)cc3c3ccccc3c2c1,False
N#Cc1ccc(COc2c(Br)cc(C=O)cc2Br)c(Cl)c1,False
COC(=O)c1ccc(Cl)c(CS(=O)(=O)c2ccc(C)cc2)c1.COC(=O)c1cccc(NS(=O)(=O)c2ccc(SC)cc2)c1.COc1ccc(NS(=O)(=O)c2ccc(I)cc2)cc1,False
Cn1cnc2cc(CCNCC(C)(C)O)ccc21,True
Cc1cc(C(Cl)Cc2ccc(C)c(C)c2)c(C)s1,False
O=Cc1ccc(OC2CNC2)cc1,False
C#CC.CC.CCN=CN=C(C)CC,False
Cc1nc(N)sc1S(=O)(=O)NCc1ccc(F)cc1F,False
CCCCC=CCC=CCCCCCCCCOCC(CO)OC(=O)CCCCCCCCCCCCCCC,False
CCCCSC(=S)SCCCS(=O)(=O)O,True
C=CSC=C[Se]SCC(C)C,False
Cc1cc(-c2cccc(N)n2)sn1,False
CCC=CCC1CCC(CC(=O)CC2CCC(=O)C2CC=CCC)C1=O,False
COC(=O)c1cnc(N2CCC(NC=O)C(OC)C2)s1,False
COC(=O)C1=c2sc(=Cc3cccc(OC)c3)c(=O)n2C(N)=C(C#N)C1c1cccc(OC)c1,False
CCN(C(=O)C(CCSC)NC(=O)OC(C)(C)C)C(C(=O)NC(Cc1ccccc1)C(=O)OC(C)(C)C)c1ccc(C)c(C)c1,False
C=CCNC(=O)C(=O)C(CC1CC1)NC(=O)C1C2C(CN1C(=O)C(NC(=O)CC(CN1CCCN(C)C1=O)C(C)(C)C)C(C)(C)C)C2(C)C.C=CCNC(=O)C(=O)C(CCC)NC(=O)C1C2C(CN1C(=O)C(NC(=O)NC(CN1CCCN(C)C1=O)C(C)(C)C)C1CCCCC1)C2(C)C.C=CCNC(=O)C(=O)C(CCCC)NC(=O)C1C2C(CN1C(=O)C(NC(=O)NC(CN1CCCN(C)C1=O)C(C)(C)C)C(C)(C)C)C2(C)C.CN1CCCN(CC(CC(=O)NC(C(=O)N2CC3C(C2C(=O)NC(CC2CCC2)C(=O)C(N)=O)C3(C)C)C(C)(C)C)C(C)(C)C)C1=O,False
CCC=CC(=CC=CC=O)NC(=NC)C(C(=O)OCC)=C(NC(C)=CCc1ccccc1)N(C=O)c1ccccc1,False
COc1cccc(CN2CCN(Cc3cccc(Br)c3)CC2)c1OC.O=C(O)C(=O)O,False
Cc1cc(CC(=O)N2CCC3(CC2)OCCc2cc(C(=O)O)sc23)on1,False
N#Cc1cc(C(=O)CCl)cc(C=O)c1I,False
COc1ccc(OC)c(C(=O)Cn2c(=O)c3cc(C(=O)OCc4ccccc4)sc3n(C)c2=O)c1,False
CCn1cnc2c(N3CC4CC3CN4Cc3ccc(C(F)(F)F)nc3)ncnc21,False
CNCc1ccc2c(ccn2CCCn2ccnc2)c1,False
OC(CCS)C(O)c1ccc2c3c(cccc13)CC2,True
CCNC(=O)CN(CC)CC(=O)N1CCNC(=O)C1,False
CO.O=Cc1cc(N2CCCS2)cc(Cl)c1Cl,False
CCc1cc(CCCO)n(CC)n1,True
C=O.CC(C)CCC(c1ccc(CC(N)NN)cc1)N(C)C1(N=C(C=O)c2cccc(Cl)c2)CC(C)CC(C)C1.CN,False
Cc1cc(OCCCC(=O)NC2(C)CCS(=O)(=O)C2)ccc1Cl,False
Cc1sc2c(-c3ccn[nH]3)noc2c1C=O,False
CC(C)N1CCC(c2cnc(-c3cnn(C(C)C)c3)cn2)CC1,False
CC.CC.CC(C)(C)C.CC(C)C.CN=C=NC.c1ccccc1.c1ccccc1.c1ccccc1,False
O=CC(OCc1ccccc1)C(OCc1ccccc1)C(Br)COCc1ccccc1,False
CC=CCC.CCCNC(=O)OC(C)(C)C,False
CCC(=CC=CCC(=O)N1CCN(C(C)C)CC1)c1cnc2[nH]cc(-c3ccccc3OC)c2c1,False
CCC(C)c1nc(C(N)COC)cs1,True
O=C(C=Cc1ccccc1Br)NCCCCn1ccccc1=O,False
[CH2-]CCC(=O)NC1CCN(c2ncc(Cl)c(Nc3cc(C=C([C-]=O)OCC(=O)NC)[c-]c(OC)c3)n2)CC1.[CH2-]CN(C[CH2-])CCCNc1cccc2c1C(=O)N(C1CCC(=O)CCCC1=O)C2=O.[CH3-].[Li+].[Li+],False
CCNC(=O)C(C)NC(=O)C1CCCCN1.Cl,False
Nc1nc(N2CCOCC2)nn1C1CCCCCC1O,True
O=C(O)C(C=CCn1cc(C(c2ccccc2)n2ccnc2)cn1)Oc1cccc2c1CCCC2,False
Cc1c(-c2ccc(C(O)N3CC(C)NC(C)C3)s2)noc1C(F)(F)F,False
COC(OC)C(C)NC(=O)c1ccc([N+](=O)[O-])cc1,False
COCOc1cc(CCc2ccc(-c3ccc(OC)cc3C=O)c(OC)c2)ccc1OC,False
CC.CC(=O)C(C)(C)C[n+]1c(C=C2C=CN(C)c3ccccc32)sc2c1=CCCC=2,False
COc1cc2c(cc1OC)C13CCN4CC5=CCOC6CC(=O)N2C1C6C5C4C3.O=CNC(Cc1ccccc1)C(=O)O,False
CC1=C(C=O)Cc2c(C)cccc21,False
Cc1cc(C#N)ncc1Oc1cc(Nc2ccc(CN)cc2)c2ncn(C)c2n1.O=CO,False
CNO.O=Cn1ncc2c(-c3nc(N4CCOCC4)c4sc(CN5CCN(S)CC5)cc4n3)cccc21,False
CCOC(=O)C1=C(C)N=c2sc(=Cc3cc(Cl)c(OCc4ccc(Cl)cc4)c(OCC)c3)c(=O)n2C1c1ccc(OC(C)C)c(OC)c1,False
CNCc1cc(Oc2cccc(Br)c2)ncc1Cl,True
CCc1c([N+](=O)[O-])ccc(C)[n+]1[O-],True
c1ccc(-c2cc(-c3cccc4c3sc3ccccc34)cc(N(c3ccc(-c4cccc5ccccc45)cc3)c3ccc4oc5ccccc5c4c3)c2)cc1,True
CC(Nc1nc(NN)cn2ccnc12)c1ccc(Br)cc1,False
O=C(O)c1c(OC2CN(C(=O)C3CC(O)CN3)C2)ccc2c1O[B-](O)(O)CC2,False
CC(C)C1CCCN(C(=O)Nc2ccc(N)cc2)CC1,False
N#CCOC(=O)c1cc(Br)ncc1N,False
CNC(Cc1cccc(Cl)c1)c1cc(Cl)ccc1Br,False
CCC1C(CO)ON(Cc2cccc(-c3ccc(C(N)=O)cc3)c2)C1C(N)=O,False
CC=C(O)C(=O)CC(C)C1(C)C(O)C(O)C2(C(=O)OC)OCC13C(C)OC(=O)C(OC(=O)C=C(C)C(C)C)C23,False
COc1cc(C=O)ccc1-c1cccc(C(N)=O)c1,False
O=C(O)C(C=Nc1ccn(Cc2ccco2)n1)=C(O)c1ccccc1,False
CNC(=O)Nc1ccc(-c2nc(Cl)nc3c2cnn3C2CCN(C)CC2)cc1.CNC(=O)Nc1ccc(-c2nc(N3CCOCC3)nc3c2cnn3C2CCN(C)CC2)cc1.CNC(=O)Nc1ccc(-c2nc(N3CCOCC3)nc3c2cnn3C2CCNCC2)cc1.CNC(=O)Nc1ccc(B2OC(C)(C)C(C)(C)O2)cc1.Cl.NNC1CCN(C(=O)OCc2ccccc2)CC1.O=C(OCc1ccccc1)N1CCC(n2ncc3c(Cl)nc(Cl)nc32)CC1.O=Cc1c(Cl)nc(Cl)nc1Cl,False
C#Cc1ccc(C(=O)O)c(C=O)c1,False
CC(C)CC(=O)NC(CC(C)C)C(=O)NC(C=O)CCCN=C(N)N,False
COCC(=C(C)C=O)c1ccc(O)c(C=O)c1OC,False
CCCC(CC=O)(C(C)=O)c1cc2c(cn1)c(C)nn2C,False
COC(=O)C1(P(=O)(Cc2ccccc2)Cc2ccccc2)CCCN1C(=O)C1CCCN1C(=O)C(N)CCSC,False
CCN(CCOC)c1ccc(Cl)cc1C(=N)N,True
COc1ccc(-c2nc(Nc3ccc(Cl)c(Cl)c3)[nH]c(=O)c2C)cc1,False
CCN(CC1CCCC1)c1nc2ccccc2cc1C=O,False
CC.CCCC.COc1cc2c(cc1OC)C(c1cc(OC)c(OC)c(OC)c1)[NH2+]CC2,True
Brc1cncc(Br)c1.O=c1ccccn1-c1cncc(Br)c1,False
CCN1CC2(CC1=O)CN(C(=O)COC)CCN(S(C)(=O)=O)C2,False
CC(C)c1cccc(C(C)C)c1[N-]Cc1ccccc1.[Cl-].[Cl-].[SiH2]=[Zr+2].[c-]1cccc2c1Cc1ccccc1-2,False
CCc1nc2nccc(-c3ccc4ccccc4c3)n2n1,False
CCOc1ccc(C(=O)N2CCCCCCCN(C(C)=O)c3cc(CN4CCOCC4)ccc3C2)cc1N1CCCCC1,False
CCC(C)CC=CC=CC(=O)NC(C(=O)NCC(=O)NC(CC(=O)O)C(=O)NC(CCCN)C(=O)NC(Cc1ccc(O)cc1)C(=O)NC1C(=O)NC(C(C)C)C(=O)NC(CC(=O)c2ccccc2N)C(=O)NC(C(O)C(=O)O)C(=O)N2CCCC2C(=O)NCC(=O)NC(C(C)O)C(=O)NC(C(C)C)C(=O)N2CCCC2C(=O)NC1C)C(O)C(=O)O,False
Nc1cc(C(=O)NCc2ccccc2)ccc1N(C=O)Cc1ccccc1,False
CC(C)(O)Cn1cc(Nc2ncc(Cl)c(NC(CO)c3cccc(F)c3)n2)cn1,False
CCCC(=O)OCc1ccc(-c2cc3ccc(N(CC)CC)cc3oc2=O)cc1,False
CCC(C)Cc1nc2ccc(C#N)cc2[nH]1,False
OC12CCC[N+]1(Cc1ccccc1)CCC2,True
CC(C)(C)C(=O)C1C2CCSCC2CN1C(C)(C)C,False
O=Cc1ccc(NC(=O)C2CCC2)cc1,False
Nc1cc(F)c(-c2c(Cl)cc(Cl)c(Cl)c2Cl)cc1F,False
[C-]#[N+]c1ccc(-c2nc(N3CCC(N(C)C)CC3)n3ccnc3c2-c2cnc(C)c([N+]#[C-])c2)cc1,False
C=C1CC(CCC2OCCO2)OC1CCC1CC(C)C(=C)C(CC2OC(CC(C)CC)C(C)C2C(C(=O)CC2CCC3OC(C(C)C=CI)C(O[Si](C)(C)C(C)(C)C)C(C)C3O2)S(=O)(=O)c2ccc(C)cc2)O1,False
CCNC(C)CC(=O)N(CC)CC(C)C#N,False
CCCCC(=O)N1CSCC1C(=O)NCCCN1CCNCC1.Cl,False
CC(C)CCC(C)Nc1ccc2nnnn2n1,False
CC1CC(C)CN(Cc2ccccc2CNCc2cncn2C)C1,False
COc1ccc(C(=O)NC(C)(C)C)cc1C1CCCCC1,False
CCN(CCOc1ccc(CNC)cc1)CC(F)(F)F,False
COC1=C(n2nnc(C(=O)Nc3ccccc3)n2)CC(=S(=O)=O)C([N+](=O)[O-])=C1.O,False
CCCCC(C)C(=O)OOOC(C)(C)C,False
CC(C)c1c(-c2ccccc2)nc(C=O)n1CCc1ccccc1,False
COc1ccccc1CN(C)Cc1nc2c(Br)cc(Br)cc2c(=O)[nH]1,False
O=CC1CCC(OC2CCC(S)CC2)CC1,False
Cl.c1ccc(COc2cc3c(-n4c5ccc6c(c5)c4nn6Cc4ccccc4)ncnc3cn2)cc1,True
CC1CCC(N(C)Cc2ccc(C=O)o2)CC1,False
C=CC(=C)C=C(C(CC)=C(C=C)CC=CCCC(=C)C=CN=C(C=C)C(F)(F)F)c1c(F)cccc1Cl,False
C=C(C)C(=O)O.C=CC(=O)OCC(O)CC=C(C)C(=O)O,False
COC(=O)C1=C(C)N=c2sc(=Cc3cccnc3)c(=O)n2C1c1ccc(OC(C)=O)cc1,False
CCC(C#N)C(=O)NCc1ccc(OC)c(C)c1C,False
C#Cc1cccc(-n2nc(C(N)=O)c3scnc32)c1.CN1CCC(O)C1=O,False
CCC(=O)N1CCN(CCC(=O)Nc2cc(C)on2)CC1,False
N#Cc1ccc(NCCc2nc3cc(Cl)ccc3c3nn(-c4ccccc4)cc23)nc1,False
CC1(C)CNC2CCCN(c3ccc(Cl)cc3)C21,False
NC(CNC(=O)c1ccon1)=NO,False
CB(C)c1ccc(C=O)cc1,False
CC(O)(c1ccc(N)c(C(C)(O)C(F)(F)F)c1N)C(F)(F)F,False
CCc1cccnc1Cn1c(N)nc2c(CC)nn(C)c21,False
CN1CCCCC1.NCC=CC=O.Nc1ncnc2n[nH]c(-c3ccc(Oc4ccccc4)cc3)c12,False
CCOC(=O)C1(NC)CCC(Sc2nc(C)co2)C1,False
Cc1c(Cl)ccc2c1sc1cc(I)ccc12,False
CC1CC1(C)C(=O)OC=O,False
CC(=O)OCCC(C=O)OC(C)=O,False
CCNC(=NCc1c(F)c(F)cc(F)c1F)NC(C)CCS(C)(=O)=O.I,False
Oc1c(Cc2ccco2)nc2c(-c3cnnc(Cl)c3)nc(-c3cccc(C(F)F)c3)cn12,False
C=C.C=C(C)CC.C=O.C=O.C=O.C=O.C=O.C=O.C=O.C=O.C=O.CC.CC(=O)N1CCCCC1.CC(C)C.CC=CCC.CCC(C)C.CCC(C)C.CCCCN.CCc1ccccc1.CCc1ccccc1.CN.CN.CN.CN.N.N.N.N,False
CC.CC=C(SC(=N)c1ccc(SC(C)(C)C(=O)O)cc1)c1ccc(OC)cc1.CNc1ccc(Cl)cc1,False
CNc1nc(C)cc(Nc2cc(F)c(C)cc2F)n1,False
Cc1c(C(N)=O)c(-c2cccc(O)c2)c(C)n1CCCO,False
O=S(Cc1ccc(-n2cccn2)cc1)c1cccs1,True
COC(=O)C1=C(C)N=c2sc(=Cc3ccc4c(c3)n(C)c(=O)n4C)c(=O)n2C1c1ccccc1,False
CN(C(=O)c1cccc(NC2CCC(=O)CC2)c1C=O)C(C=O)CCC=O.CNC,False
CC(C)n1cc(NC(=O)N2CCN(CC(=O)O)CC2)cn1,False
Cc1cc(C=O)c(O)c(C=Nc2cccc(C#N)c2N=Cc2cc(C)cc(C=O)c2O)c1,False
CC(C)COC(=O)Cn1ccnc1CCC(=O)N1CCC(N(C)C)CC1.Cl,False
CC(C)(C)OC(=O)C(CN(Cc1ccccc1)Cc1ccccc1)CC1(OC=O)CCCC1.Cl,False
CCC1(C)NC(=O)N(CC(=O)Nc2ccsc2C(=O)OC)C1=O,False
CC=CCCNC(=NC)N(C)Cc1ccc(OC(F)F)cc1,False
CN(C)c1ccc(NC(=S)Nc2ccc3nc4c5ncccc5c5cccnc5c4nc3c2)cc1,False
CN1CCN(c2ccc(-c3ccn4c(C(Cc5ccccc5)C(=O)NO)cnc4c3)cn2)CC1,False
CC=C(C)C(=O)OC1(C)CC=C2CSSCC3C(CC)CN3C(=O)CC3CNC(N)CC3C2C12CC1CC3CC(CCCO)C(=O)OC3CC1O2,False
CC(=C[N+](C=C(C)C(N)=O)(C=C(C)C(N)=O)CCNCCN)C(N)=O,False
Cc1nc(CN2CCC3(C2)CN(Cc2ccsc2)C3)cs1,False
NC(=NCc1c(Br)cncc1Br)N1CCOCC1,True
Cc1nc(SCC(=O)N2NC3=C(CCCC3=Cc3cccs3)C2c2cccs2)nc(C)c1C,False
COC(=O)c1cc(C=O)cc(C(=O)OC)c1C(=O)OC,False
O=C(C=Cc1ccccc1)Nc1nnc(SCc2c(Cl)cccc2Cl)s1,False
COc1ccc(N2CCN(C=O)CC2)cc1NC(=O)C(c1ccccc1)C1CC1,False
CCP(=O)(Oc1ccc([N+](=O)[O-])cc1)OC1CCC(C)CC1,True
COCCOc1cc(SC)c(NC(=O)Nc2cnc(C#N)s2)cc1Cl,False
COC1=C(C(C)C=O)C(=O)c2ccccc2C1=O,False
C=C(CC=O)C1CCCN(C(C)C)C1,False
O=CC(O)C1OCC(O)C1OS(=O)(=O)O,False
O=C(O)c1ccc(-c2ccc(-c3ccc4c(c3)COC4=O)cc2)cc1,False
CC(C)(CN)COCCO.CCC=O,False
COC(=O)c1ccc2oc(C(C(C)C=O)N(C(=O)C3CCCN3)C(=O)C(N)C(C)C)nc2c1,False
C=CC(C)=CCC(CCC=CC)C(=O)OC,False
Cl.N=C(N)NCCCC(N)C(=O)NC(CCCNC(=N)N)C(=O)NC(Cc1ccc2ccccc2c1)C(=O)NC1CSSCC(C(=O)NC(CCCNC(=N)N)C(N)=O)NC(=O)C(CCCNC(N)=O)NC(=O)C(CCCNC(=N)N)NC(=O)C(Cc2ccc(O)cc2)NC(=O)C2CCCN2C(=O)C(CCCNC(N)=O)NC(=O)C(CCCCN)NC(=O)C(CCCNC(N)=O)NC(=O)C(Cc2ccc(O)cc2)NC1=O,False
Cc1ccc(-n2nc(C(C)(C)C)cc2N(OC=O)C(=O)NC2CCC(Oc3ccc4nnc(CCN5CCN(C)CC5)n4c3)c3ccccc32)cc1,False
CN(C)c1ccccc1OC(C=O)=C(CCc1ccccc1)c1ccc(C=O)cc1.CNC,False
CNCCCC(=O)N1CCC(C)N(Cc2ccccc2)CC1.Cl.Cl,False
Nc1cc2cn[nH]c2cc1OCCN1CCCC1=O,False
CC1OC(c2ccc(C3OC(C)C(C)O3)cc2)OC1C,True
CC=CC(O)C(C)(C)C1CC=CC=CC=CC(C)Cc2nc(cs2)C(=O)OC(C(C)(C)C(O)C=CC)CC=CC2OC2C=CC=Cc2nc(cs2)C(=O)O1,False
C=C(C)COc1cc(C)c(NC=O)c(C)c1CC(=C)C,False
CC=C(NC(=O)OC)C(=O)OC,False
CCOc1cccc(OCCN2CCCNCC2)c1,True
COc1cc(CCC(C)(C)N2Cc3cccc(C(=O)N4CCN(C=O)CC4)c3C2)ccc1O,False
C=c1[nH]n2c(=O)c(C)c(C(C)C)nc2c1=Nc1ccc(N(CC)CC)cc1NC,False
N#Cc1ccc(NSc2c[nH]c3cc(N)ccc23)c(OF)c1,False
COC(=O)c1c(C)[nH]c(C(=O)C(C)OC(=O)c2oc3ccccc3c2C)c1C,False
COc1ccc(C)cc1N1C(=O)C(Nc2ccc(N3CCCC3)cc2)=C(c2ccccc2)C1=O,False
COC1CN(CCc2ccc(F)cc2)CCC1N(C)Cc1ccccc1,False
C=CCOC(=O)CC(C)C(C)CCC,False
NC1=NC(CCC2(c3cc(F)cc(F)c3)CC2)CO1,False
COc1cc(NC(=O)c2cc(=O)c3ccccc3o2)c(-c2nnn(-c3ccc(CCN(Cc4cccc(-n5ccnc5)c4)Cc4ccc5c(cnn5C)c4)cc3)n2)cc1OC,False
COc1ccc2cc3cccc(C(=O)O)c3nc2c1,False
CCCC1C2C=CC(C2)C1CC=O,False
CC1CCCN1.O=CNC1CNC1.Oc1ccc(Cl)c(Cl)c1,False
CC=C(C(=O)Nc1cc(Oc2ccc3nc(NC(=O)C4CC4)nn3c2)ccc1C)C(C)=NCCC,False
COCCOC1C(OP(=O)([O-])OCC2OC(n3cnc4c(N)ncnc43)C(OCCOC)C2OP(=O)([O-])OCC2OC(n3cnc4c(=O)[nH]c(N)nc43)C(OCCOC)C2OP(=O)([O-])OCC2OC(n3cnc4c(N)ncnc43)C(OCCOC)C2OP(=O)([O-])OCC2OC(n3cnc4c(=O)[nH]c(N)nc43)CC2OP(=O)([S-])OCC2OC(n3cnc4c(=O)[nH]c(N)nc43)CC2OP([O-])(=S)OCC2OC(n3cc(C)c(=O)[nH]c3=O)CC2OP([O-])(=S)OCC2OC(n3cnc4c(=O)[nH]c(N)nc43)CC2OP([O-])(=S)OCC2OC(n3cnc4c(N)ncnc43)CC2OP([O-])(O)=S)C(COP([O-])(=S)OC2C(COP(=O)([O-])OCNC(=O)CCC(=O)NC(COCCC(=O)NCCCOC3OC(CO)C(O)C(O)C3NC(C)=O)(COCCC(=O)NCCCOC3OC(CO)C(O)C(O)C3NC(C)=O)COCCC(=O)NCCCOC3OC(CO)C(O)C(O)C3NC(C)=O)OC(n3cnc4c(=O)[nH]c(N)nc43)C2OCCOC)OC1n1cc(C)c(N)nc1=O,False
CCCC(C)Cn1nnc(C(=O)O)c1-c1cnn(CC)c1,False
CC(NCC(=O)C[P+](O)(O)CC1CCCCC1)c1ccnc(CC(=O)O)c1,False
COCCC(=O)NC1CCN(C2CCS(=O)(=O)CC2)CC1.O=CO,False
CC=CCNc1cc(C=O)cc(S(N)(=O)=O)c1Oc1ccccc1,False
O=C(Nc1ccc([N+](=O)[O-])cc1)c1ccc(-n2nc(SCc3ccccc3)sc2=S)cc1,False
Cc1cccc(S(C)(C)(F)(F)F)c1,True
NNC(=O)c1c(O)ccc2ccccc12,False
COc1cc(NC(=O)CCc2nnc3ccc(N4CCOCC4)nn23)cc(OC)c1OC,False
COc1ccc2ncc3c(c2c1)N(CCC1CCN(C(=O)OC(C)(C)C)CC1)CC(C=O)O3,False
O=CC1(CN2CCCC3CCCC32)CCCCC1,False
COCCCC(N)C(=O)Nc1cc(Br)ccc1C#N,False
COCCOCn1cnc2cc(N=Cc3ccccc3)c(Cl)cc21,True
O=CC1=C(c2ccccc2)C2C=CC1C2,False
CC=NOCC(=O)Cc1ccccc1,False
O=C(O)C(O)(C=[P+]([O-])CSc1cccc2ccccc12)Cc1ccccc1,False
[Fe+2].[Fe].c1cc[cH-]c1.c1cc[cH-]c1.c1cc[cH-]c1,False
C=CCC(C)NS(=O)(=O)c1cnccc1Cl,True
ON=C(c1ccccn1)c1ccccc1CCOc1cccc(C(F)(F)F)c1,False
CN1CCCC2(C(=O)O)CCN(c3nc(CO)cs3)CC12.O=CO.O=CO,False
COc1cc2cnc(NC=O)nc2c(NC(C)C)n1,False
COC1(C)CC(OC2C(C)C(=O)OC(I)C(C)(O)C(O)C(C)N(C)CC(C)CC(C)(O)C(OC3OC(C)CC(N(C)CCc4cn(CCCCc5ccc(-n6cc(C7CCCCC7)nn6)cc5)nn4)C3O)C2C)OC(C)C1O,False
O=CC(O)C1OS(=O)(=O)OC1C(O)CO,False
CCC(C)(CC)Nc1nc(NC)nc(-n2cccn2)n1,False
C.C.C.CCN1C(=CC=Cc2oc3ccc(Cl)cc3[n+]2CC)Oc2ccc(Cl)cc21.[O-][Cl+3]([O-])([O-])[O-],True
Nc1nc(N2CCS(=O)(=O)CC2)nc(-n2cncn2)n1,True
O=CC1CC2(CCCCC2)N(O)C2(CCCCC2)C1,False
COc1cc([N+](=O)[O-])ccc1CCCC=O,True
CSOCCOc1ccc(C=O)cc1,False
C=C(C)C(=O)Oc1ccc(-c2ccc(Br)cc2)cc1,False
Cc1cccc(NC(=O)CSCC(=O)N2CCCC3CCCCC32)c1,False
Cc1cc(Oc2ccc(C(C)(C)C)cc2)ccc1CO,True
CCc1ncn(C=O)n1,False
COc1ccc(C=C2SC(=S)N(N=Cc3ccccc3O)C2=O)c(OC)c1,False
CCN(CC)CCS(CC)(CC)OP(=O)(OS(CC)(CC)CCN(CC)CC)OS(CC)(CC)CCN(CC)CC,True
NCCCCCOCCOCCOCCCCCNC(=O)C1CCC(N(c2cc(Nc3ccc4cnccc4n3)ncc2C(N)=O)C2CC2)CC1,False
CN=C1SCN(Cc2ccccc2)C(=O)N1C,False
CCOc1ccccc1C=C1Oc2c(ccc(OCc3ccc(C(=O)OC)cc3)c2C)C1=O,False
CC1CCCCC1NC(=S)NCC1CCCO1,True
CCc1cc(CO)cc(N2CCS(=O)(=O)CC2C)n1,True
COc1cc(=O)n(CC=O)c2cc(C)ccc12.COc1cc(=O)n(CCN2CCC(N(Cc3ccc4c(c3)OCCO4)C(=O)OC(C)(C)C)CC2)c2cc(C)ccc12.COc1cc(=O)n(CCO)c2cc(C)ccc12,False
COCCCn1cnnc1SCc1cccc(OC)c1,True
CCCC=C(C)c1ccc2c(=O)[nH]c(C3C(=O)c4ccc5c6c(ccc(c46)C3=O)C(=O)N(c3ccc(C4CCCCC4)cc3C3=CC=CC3)C5=O)nc2c1,False
CCCn1c(=O)[nH]c(=O)c2[nH]c(CN)nc21,False
COc1ccc(Cl)cc1NC(=O)C(=O)Nc1cc(Cl)ccc1OC,False
CCN(Cc1ccccc1)c1ccc(C=NNc2nc(-c3ccc(C)cc3C)cs2)cc1,False
CC(C)C(C)N1CC2=C(C1=O)C(c1ccccc1)NC(=O)N2C,False
CC.CC.CC(=O)CNC=O.CC1CCCN1C(=O)C(NC(=O)NC1(CS(=O)(=O)N(C)C)CCCCC1)C(C)(C)C.CCC.CCCC.CCNC=O,False
COC(C)CNC(=O)c1ccc(-c2ccc3[nH]c(=O)c(-c4cccs4)c(O)c3c2)cc1,False
CC(N)c1nc(C(=O)N2CCN(c3ccccc3)CC2)co1,False
COc1ccc(-n2ccnc2CN2CCCNC(=O)c3nn(C)c4c3CC(CC4)N(C)C(=O)CCC2)cc1.O=CO,False
CC(c1cccc(Br)c1)C1CC(N)c2[nH]c3ccccc3c21.Cl,False
CC1CCC(OCC2CSc3ccccc32)CC1C,True
CN(C)CCC(=O)Nc1cc2n[nH]c(=O)n2c2cc(-c3ccsc3)ccc12,False
CCOC(=O)CN(C=O)c1ccccc1,False
O=C(c1ccc(-c2ccc([N+](=O)[O-])cc2)c(-c2ccc3cc(-c4nc5ccccc5n4C4CCCCC4)ccc3n2)c1)N1CCCC1,False
CNCc1ncc(-c2c(F)cccc2OC)[nH]1,False
CCC1=CN(Cc2ccc(CO)cc2)S(=O)(=O)NC1c1ccc(Cl)cc1Cl,True
NS(=O)(=O)c1ccc(CCN2Cc3cc(C#CCCc4cnc[nH]4)ccc3C2=O)cc1,False
CC=C(C1=C(C(=O)O)N2C(=O)C(C(C)O)C2S1)c1ccon1,False
Fc1[c-]c(F)c(N(c2ccccc2)c2ccccc2)cc1.Fc1[c-]c(F)c(N(c2ccccc2)c2ccccc2)cc1.[C-]1=CC=CC1.[C-]1=CC=CC1.[Ti+4],False
COC(=O)c1ccc(Cc2ccccc2Cl)cc1,False
CCNCc1cccc(Cl)c1Sc1ccccc1F,False
O=CN(CCc1csc2ccc(Br)cc12)C1CCCCC1,False
Cc1cc(C=CCC=O)ccc1Cc1c(OC2OC(COC(=O)c3ccccc3)C(OC(=O)c3ccccc3)C(OC(=O)c3ccccc3)C2OC(=O)c2ccccc2)n[nH]c1C(C)C,False
CN1CC(C(=O)O)CC2c3cccc4[nH]c(C(=O)O)c(c34)CC21,False
NC(c1ccc(CO)cc1)c1ccccn1.O=C(NC(c1ccc(CO)cc1)c1ccccn1)C1CCN(CCOc2ccccc2)CC1.O=C(O)C1CCN(CCOc2ccccc2)CC1,False
C#CCCCCCCCCCCCCCCSCCC,False
C=C1CCC2C(CC2(C)C)[C+](C)CCC1C(c1ccccc1)c1c(O)c(C=O)c(O)c(C=O)c1O,False
Cc1ccc(SCCC(=O)N2CC[NH+](Cc3ccccc3)CC2)cc1,False
CCOC(=O)Cc1cc(C=O)c(C#N)cc1Br,False
CCOC(=O)C1=C(C)N=c2sc(=Cc3c[nH]c4ccccc34)c(=O)n2C1c1ccc2c(c1)OCO2,False
Nc1nnc(NC2CC2c2ccc(OCc3ccccc3)cc2)o1,True
O=C(NS(=O)(=O)c1ccc2nc[nH]c(=O)c2c1)c1ccccc1Oc1cnc2[nH]ccc2c1,False
CC=CC(=O)Nc1c(C(=O)c2ccc(Cl)cc2)oc2ccc(Br)cc12,False
C=CC.CC.CCc1cccc(CNCC(O)CNC(=O)C(C)Oc2cccc(C)c2)c1,False
CO[Si](CC(C)(C)C)CC(C)(C)C,True
Cc1c(C(O)CN2CCC(C)(CC(=O)c3ccc(C#N)cn3)CC2)ccc2c1COC2=O,False
CNC(=O)c1nc(C2CCCN2)sc1NC(=O)c1nc(C)no1.O=COCc1ccccc1,False
NCc1cccc(Sc2ccc(F)cc2)c1,False
COC(=O)c1sc(NCCC2CCCCC2)nc1C,False
Cc1cc2c(cc1-c1ccnc(Cl)n1)OCO2,True
CCC(c1ccc(O)cc1)C(CC)c1ccc(O)c(NC(=O)CCCCC(P(=O)(O)O)P(=O)(O)O)c1.[Na].[Na],False
C=CCCCCCC1OC1CO,True
CCOC1CCN(S(=O)(=O)c2c(C)oc(C)c2CN)CC1,True
CCCCN1C(=CC=CC=CC=CC2=[N+](CCCCCC(=O)NCCCNCCCCNCCCN)c3ccccc3C2(C)C)C(C)(C)c2ccccc21.Cl.Cl.Cl.[Br-],False
CCC(C)C(NC(=O)C1CCCCN1C)C(=O)Oc1ccc([N+](=O)[O-])cc1,False
CC(C)(C)n1cc(NC=O)cn1.CCc1ccc(Oc2ccnc3ccc(OC4CCC(N)CC4)cc23)c(C)c1,False
C[NH+](C)Cn1c(O)c(N=NC(=O)c2cccnc2)c2cc(Br)ccc21,False
CC=C1C2Cc3[nH]c(=O)ccc3C1(N)CC1(C)OC21,False
CC(C)(C)OC(=O)NC(C)(C)C(=O)N1CCN(C(=O)Nc2ccn(C3CCC(C=O)CC3)c(=O)n2)CC1,False
Cc1ccc(C=Cc2onc3c(=O)[nH]nc(C)c23)cc1,False
CNS(=O)(=O)c1cc(NC(=O)C[NH+](C)Cc2ccc(Cl)s2)ccc1C,False
CN=CC(C=N)c1cc(Cc2cc(N3CCCC(F)(F)C3)ncn2)c(N)cc1F,False
CN(C)c1ccccc1CC(OCC(O)CNCCOC(=O)C(=O)O)C(=O)c1ccccc1,False
Cc1ccc(Cl)c(NC(=O)C(C(=O)N(C)c2ccccc2)N2C(=O)OC(C)(C)C2=O)c1,False
CCNC(CCc1nccn1C)C(C)(CC)OC,True
CCOC(=O)C(=Cc1ccccc1)C(C)(O)C#N,False
C=CC1CCCCC1(C(=O)OC)C(=O)OC,False
CCNOc1cc(CC)ccc1C=O,False
CN(C=O)CCOc1ccccc1C(C)(C)C,False
CCC(C)(CN)C(O)c1cccc(OC(F)(F)F)c1,False
CC(C)(C)OC=O.CC1C(=O)N(C(C)c2ccccc2)CC1CO,False
CC(C)(C)OC(=O)N(C(=O)OC(C)(C)C)C1CCNC(C=O)C1,False
C=C(C)c1cccc(C(C)(C)NC(=O)NCCC2OCCCO2)c1,False
CN(C)C1CC2CCC1C2OCc1ccccc1,True
CNc1cnccc1C(=O)N1CCCN(CCO)CC1,False
Cc1cc2c(s1)CC=c1cccnc1=C2N1CCN(CCN2CCNC2=O)C(CCc2ccccc2)C1,False
CCOC(C)(OCC)P(=O)(CC(CI)N[B]C=O)OCC,False
COc1c(Cl)cc2c(c(-c3ccccc3)cn2S(=O)(=O)c2ccc(C)cc2)c1CC=O,False
CC1(C)CCC(CN2CCN(c3ccc(C(=O)NS(=O)(=O)c4ccc(NCC5(CO)CCOCC5)c([N+](=O)[O-])c4)c(Oc4cnc5[nH]ccc5c4)c3)CC2)=C(c2ccc(Cl)cc2)C1,False
CCc1cc(CC(=O)c2ccccc2)n(C)n1,False
COc1cc(N2CCN(C)CC2)c([N+](=O)[O-])cc1N1C=C(Cl)C(c2cn(C)c3ccccc23)=NC1,True
C=CCC(C=O)NC(=O)c1cccc2ccn(CCOC)c12,False
CC(=O)O.CCCCN(C)CCC[N+](C)(C)C.COc1ccccc1OCC1CC(c2ccc3c(c2)CCO3)CN1CC=O,False
CC=C(C)CCC1C(C(=O)O)C(c2ccc3c(c2)OCO3)CN1C,False
C[SiH]1O[SiH2]O[SiH2]O1,True
CCCC(N)c1csc(COC)n1,True
O=C(Nc1cccc(CNC(=O)c2cccn(Cc3ccccc3)c2=O)c1)c1ccncc1,False
O=C(NCCN1CCCC1)c1csc(CSc2nnc(-c3ccccc3Cl)n2-c2ccccc2Cl)n1,False
C[Si](C)(C)CCOCn1cnc(C=O)c1,False
CCCC(=O)Nc1ccc(C(=O)CSc2nnnn2-c2ccccc2)cc1,False
c1ccc2c(c1)Cn1c(nnc1Cn1cccn1)CO2,True
CC=CC1=C(C)c2ccccc2C1COC(=O)C1CCC1c1ccccc1OC,False
CNCCCC(=O)Nc1ccc(C(=O)NCC(=O)OC)cc1,False
C=CC1=C(C=CC)CN(C2CCN(C(=O)NC3Cc4ccc5[nH]ncc5c4CN(C(C)C)C3=O)CC2)C(=O)N1,False
CCC(CC)(NC(=O)c1cnn2ccncc12)C(N)=NO,False
COc1cc(-n2cccc2)c(Cl)cc1C(=O)NCC(c1ccccc1)N1CCOCC1,False
Cc1cnc(C(C)NC(=O)c2cccc(N)n2)s1,False
c1ccc(N(c2ccccc2)C(N(c2ccccc2)c2ccccc2)N(c2ccccc2)c2ccccc2)cc1,False
CCOC(=O)c1cnc2cc(C(C)=O)ccc2c1Cl,False
CCNC(=NCC(O)CS(=O)(=O)c1cccs1)N1CCSC(CC)C1,True
C=C(C1CC2CC1C(C1CCC(C)C1)C2C)C(F)(F)S.CC,False
O=Cc1cc(-c2cccc3ccccc23)cc(-c2cccc3ccccc23)c1,False
CCCCC(O)c1nc(N(C)C=O)c(C(=O)N(C)C)n1Cc1cccc(Br)c1,False
CC(C)CNC(=O)C(C)NC(=O)COCCN,False
CCNNCCC[SiH](OC)OC,True
CC(C)CC(=O)NCCOCCOCCOCCC(=O)NC(C(=O)NC(CCCNC(N)=O)C(=O)C(C)C)C(C)C,False
CC1(C)Cc2cc(C#N)ccc2CN1,False
C=CCn1c(=NC(=O)c2ccccc2Br)sc2cc(S(C)(=O)=O)ccc21,False
CCNC(=NCc1ccc(F)c(CO)c1)N(C)Cc1cnn(-c2ccccc2)c1,False
CCc1nc(NC(=O)C(=CC=O)CN)ncc1CO,False
CC(O)(CO)C(=O)Nc1cccc(NC(=O)Nc2ccccc2)c1,False
CCN1CCCC(NC(=NC2CC2)NN)C1,False
Cc1cccc(C(=O)NC2CC3CN(C(=O)C(C)C)CC3(c3nc(C)no3)C2)c1,False
COc1ccc(NC(=O)N2Cc3c(C)nn(-c4ccccc4)c3-n3cccc3C2c2ccc(C(C)C)cc2)cc1,False
CCCC(C)(NC(=O)C1CC1(C)C)C(=O)O,False
CC1OC(n2cc(Br)c(=O)[nH]c2=O)C(O)C1O,False
Cc1ncn(Nc2cccc(CN)c2)c1C,False
N#Cc1cc(C=O)ccc1Oc1ccccc1C(N)=O,False
Cc1cc(OCC(=O)N(Cc2ccccc2Cl)C(Cc2ccccc2)C(=O)NCC(C)C)cc(C)c1Cl,False
CCOc1cc(-c2ccc(OC)cc2)n(-c2ccccn2)n1,True
CCOC(=O)CN.Clc1nc(NCc2ccccn2)c2c(-c3ccccc3)cccc2n1.O=S([O-])c1cncc(-c2nc(NCc3ccccn3)c3c(-c4ccccc4)cccc3n2)c1,False
COc1cc(C(=Cc2ccccc2)c2ccccc2)c(C=O)c(OC)c1OC,False
CCCCCCCCCCCCCCCCCCCCCC(=O)NC(COC1OC(CO)C(OC2OC(CO)C(O)C(OC3(C(C)=O)CC(O)C(NC(C)=O)C(C(O)C(O)CO)O3)C2O)C(O)C1O)C(O)CCCCCCCCCCCCCCC,False
CC1CC(C)N(Cc2ccc(C=O)o2)C1,False
COC(=O)c1csc(NC(=O)C(C(C)c2ccccc2)N2C(=O)NC(c3ccc(SC)cc3)C2=O)n1,False
CCCCN=C(N)SC,False
CCC1SCCSC1C(O)c1c(Cl)cnn1CCN(C)C,True
O=P([O-])(O)OCC(CNF)COP(=O)([O-])OCCOCCOCCOCCOCCOCCOP(=O)([O-])OCCOCCOCCOCCOCCOCCOP(=O)([O-])OCC(CO)CNF,False
CC(C)(C)c1cccc(N=c2ccn3ncc(=Cc4sc(=O)[nH]c4O)c3n2)c1.CC(C)(C)c1cccc(Nc2ccn3ncc(C=O)c3n2)c1,False
CN=C(NCc1ccc(COCC(F)(F)F)cc1)NCc1cc2ccccc2o1.I,False
CC(C)c1nccn1CCCNC(=O)N(C)Cc1nc(-c2ccccn2)no1.O=CO,False
CN(C)Cc1c(C=O)[nH]c2ccccc12,False
Cc1c(OCc2cccc(-c3ccc(OC=O)cc3)c2)ccc(C(=O)CC(C)(C)C)c1O,False
Cc1cc(OCCCc2c(C=O)n(CCCN(C)c3cc(C)c4c(cnn4C)c3)c3c(-c4c(C)n[nH]c4C)c(Cl)ccc23)cc(C)c1Cl.O=CO,False
CCN(C=O)CCC#N,False
O=CC(O)C(O)C(OC1OC(COCc2ccccc2)C(O)C(O)C1OCc1ccccc1)C(=O)COCc1ccccc1,False
CN=C(NCc1noc(C)n1)NCc1ccccc1OC(F)(F)F.I,False
COC(=O)c1ccc([Se]2c3ccccc3Cc3ccccc32)cc1,False
Nc1ccc(-c2cc(N)c(N)c(Cl)c2)cc1Cl,False
O=CC#Cc1cc(Cl)ccc1O,False
CC=CCC(NC(=O)c1cc(OC)c(C)c([N+](=O)[O-])c1)C(=O)O,False
CC(C)OC(=O)c1ccc(NC(=O)C(C)N(C)Cc2ccn[nH]2)cc1,False
Cl.ClCc1ccccn1.c1ccc2[nH]cnc2c1,False
CC(C(N)=O)c1cncc(-c2cnc3c(c2)c(C=O)nn3C2CCCCO2)c1,False
CCCCC1=CC(C)C(O[Si](C)(C)C(C)(C)C)C(C)C(NC(=O)OC(C)(C)C)C1O,False
Cc1nn(C)cc1CN(CCN)Cc1ccccc1,False
Cc1nscc1C(=O)NC1CCOC1c1cnn(C)c1,False
CCN(CC)C(=O)C1=C(C)N=c2sc(=Cc3ccc(-c4ccc([N+](=O)[O-])cc4C)o3)c(=O)n2C1c1cc(OC)ccc1OC,False
CC1(C)COCCN1C(=O)c1cc2cccc([N+](=O)[O-])c2[nH]1,False
CC=CC(=O)Nc1cn(C)nc1C,False
CC1(C)CC(=O)c2sc(-c3ccc(C4CC4)cc3)nc2C1,False
Nc1cc2c(Nc3ccc4c(cnn4Cc4ccccc4)c3)ncnc2cn1,False
CCC1(C(=O)Cc2cncc(Br)c2)CCNCC1,False
COC(CN)CC(=O)NC1(c2ccc(Cl)cc2)CCCC1.Cl,False
OCC1OC(CCOCc2ccccc2)C(OCc2ccccc2)CC1O,True
COc1ccc(-c2ccccc2-c2cnc(Cl)o2)cc1,True
O=CC=CC1=CC=C(c2ccc(C=O)cc2)C1,False
CN(CC(C)(C=O)c1ccccc1)C1CCCCC1,False
COc1ccccc1-c1nnc(C2(c3ccc(Cl)cc3)CCC2)n1C,True
C#CCN(CCC)C(=O)Nc1ccc(CC(=O)O)cc1,False
CCN(CC)c1ccc(C=c2sc3n(c2=O)C(c2cc(Cl)ccc2OC)C(C(=O)OC)=C(C)N=3)o1,False
CC.CC.CCC.CCC(C)(C)C,False
CCCCC(CC)COP(=O)(O)O.O=P(O)(O)O,True
O=C1NN=C(c2ccncc2)C1Cc1ccccc1,False
CC=CCN1CCC2C(C1)c1cccc3c1N2c1ccccc1CC3,False
CC=C(NNC(=O)c1ccccc1Cl)C1C(=O)NC(=O)N(c2ccccc2)C1=O,False
CCCN(CC(=O)O)CC(=O)NCc1ccc(C)cc1.Cl,False
Cc1cc(N2CCNCC2)nc2cc(C=O)ccc12,False
CCOc1c(Br)cc(C=C2NC(=O)N(C3CCCCC3)C2=O)cc1OC,False
CC1(N=NC=O)C=CC=CC1=N,False
C=C(C)C(C)=NC=C(c1ccc(OC)cc1)C(C)CCC=CC.CC(=O)c1ccc(C)cc1C.CC(C)=O.CCCOCCC,False
CCCCCOC(CC)CC(C(=O)CC=O)c1cc(C)c(C)c(C)c1C,False
CCCCCCCCC(CCCCCC)C(=O)OCCN(CCOC(=O)C(CCCCCC)CCCCCCCC)C(=O)CCCN(CCC)CCC,False
CC(CNC(=O)C(C)n1cnc2ccccc21)CC(=O)O,False
CCCCCCCCCCCCC1=[N+](CCCCCCCCCCCC)C=C[N+]1(CCCCCCCCCCC)CCCCCCCCCCCC,False
Cc1ccc(NC(=O)C(C)Oc2ccccc2[N+](=O)[O-])c([N+](=O)[O-])c1,False
COC(=O)c1nn(CN2CCCC(c3nc4ccccc4o3)C2)c(=O)c2noc(C)c12,False
CCN=C(C)C=O,False
C.CC.CC=C(C)CCC1CCCN1.O=CO,False
C=C(CC)CN(CC)CC,False
CCc1c(C(=O)NC(C)c2ccc(OCC(=O)O)cc2)[nH]c(C)c1C(C)=O,False
COCC1(CNC(=O)c2ccc(Br)cc2C)CCCN1,False
CN=C(NCc1ccnc(OC2CCCCC2)c1)NCc1cccs1,True
CCOC(=O)CC1CCC(c2ccc(-c3ccc4nc(C(=O)Nc5c(C)cccc5C)cn4c3)cc2)CC1,False
Cc1cnc(C2CCCN2)c(Br)c1,False
C=C(C)CC=CC(=C)CC(C)C1OC(=O)C(C)C=CC=CC2OC(C)(C)OC2C=CCCC2CCC(O2)C1OCOC,False
CCNC(=NCc1cc(C(CC)CC)no1)NCC(O)(CC)CC,True
CNC(CCc1ccc2cccnc2c1)C1CC1,False
CCCC(C#N)(CCC)C(=O)N(CCCO)C1CCC1,False
C=CC(=O)N1CCN(c2ncnc3c2CCN(C(=NC(N)=CC)C(=C)C)C3)CC1,False
COc1ccc(Oc2coc3cc(OC(=O)c4ccc([N+](=O)[O-])c(C)c4)ccc3c2=O)cc1,False
CC.CCOC.NC(=O)C=O,False
COc1cc2c(cc1O)CC1c3ccc(CO)cc3CCN1C2c1ccccc1.COc1cc2c(cc1O)CC1c3ccc(CO)cc3CC[N+]1=C2c1ccccc1.O=C(c1ccccc1)N1CCc2cc(CO)ccc2C1Cc1ccc(CO)c(O)c1.[Cl-],False
CCOC(=O)C1=C(c2ccccc2)N=c2sc(=Cc3ccc(-c4ccc([N+](=O)[O-])cc4C)o3)c(=O)n2C1c1ccc(C(C)C)cc1,False
C=CCOc1cccn(Cc2ccc(N)cc2)c1=O,False
CC(=O)O.CC(=O)O.CC(=O)O.CC(=O)O.CC=C(N)N,False
CC=C=O.COC.COc1cccc(-c2cn(C)c(=O)c3cc(CN4CCNCC4)sc23)c1C,False
CN=C(NCc1ccn(C2CCCC2)n1)N1CCOC(c2cnn(C)c2)C1.I,True
COC(CC(=O)O)Cn1nnnc1-c1c(C)cccc1C,False
COc1cc(C=O)c(-c2cc(-c3ccco3)ccc2[N+](=O)[O-])c(OC)c1OC,False
CC1CN(CC2CCC(C(=O)O)O2)C(C)CO1,False
NCCCC1CCCN(C=O)C1,False
Cc1cc(Oc2c(C)cc(NC(=O)NCCNS(C)(=O)=O)cc2C)cc(-c2c(C)noc2C)c1,False
COc1ccc(N2C(=O)C(c3ccc(C)cc3C)=C(N(C)CCO)C2=O)cc1,False
O=CCNCc1ccc2c(c1)CCCC2,False
COC1OC(C=O)C(O)C(C)C1N,False
C=COC1CCC(CC2CC(CC3CCC([N+]4(O)CCC4=O)C(CC4CCC(OC=C)CC4)C3)CCC2NC(=O)CCC=O)CC1,False
CC(Nc1cncc(-n2cnc3cc(NC(=O)C4CCCN4OC(=O)OC(C)(C)C)ccc32)n1)c1ccccc1,False
CC(=O)Nc1cccc(C(=O)OCC(=O)N2CC(C)CC(C)C2)c1,False
C=CCCCCN1CC(c2ccc(Cl)cc2CCC)COc2ccc(C(C)CC(=O)OC)cc21.CC(C)(C)OC=O,False
Cn1ccc2ccc(C(=O)N3CCOc4ccc(-c5ccc6nc[nH]c6c5)cc4C3)cc21,False
NC1(c2nc3cccnc3s2)CCOC1,True
O=CNS(=O)O,False
CNc1ccc(Br)c(Cl)c1CCC=O,False
NC(=O)C1CCN(c2ccc(NC(=O)CCn3c(=S)[nH]c4ccccc4c3=O)cc2)CC1,False
CCC(=O)N(CC12CC3CC(CC(C3)C1)C2)C1C=C(C(=O)NCCO)C2c3cc(C=O)cc(OC)c3OC2C1O,False
COc1ccccc1C=C1SC(=S)N(C(CC(C)C)C(=O)O)C1=O,False
Cc1cc(C=C2SC(=Nc3ccc(C(=O)O)cc3)N(C)C2=O)c(C)n1-c1ccc2ccccc2c1,False
Nc1ccc(-c2ccnc(F)c2)c(Oc2cc(F)cc(F)c2)c1,False
CCN(CC)C(=O)CNCc1ccn[nH]1,False
COc1ccc(C=CC(=O)NCCCc2nnc(SC)n2CC(C)C)cc1OC,False
c1ccc(N2CCCC2)c(CNC2C3C4CCC(C4)C23)c1,False
CCCC1CCN(C2C=Cc3ncccc3C2)C(N)C1,False
CNC(=O)CCC(C=O)N1Cc2ccc(OC3CC4(CCN(CC5CCN(Cc6c(OC)cc(-c7cn(C)c(=O)c8cnc(C9CC9)cc78)cc6OC)CC5)CC4)C3)cc2C1=O,False
CCCNC(=O)c1c(C)[nH]c(C=C2C(=O)Nc3ccc(CC(=O)C(C)OC(=O)c4cc(N5CCCC5)c(Oc5ccccc5)c(S(N)(=O)=O)c4)cc32)c1C.CCCNC(=O)c1c(C)[nH]c(C=C2C(=O)Nc3ccc(OC(=O)C(C)OC(=O)c4cc(N5CCCC5)c(Oc5ccccc5)c(S(N)(=O)=O)c4)cc32)c1C.CCCNC(=O)c1c(C)[nH]c(C=C2C(=O)Nc3ccc(OC(=O)CCOC(=O)C(C)OC(=O)c4cc(N5CCCC5)c(Oc5ccccc5)c(S(N)(=O)=O)c4)cc32)c1C,False
C=C1C(=O)C23C4CC5C(C)(C=O)CCCC56COC(O)(CC1C2OC(C)(C)O4)C63,False
CC(C)=CC(O)CC(C)C1CCC2(C)C3C(O)C=C4C(CCC(OC5OC(CO)C(O)C(O)C5O)C4(C)C)C3(C=O)CCC12C,False
C#CC.C=CC(C)=CC.CC(=CO)N1CC(=O)NS1(=O)=O,False
CCCCCCCCCCCCCCCCCCCCCCCCCCC=C[N+](C)(C)C.[Cl-],False
[C-]#[N+]C1(C)C2OP(=O)(Oc3ccccc3)OCC2OC1n1ccc(N)nc1=O,False
O=C(O)NCC1(Cc2ccccc2)CCCC1,False
O=C1Nc2ccccc2C12N1CCCC1C(c1ccc([N+](=O)[O-])cc1)C21c2ccccc2-c2ccccc21,False
COc1cc(OCC=C(C)C)c2ccc(=O)oc2c1OCCC(C)CO,False
C=c1ccccc1=C(C=CCCC)CC,False
CCCCCC(C)(O)C=CC1CCC(OC)C1CC=O,False
O=C(CCCc1c[nH]c2ccccc12)NC(CCO)C1CC1,False
CCC(C)CC(=O)OC1C(CO)OC(OC2(CO)OC(CO)C(O)C2OC(C)=O)C(OC(=O)C(C)CC)C1OC(=O)CC(C)CC,False
COc1ccccc1OCC(=O)NCC1CCN(Cc2cccnc2)CC1,False
CCNC(C)c1ccc(-n2ccnc2CC)nc1,False
C=CCC(NC(CC(C)C)C(=O)O)C(Cc1ccccc1)NC(=O)OC(C)(C)C,False
CCNC(=NCc1ccc(Cn2ccnc2)cc1)NCC(C)Oc1ccccc1F,False
O=C(NC1CCCNC1)C1CCN(C(=O)c2ccc(Cl)s2)CC1,False
CC=C(CC)P(=O)(OC)OC,True
Cc1c(C(N)=CC=C(N)N)ccc2nn(C(F)F)cc12,False
NCCN(CCN)Cc1ccc([N+](=O)[O-])cc1,True
CCc1ccc(CNCCCC(N)=NO)s1,True
Nc1ccc2nn(C3CCC(CO)CC3)cc2c1,True
Cl.N#Cc1cc(F)c(F)cc1OCC1(N)CC1,False
CC(O)C(NC(=O)C(CO)NC(=O)C(CO)NC(=O)C(Cc1ccc(O)cc1)NC(=O)C(NC(=O)C(CC(N)=O)NC(=O)C(Cc1ccc(O)cc1)NC(=O)C(Cc1cnc[nH]1)NC(=O)C(N)CCC(N)=O)C(C)O)C(=O)O,False
COc1ccc(CCC(=O)Nc2ccccc2C(=O)NCC2CCCO2)cc1,False
CCCC(C)OC(CN)c1ccncc1,True
CC1(C)CC(NC2CCCC2S(C)(=O)=O)CCO1,True
ON1CC=CN1c1ccccc1,True
CN(C)c1ccc(C2(C=O)CC2)cn1,False
O=Cc1nn(-c2ccccc2Br)c(=O)cc1O,False
CC(C)NC(=O)C(C)n1c(CCl)nc2cccnc21,False
CCCCOS(=O)(=O)c1cc(S(=O)(=O)O)c(C=O)c2ccccc12.[Na],False
CC(CCl)CS(=O)(=O)c1ccc(C#N)cc1,True
Cn1ccn(-c2cc(F)cc(C#N)c2)c1=S,False
C1=CCC2=c3nc(CC4CCCN4)sc3=CC2=C1.O=C(O)C=CC(=O)O,False
CC(C)(C)CC(=O)N1CC2C(C1)C2(C)P.CS(N)(=O)=O.O=CO,False
O=C(Cc1cccs1)Nc1ccc(Nc2ccc3c(c2)OCCO3)cc1,False
CCN(CCO)CC1(C=O)CCCC1,False
CCC(C)(C)c1ccc(OCCCC(=O)N2CCN(Cc3ccccc3)CC2)c(C(C)(C)CC)c1.[Cl-],False
C=CCN(CCO)C(=O)CC1CCCCC1,False
CC1CC(NS(=O)(=O)c2cc(Cl)cc(C(F)(F)F)c2)CCN1,False
CCCCCCCC[N+](C)(C)C.O=C(O)CC(O)(CC(=O)O)C(=O)[O-],False
CCCc1ccc(C(=O)Oc2ccc(C)cc2OC(=O)N(CC)CC)cc1,False
CCOc1nc(Nc2ccc(N(C)C)cc2)nc(Nc2ccc(S(=O)(=O)O)c3ccc(N=Nc4cc(OC=O)ccc4C(=O)O)c(O)c23)n1,False
C=C(C)CNC(C)C(=O)NCCCC,False
CNC(=O)c1ccccc1Oc1cc2nc(-c3ccccn3)[nH]c2cc1Oc1ccc(S(C)(=O)=O)cc1,False
CN(C)Cc1ccc(CCCCNc2ncc(Cc3cccnc3)c(=O)[nH]2)s1,False
CN1CCN(CC(c2cccc3ccccc23)C2CCCCCCC2O)CC1,True
C=CCNC(=S)NNC(=S)NN1CCN(C)CC1,False
COc1cc(OC)c(C(c2ccccc2)C(C)(C)C(=O)NCC2CC3CCCC(C3)C2)c(OC)c1,False
CC(=C=COOC=C=C(C)CCC=C(C)CCC=C(C)C)CCC=C(C)CCC=C(C)C,True
CCC(N)(C#N)CCCOc1cc(C(C)C)ccc1C,True
O=C(O)C(O)CCc1ccc(C2CCCCC2)c(S)c1,False
CCCOc1c(OC)cccc1C1C(C(=O)OCC)=C(c2ccccc2)N=c2sc(=Cc3ccc(-c4ccccc4C(=O)O)o3)c(=O)n21,False
C=CCNc1ncnc(Cl)c1C=O,False
O=CN(O)CC1CC2CCCC23CCC(C(=O)NC(=O)NCCc2ccncc2)N3C1=O,False
CCN1c2ccccc2Cc2cc(C(=O)C=NN(c3ccccc3)c3ccccc3)ccc21,False
CN1CC(=O)N(C(Cc2ccc([N+](=O)[O-])cc2)C(N)=O)C(C2CCCCC2)C1=O,False
CCC1CC=NN=C1C.CCCC(=O)C1=C(C)NC(Nc2nc3ccccc3o2)=NC1C(=NC)C(Br)=CN,False
CC(C=O)CN1CCOCC1(C)C,False
COC(=O)c1c(C)cc(C=O)cc1C#N,False
CCC(C(=O)O)(C1CC1)N(C)C=O,False
CC(C(=O)NC(=O)NC1CC1)N1CCN(S(=O)(=O)c2ccc(Cl)cc2)CC1,False
CC(=O)Nc1ccccc1C(=O)NCc1ccco1,False
C1=CC2=Cc3ccccc3C2=CCN1,False
COc1cc(C=O)cc(I)c1OC1C=C(C(=O)NCCO)CC(N(C(=O)C2CCC2)C2CCCCC2)C1O,False
OCCOCCOc1ccc(F)cc1CNC1CC1,False
Cc1cc(C)c(CNC(=O)c2cc(C=O)cc3c2CN(C2CCCC2)N3)c(=O)[nH]1,False
Cc1cc(C)c(C=O)c(C#Cc2ccccc2)n1,False
CCC(C)C(C(=O)NC(CC=O)C(=O)NC(CCCN=C(N)N)C(=O)NCC(C)C)N1CCC(NC(=O)Cc2ccccc2)C1=O,False
Cc1ccc(I)cc1.O=S(=O)(O)c1ccccc1C(F)(F)F,False
CC(C)(C)OC(=O)Nc1cccc(NCc2cnccn2)c1,False
CCc1nc2nc(-c3ccc(C=O)cc3)c(-c3ccccc3)cn2n1,False
O=C(O)CC1=CC2C(NC(=O)Nc3cccc(O)c3)=CNC2N=C1,False
COCCCNC(=O)N1CCc2c(c(C(=O)N3CCOCC3)nn2C)C1,False
COc1cc(OC2CCN(C3CCC3)CC2)ccc1C=O,False
Cc1cc(CSc2nnc(-c3cccc(S(=O)(=O)N(C)C)c3)n2-c2c(C)cccc2C)on1,True
CC1(C)CC(=O)Nc2cc(Br)ccc2N1,False
CCC(C)C(N)C(=O)NC(CO)C(=O)NCC(=O)NC(CCC(N)=O)C(=O)NCC(=O)NC(CO)C(=O)NC(Cc1ccccc1)C(=O)NC(C(=O)NC(CCC(=O)O)C(=O)NC(CCCCN)C(=O)O)C(C)O,False
CCCCn1c(=O)c(CCC(=O)OCc2c(C)noc2C)nc2ccccc21,False
O=S(=O)(Nc1cc(F)ccc1F)c1ccc2c(c1)OCO2,False
NNC(=O)OCOc1ccc(Cl)cc1,False
CC1CC(c2nc3ccccc3s2)CN(C)C1.CCc1cc(C(=O)N2CCCC(C)C2)cnc1N.CS.NC=O,False
CN1CCC(Cc2noc(-c3ccccc3-c3ncn[nH]3)n2)CC1,True
CC=NNC(=O)c1cc(O)c(O)cc1Cl,False
Cc1cc2c(o1)CC(C)(C)CC2NC(=O)C(C)n1c(=O)oc2ccccc21,False
O=[N+]([O-])c1ccccc1NCc1ccc(O)c(Cl)c1,True
CC1CCCCC1(CN)NC(=O)COc1ccc(Cl)cc1,False
Cc1cc(C)c(C)c(-c2c3ccc(CC(C)C)cc3cc[n+]2C)c1.Cc1cc(C)c(C)c(-c2c3ccccc3cc[n+]2C)c1.Cc1cc(C)c(C)c(-c2cc3ccccc3c[n+]2C)c1.Cc1cc(C)c(C)c(-c2ccc3ccccc3[n+]2C)c1.Cc1cc(C)c(C)c(-c2ncc(-c3ccccc3)c[n+]2C)c1.Cc1ccccc1-c1ncc(-c2ccccc2)c[n+]1C,False
CC1Oc2ccc([N+](=O)[O-])nc2N(C(C)C(=O)c2ccc3c(c2)N(C)C(=O)CO3)C1=O,False
CCc1ccc(OCCCn2c(CNC=O)nc3ccccc32)cc1,False
Cc1ccc(C2=CNCCOC(C)(C)C=N2)cc1,True
NCc1cccn2c(C3CCCOC3)ncc12,True
CC=C(CCO)C(=O)OC1(C)CC=CC(C2CC(N)[NH2+]CC2CC(=O)N2CCC2)C12CC1CC3CCC(=O)OC3CC1O2,False
Cc1ccc(N2CC(C)C(C)C2)nc1,False
Cc1ccc(NC(=O)C(N)Cc2cnc[nH]2)c(C)c1,False
C#CC1CC(COP(=O)(NCC(=O)OC(CCC)CCC)Oc2ccccc2)OC1N(C=O)C=CC(=O)NC.CC,False
CCCN(C)C(=O)Nc1cc(Oc2ccc(NC)nc2)ccn1.CCNN(C(=O)C(C=O)=CCO)c1ccccc1,False
CCCCCOc1ccc(Cn2c(C)nc(Cl)c2C=O)c(Cl)c1,False
Cn1nc(CCC(=O)O)c(Br)c1-c1ccccn1,False
CCCN(Cc1ccc(C#N)cc1)C(=O)C=Cc1ccc(S(=O)(=O)N2CCCCCC2)cc1,True
C=C(CNC(=O)OC(C)(C)C)c1ccnn1CC,False
Cc1c(C(=O)NCc2ccc(Cn3ccccc3=O)cc2)sc2nc3n(c(=O)c12)CCCCC3,False
COc1cccc(C2(c3noc(C45CNCC4CCOC5)n3)CC2)c1,True
O=CN(C(=O)Nc1cccc(Oc2ccccc2)c1)C1COCCO1,False
CN=C(NCC(O)c1cccc(OC)c1)N1CCN(c2cnn(C)c2)C(=O)C1.I,False
Br.Cc1[nH+]csc1CCO.[Br-],True
CCCN(Cc1ccc(C(=O)N2CCCC2)cc1)C1CCCN(Cc2ccccc2)C1,False
CCN1CCN(CCOc2ccccc2-c2cc(C)c3cn(C)nc3n2)CC1.O=CO,False
C=CC(=O)OCC(O)COC(=O)C1CCCCC1C(=O)OCC(O)COC(O)C=C,False
CC(C)(C)OC(=O)NC(CCCCN)C(=O)O.CC(C)C(CO)NC(=O)C(CCCCCC(=O)COP=O)NC(=O)OC(C)(C)C.CC(C)C(N)CO.CC(C)C1C=CC(=O)NCCCCC(CC(=O)C(NC(=O)NC(C(=O)O)C(C)C)C(C)C)C(=O)N1.CC(C)C1C=CC(=O)NCCCCC(NC(=O)OC(C)(C)C)C(=O)N1.CCOCC.CCOCC.COC(=O)C(N=C=O)C(C)C.COC(=O)C(NC(=O)NCC(C)C)C(C)C.O=C=O.O=POCC(=O)ONS,False
Cc1ccc(N(C=O)C(CC(C)C)C(=O)O)cc1[N+](=O)[O-],False
CNc1ccc2c(=O)n(C3CCC(=O)NC3=O)c(C)nc2c1,False
CC(C)C(Cn1c(=O)[nH][nH]c1=O)C(=O)O,False
Cn1cc(C(=O)NCc2ccc(Cl)cc2)c(=O)c2cc(CN3CCCC3C(O)c3cncnc3)sc21,False
CCOC(=O)c1c(C=O)c(-c2ccccc2)n2ccccc12,False
CC(C)c1nc(C(C)C)n(C(=O)P(=O)(O)O)c1CCN,False
CC1CCC2(C)C(CC=C(C=O)C2(O)C=O)C12CO2,False
C=CC.CC12CCCN(C(=O)c3cccc(C(=O)O)c3)C(C)(C)C1CCC1(C)C2CCC2C3CCCC3(CO)CCC21C,False
COc1ccc(C2(CCN3CCC(NC=O)(c4ccccc4)CC3)CCN(C(=O)c3cc(-n4cnnn4)ccc3OC)C2)cc1OC,False
COc1ccc(Cl)cc1NC(=O)c1cccc(C(=O)N2CCCC2)c1,False
NC(=NO)c1cc2c(nc1N1CCC(O)C1)CCC2,True
C=C(N)SC(c1ccccc1)c1ccccc1.NC(=O)CS(=O)C(c1ccccc1)c1ccccc1.NC(=O)CSC(c1ccccc1)c1ccccc1.O.OC(c1ccccc1)c1ccccc1.SC(c1ccccc1)c1ccccc1,False
COc1ccc(NC(=O)COc2ccc(C=NNC(=O)C(=O)Nc3ccc(OCc4ccccc4)cc3)cc2)cc1,False
CC(C)CC(NC(=O)C(CC(C)C)NC(=O)C(CCCN=C(N)N)NC(=O)C(N)C(C)C)C(=O)NC(CCC(N)=O)C(=O)NC(CC(=O)O)C(=O)NC(CO)C(=O)O,False
OB(O)c1cccc2[nH]c(-c3ccccc3)c(C(CC(F)(F)F)c3cccs3)c12,False
O=C1c2cccc1c2.O=c1ccc2cc([N+](=O)[O-])ccc2o1,False
O=C(O)C1=C(C(=O)O)C2CCC1C1C(C(=O)O)C(C(=O)O)C21,False
NCC1CCSc2ccc(Br)cc21,False
COc1ccc(CN2CCCN(C(=O)NCCc3c(C)[nH]c4ccccc34)CC2)cc1,False
CC1(C)c2ccccc2Sc2c(cccc2[Si](c2ccccc2)(c2ccccc2)c2cccc(-c3c(C4CCCC4)ccc4c3nc3oc5c(C6CCCC6)cccc5n34)c2)C1(C)C,True
OOc1cccc(C(O)CNCc2ccccc2OCc2ccccc2)c1,True
CCCNC(CN1CCCC2CCCCC21)C1CC1,False
CCCC(=O)NCc1ccc2c(c1)CCN2C(=O)c1ccncc1,False
CN1CCSCC1C(N)Cc1ccccc1,False
CCN(Cc1ccccc1Cl)C(=O)c1cc(C(C)=O)c[nH]1,False
CC=C(C(=CCCCCC)CCCC)N(NC(=O)OC(C)C)C(=O)OC(C)C,False
CCCc1cc(Cl)ccc1C1COc2ccc(C(C)O)cc2N(CC2CCC2C(C=CCCN(C)C(C)=O)OC)C1.O=CNSc1ccncc1,False
COc1c(NC(=O)CCc2ccc(-c3ccccc3)c(NC(=O)OC3CC[N+](C)(C)CC3)c2)ccc(NCC(O)c2ccc(O)c3[nH]c(=O)ccc23)c1C,False
O=S(=O)(NCC1CCCCS1)c1ccc(Br)s1,True
CC1CN(CCOc2cccc(CN)c2)CCO1,True
CCCCOCCNCc1cc(F)c(F)cc1F,False
COc1ccc(C(C)C)cc1C1=C(CN(Cc2cc(C(F)(F)F)cc(C(F)(F)F)c2)c2ncc(N3CCOCC3)cn2)CN(c2cnn(C)c2)CC1,False
CC(C)OC(=O)NCC1COCCO1,False
CCCSc1nc2c(Br)cc(C)cc2c(=O)n1CC1CN(C(C)=O)C1,False
CC(=O)NC1CCN(C(=O)NC(=O)CCC(=O)O)CC1,False
O=CC(=O)c1cc(Cl)ccc1Cl,False
NC1CCCCC1N.NCC(N)C(=O)O.O=C(O)CCCCNCC(=O)O,False
Cc1ccc2nc(CN3CCc4[nH]cnc4C3c3cccnc3)cc(=O)n2c1.O=CO,False
CCN(CC(=O)Nc1ccc(NC(C)=O)cc1)Cc1cc(-c2ccc(Cl)cc2)no1,False
CCCCCCCOC(=O)c1c(C(=O)N2CCN(C)CC2)c2ccc1o2,False
Cc1cc(NC(=O)CSc2nc3nc(C)cc(C)n3n2)on1,False
CCC=CCC=CCC=CCC=CCCCCCCCCC(=O)OC1COC(=O)CCCCCCC2C(=O)CC(O)C(C=CC(O)CCCCC)C(O)C(O)C(OP(=O)(O)OC1)C(O)C(O)C2O,False
COC(=O)c1cc(C#CCOC=O)ccc1C#CCOC=O,False
CC=Cc1c(CC)c2ccccc2n(-c2ccc(Br)cc2C)c1=O,False
CC=CCCC=CCCC=CC(O)C(COC1OC(CO)C(O)C(O)C1O)NC(=O)CCCCCCCCCCCCCCCCC=CCC=CCCOC(=O)CCCCCCCCCCCCCCCCCCCC,False
Cc1noc2c1C(=O)CCCC2,False
CC=Cc1cc(C(=O)OCC)cc(C)n1,False
CC1CNCCC12CC1CCC2C1,False
CC(C)C(C=O)NC(=O)CCOCCOCCOCCOCCNC(=O)CCN1C(=O)C=CC1=O,False
COc1ccc(C(C)(C)C)cc1NC1CCC(C)CC1C,True
CCCCCCCCCCCCCCCCCCC(=O)OCC(COP(=O)(O)OCC(O)COP(=O)(O)OCC(COC(=O)CCCCCCCCCCCCC(C)C)OC(=O)CCCCCCCCCCCCC(C)C)OC(=O)CCCCCCCCCCCCCCCCCC(C)C,False
C=CCN1C(=O)C(CC(=O)Nc2ccc(C(=O)[O-])cc2)SC1=Nc1ccccc1OC,False
CCN(CC(C)(C)CN)C(=O)Cc1ccc(OC)cc1,False
O=Cc1cc2c(n3cc4ccccc4c13)CCCC2,False
COC(=O)C1(CC=O)CC2C(=O)OC(=O)C2C(c2ccccc2)C1,False
Brc1ccc(N=C2C(Nc3ccc(Br)cc3)=Nc3ccccc32)cc1,False
CCCC(CCC)CC(=O)NCC(C)NC(=O)C1CC(C)(C)CN1C,False
C=CC(=O)N1CCCC1C(=O)Nc1cc2c(Nc3ccc(OCc4ccccn4)c(C)c3)ncnc2cc1OC,False
Clc1cccc(NN=Cc2ccc(OCc3ccccc3)c(Cl)c2)c1,True
CC(=O)C(C)c1nc(C2CC2)no1,False
C=CCOc1ccc(-c2nn(C3CC(C=C)=C(C=CC)N(C(=O)C=C)C3)c3ncnc(N)c23)cc1,False
COCOCCC=CCCCCCCCCCCCCCCI,True
C=CC=C(C=CN)CNC(=O)c1cn2c(-c3ccc(Cl)cc3Cl)c(CN)c(C)nc2n1,False
COC(=O)c1ccc(C#N)cc1C=O,False
Cc1ccc(N(C)C(=O)c2ccc(N)cc2)c(C)c1C,False
BrCOC1CCCCO1.BrP(Br)Br.C=C(C)CCl.C=C(C)COC=C(C)COC=P(c1ccccc1)(c1ccccc1)c1ccccc1.C=C(C)COC=C(C)COCBr.C=C(C)COC=C(C)COCO.C=C(C)COC=C(C)COCOC1CCCCO1.C=COCSC.CC(=O)CO.CC(=O)COCOC1CCCCO1.CC(C=O)COCOC1CCCCO1.CSCOC=C(C)COCOC1CCCCO1,False
CC(C)C1CCCN(CC2(C=O)CCCCCC2)CC1,False
CC(C)CCC=O.CN1CC(O)CC(CO)C1,False
CC1=CCC(COCCNC(C)C(C)NS(=O)(=O)c2c(C(C)C)cccc2C(C)C)=CC1,True
CC(C)C1Cc2ccccc2-c2c1nnc1c2-c2ccccc2CC1C(C)C,False
CN(C)S(=O)(=O)n1c(C=O)cc2cnc(Br)cc21,False
Cc1cc(OCC(O)CO)cc(C)c1-c1cccc(C=O)c1C,False
C=C(C=O)Cc1cnc(Oc2ccc3c(c2)OCO3)c(C#N)c1-c1ccc(OC)cc1,False
CSC(CO)C(C)Nc1cc(C)nc(Cl)n1,True
O=C1CCCN1CCc1ccc(Cl)cc1Cl,False
CCCCC(C)c1cnc(C2=CC=CCC2)cc1C,False
CC(C)CC1ON(CCc2ccccc2)C(CN(C)C(C=O)Cc2ccc(O)cc2)N(CC=O)C1=O.CNCCCC(C)C.Cc1ccc(O)cc1.O=CO,False
C=CCC(O)C(CC(C)C)NC(=O)OC(C)(C)C.CC(C)CC(C=O)NC(=O)OC(C)(C)C.CC(C)CC1C(CC(C)N)OC(C)(C)N1C(=O)OC(C)(C)C.CC(C)CC1C(CC(C)O)OC(C)(C)N1C(=O)OC(C)(C)C.CC(C)CC1C(CC(C)OS(C)(=O)=O)OC(C)(C)N1C(=O)OC(C)(C)C.CC(C)CC1C(CC2CO2)OC(C)(C)N1C(=O)OC(C)(C)C.C[CH-]CC1OC(C)(C)N(C(=O)OC(C)(C)C)C1CC(C)C.[Na+].[Na][Na],False
CC=CC(=CC)C(C)NC(=O)C(O)C(CCC)NC,False
CCNC(=O)c1ccccc1-c1ccc(CN2Cc3ccc(SC)cc3CC(NC(=O)C(C)(C)N)C2=O)cc1,False
CCOC(=O)c1sc(NC(=S)NC(=O)CC23CC4CC(CC(C4)C2)C3)c(C#N)c1C,False
CC(C)(C)c1cc(NC(=O)CC(=O)O)no1.CC(C)(C)c1cc(NC(=O)CC(=O)O)no1.CNC(=O)c1cc(Oc2ccc(N)cc2)ccn1.CNC(=O)c1cc(Oc2ccc(NC(=O)CC(=O)Nc3cc(C(C)(C)C)on3)cc2)ccn1.CNC(=O)c1cc(Oc2cccc(N)c2)ccn1.CNC(=O)c1cc(Oc2cccc(NC(=O)CC(=O)Nc3cc(C(C)(C)C)on3)c2)ccn1,False
COc1ccccc1C(C)(C(=O)O)N(C=O)C1CC1,False
Cn1ccc(N2CCC(N)CC2)n1,False
Cc1c(NS(=O)(=O)c2cnn(C)c2)cccc1C(=O)O,False
COc1nc(N)nc(N2CCc3ccccc32)c1C=O.COc1nc(N)nc(N2CCc3ccccc32)c1C=O,False
CCC(CC)(CO)CC(O)C(C)(C)C(=O)O,False
CCOCOc1cc(OCOCC)c2c(c1)OCC(c1ccc(OC)cc1OC)C2=O,False
COC(C)(C)C(=O)N=C(N=CN)c1ccc(C2(C#N)OC(COC(=O)CC3CCCCC3)C(OC(=O)C(N)C(C)C)C2O)[nH]1,False
CCN(Cc1cc(C=O)ccc1OC)c1cccc(C)c1,False
COC(=O)C(COC(C)(C)C)n1cnnc1C(CCCCNC(=O)OCC1c2ccccc2-c2ccccc21)NC(=O)OC(C)(C)C,False
CCn1c(NC(=O)c2ccc(N)c([N+](=O)[O-])c2)nc2ccccc21,False
Cc1cccc(Oc2cnn(-c3ccccc3Cl)c(=O)c2Nc2ccc(C(=O)N3CCCC3)cc2)c1,False
CCc1cc2c(cc1C)[Si](C)(C)c1cc(N(C)C)ccc1C2=O,False
COC(C)C(=C=N)C=O,False
CNCc1ccc(C(N)=NNN)cc1.Cc1c(SN2CCn3nccc3C2)cc(C=O)n1C,False
COc1ccc(C(C(=O)NC(Cc2ccnc(N)c2)C(=O)NCc2ccc(CNC(=O)N(C)C)cc2)c2ccc(OC)cc2)cc1,False
C#CB(C#C)C#C.O=C(NC1CC1)C1CCc2c(I)cnn2C1.O=C(NC1CC1)C1CCc2ccnn2C1.O=C(O)C1CCc2ccnn2C1,False
CC=CC(=O)OC(Cl)Cl,False
CC1CN(C(=O)c2ccc(CCN)cc2)Cc2nnc(-c3ccccc3)n21,False
CCc1ccc(S(=O)(=O)N(CCCO)C2CCC2)cc1,True
CC=C(C)C(=O)C1CC2COCC(C1)N2C(=O)OCc1ccccc1,False
CC.CCN=C(N)C(=N)C(CC)CC,False
Cc1c(C(=O)Nc2ccc(Cl)c(C(=O)O)c2)cnn1C,False
c1ccc(N(c2cccc(-c3cccc4ccccc34)c2)c2ccc3sc4ccc5oc6c7ccccc7ccc6c5c4c3c2)cc1,True
CC1(C)CN(CC2CCNCC2)Cc2ccccc21,False
CCOC(=O)c1nn(-c2ccc([N+](=O)[O-])cc2)c(-c2ccccc2)c1C,False
COc1cc(C)nc(Cn2ccc(C=O)c2)c1,False
CCCC(CC(=O)c1ccccc1)C1CCCC1,False
C=CN(C=CC)CC(CC)CCCC,False
C=CCC1C=C(C)CC(C)CCC2CCC(C)C(O2)C(=O)C(=O)N2CCCCC2C(=O)OCC(C)CCC1=O,False
NCCCn1nnnc1-c1ccc(F)cn1,False
CCCCCCN1c2cccc(Br)c2Sc2cccc(C=O)c21,False
CC(C)Cc1cc(B(O)O)ccn1,True
O=C1OC(c2cccc(Cl)c2)c2ccccc21,False
CN(N)CCCNC=O,False
N#CCC1NCCN(c2cccc(C#N)c2)C1=O,False
Cc1nn2ccccc2c1C(=O)NC(C)c1cc2cccc(C#Cc3ccn(C)n3)c2c(=O)n1-c1ccccc1.Cc1nn2ccccc2c1C(=O)NC(C)c1cc2cccc(C#Cc3cnn(C)c3)c2c(=O)n1-c1ccccc1.Cc1nn2ccccc2c1C(=O)NC(C)c1cc2cccc(C#Cc3cnn(C)c3C)c2c(=O)n1-c1ccccc1,False
Cc1cc(NCCCn2ccnc2)n2nc(C)c(-c3ccc(F)cc3)c2n1,False
CCCNS(=O)(=O)C(C)(C)c1ccc(-c2cccs2)cc1NC,True
CC(=O)OC12COC1CC(O)C1(C)C(=O)C(O)C3=C(C)C(OC(=O)C(OC(=O)COC(=O)CC(N)C(N)=O)C(NC(=O)OC(C)(C)C)C4CC4)CC(O)(C(OC(=O)c4ccccc4)C21)C3(C)C.CC(=O)OC1C(=O)C2(C)C(O)C(C)C3OCC3(OC(C)=O)C2C(OC(=O)c2ccccc2)C2(O)CC(OC(=O)C(O)C(NC(=O)OC(C)(C)C)c3ccccc3)C(C)=C1C2(C)C.CC(=O)OC1C(=O)C2(C)C(O)CC3OCC3(OC(C)=O)C2C(OC(=O)c2ccccc2)C2(O)CC(OC(=O)C(OC(=O)CC(O)C(=O)[O-])C(NC(=O)c3ccccc3)c3ccccc3)C(C)=C1C2(C)C.CCCCSC(=O)NC(c1ccco1)C(O)C(=O)OC1CC2(O)C(OC(=O)c3ccccc3)C3C4(OC(C)=O)COC4CC(O)C3(C)C(=O)C(OC(C)=O)C(=C1C)C2(C)C.[Na+],False
CCCCCCCCC=CCCCCCCCC(=O)OC(COCC(O)COP(=O)(O)O)COC(=O)CCCCCCCCCCCCCCC,False
Fc1cc(Oc2ccc(Br)cc2C(F)(F)F)ccc1Br,False
CC1(C(O)C23NC(=O)C(CC(Cl)CC[Si](C)(C)O)C2(C)OC3=O)C=CCCC1,False
O=Cc1c(Cl)ncnc1NCC1CCCO1,False
C=CCn1c(=NC(=O)Cc2ccc(C(C)C)cc2)sc2cc3c(cc21)OCCO3,False
CC=CC1=NC(C2CCCN2C(=O)OC(C)(C)C)N(C)C1=CC,False
NCc1c(Br)cccc1NC(CO)CO,True
COCCN(CC(=O)O)Cc1cn2ccsc2n1,False
CC1(C)NC(=CC=O)C(C)(C)N1[O],False
CCOC(=O)C=C(C)c1ccnc(NC(=O)OC(C)(C)C)c1,False
CC1=NC(=Cc2cc([N+](=O)[O-])ccc2Cl)C(=O)O1,False
COc1cc(C=C2NC(=O)N(Cc3cccc(C)c3)C2=O)cc(Cl)c1OCc1cccc(C)c1,False
Cl.N.O=S(=O)([O-])C=CO.[Na+],True
Cl.Oc1ccccc1-c1nnc2n1CCNCC2,True
CC(Nc1cc(Cl)ncn1)C1CCOCC1,True
CN(C)C(=O)c1cnc(N(C)C=CC=C(N)C=O)cn1,False
CCC(N)C(c1ccccc1Cl)N(C)C(C)CC,False
CSc1ccc(N(N=CC=O)C2=C(C)CCc3ccc(NC(=O)c4cccc(C)c4)cc32)cc1,False
CCCOc1cc(C=O)cnc1N=C1C=CCC(N)=C1,False
CC1CSCCN(c2csc(C=O)c2)C1,False
Cc1ccc(Oc2cccc(Cl)c2F)c(CO)c1,False
CC1CCN(c2ccc(NCC(=O)N3CCN(c4ccccn4)CC3)cc2)CC1,False
CC(=O)OCC(OC(C)=O)C(OC(C)=O)C(C=O)OC(C)=O,False
COC(=O)C#CCCNS(=O)O,False
C#CCC(C)C(C(=C)C)C(C(=C)C)C(C)[P+](=C)C,False
C#CCC(C=O)(C=O)CC=C,False
COc1ccc(OC)c(CN2CCN(Cc3coc(-c4cccs4)n3)CC2)c1,True
CCC=CCCCC(C=O)ON1C(C)(C)CCCC1(C)C,False
CCC(CC)C(=O)NC(=O)c1nn(-c2ccc(Cl)cc2Cl)c(-c2ccc(Cl)cc2)c1C,False
CC.CC1CCC2C(C)(C)C(OC=O)CCC12C.CCC,False
C[Si](C)(C)OC(Cc1ccccc1)c1ccccc1,True
Cc1cccc(-c2ccc(CCBr)cc2)c1OC(=O)C=O,False
CNC(=O)c1ccc(N2CCC(C(C)NC)CC2)nn1,False
COc1ccc2c(cnc3c(N)cc4[nH]ncc4c32)c1,True
CCOc1cc(N2CCN(C)CC2)ccc1Nc1cc(Nc2cccc3c2N(C(C)=O)CC3)ccn1,False
Cc1ccc(C(C)(C)CCC=O)cc1O,False
Cc1ccc(C(=O)N2CCC(NC(=O)NC(CO)CC(C)C)C2)cn1,False
CC(C)CC(=O)Nc1ccc(NC(=O)c2cc3c([nH]c2=O)CC(C)(C)CC3=O)cc1,False
Cc1cc(C(c2ccc(C(C)(C)C)cc2)c2ccc(C(C)(C)C)cc2)c(N2CCN(c3c(C(c4ccc(C(C)(C)C)cc4)c4ccc(C(C)(C)C)cc4)cc(C)cc3C(c3ccc(C(C)(C)C)cc3)c3ccc(C(C)(C)C)cc3)P2P)c(C(c2ccc(C(C)(C)C)cc2)c2ccc(C(C)(C)C)cc2)c1,False
CCN(CC1CC1)C(=O)NCC1(CC(=O)O)CCC1,False
O=C(Nc1ccncc1)C1CCNCC1O,False
COc1ccc2[nH+]c(SCC3CC3(Cl)Cl)[nH]c2c1,True
NOSCCC(CCCCC(=O)N1CCCC1OC=O)SN=O.O=COC1CCCN1C(=O)CCCCC(S)CCS,False
O=C(OCC=Cc1ccc(Cc2ccccc2)cc1)C1CC1,False
CC(C(=O)Nc1cccc(S(=O)(=O)N(C)C)c1)N1CCN(Cc2ccccn2)CC1,False
CCCCN[Si](C)(C)[C]1[CH][CH][CH][CH]1.CCCCN[Si](C)(C)[C]1[CH][CH][CH][CH]1.[Cl][Zr+2][Cl],False
CCn1cc(C(=O)O)c(=O)c2ncc(OC)cc21,False
CS(=O)(=O)N1CCCC(CSc2ncccc2C(=O)O)C1,False
C=CC=C(C=CC)CC1CCC(=CC=CC)C(=CC)C1=O,False
CC=CCCCCC(O[Si](C)(C)C(C)(C)C)C(C)C(=O)NCCC(CO[Si](C)(C)C(C)(C)C)O[Si](c1ccccc1)(c1ccccc1)C(C)(C)C,False
Cc1ccc(C2OC(=O)C(=C3SCCS3)C=C2C=O)cc1,False
COCc1ccccc1C(Nc1ccccc1)C(=O)O,False
CC1NC(c2ccsc2)N(C2CCS(=O)(=O)CC2)C1=O,False
CC1=CC(CCc2ccc(OCCCCCCF)cc2)CN1,False
COC(=O)C(CC1CCCCC1)NS(=O)(=O)c1cc(Cl)ccc1Cl,False
COc1ccc2nc(Nc3ncnc(Nc4ccc5c(c4)OCCO5)c3[N+](=O)[O-])sc2c1,True
C=CC=CC(=CC)NC(=O)C=C,False
C=CCNC(=O)C(C)NCCC=CC,False
CC(CNC(=O)c1ccccc1C=O)=C1CCN(C(=O)OC(C)(C)C)CC1O,False
CCCCOC(C)C(=O)C=O,False
CCNC(=NCc1nc(C(C)(C)C)cs1)N1CCC(C)(C)C1.I,False
CN(CC=O)Cc1ccc(Cl)c(Cl)c1,False
C=C(CC1CCN(CCOC)CC1)NC.C=C(CN1CCC(CN2CCN(C)CC2)CC1)NC.C=C(CN1CCN(CCOC)CC1)NC.CNC(=O)CC1CCN(CCN2CCN(C)CC2)CC1.CNC(=O)CN1CCC(CCN2CCN(C)CC2)CC1.CNC(=O)CN1CCN(CCCCCOC)CC1.CNC(=O)CN1CCN(CCCCOC)CC1.CNC(=O)CN1CCN(CCCOC)CC1.CNC(=O)CN1CCN(CCN2CCN(C)CC2)CC1.CNC(=O)CN1CCN(CCOCCOC)CC1.CNC(=O)CN1CCN(CCOCCOC)CC1.CNC(=O)COCCOCCOCCN1CCN(C)CC1,False
O=C(NCC1CCCCC1O)c1ccnc(Br)c1,False
CC(C)Oc1nnc(SCC(=O)NC2CC2)s1,False
O=Cc1cccc2c1Nc1ccccc1O2,False
CCOC(=O)c1ccc2c(c1)Oc1ccccc1C21OC(=O)c2ccccc21,False
CCN(C(=O)CN1CCCCC1C=O)C1CC1,False
COc1cc(C2c3cc4c(cc3C3=NOCC3C2C(=O)C(C)(C)C)OCO4)cc(C=O)c1OC,False
COc1ccc(CN2CCOC(CN)C2)cc1Br.Cl,True
CC1Cn2cc(-c3ccnc(Nc4ccnn4C)c3)cc2-c2nnc(C(F)(F)c3ccccc3Cl)n21,False
COc1ccc(OC2=CC=CCC2C)cc1,True
Cc1ccc2c(-c3nnc(SCCCN4CCc5cc6nc(C(F)(F)C(F)(F)F)oc6cc5CC4)n3C)cccc2n1.Cl,False
CC#CC(=O)NC1CCN(Cc2ccnc(C(=O)Cc3ccc(-c4cc5c(N6CCOCC6)ncnc5[nH]4)cc3)c2)C1,False
CC=C(C)C(=O)OC1CCC2(C)C3CCC4(C)C(C5CC(C6OC6(C)C)OC5O)CCC4(C)C3=CCC2C1(C)C,False
CCN=C(NC1C2CCCOC2C1(C)C)N1CCCC2(CCCOC2)C1,True
COc1ccc2c(c1)C(C)(C)C(=CC=C1CCC=C(C=CC3=[N+](CCCCS(=O)(=O)[O-])c4ccc(OC)cc4C3(C)C)C1Oc1ccc(C([O-])=NCCCCOc3cc(CN(Cc4ccccn4)Cc4ccccn4)cc(CN(c4ccccn4)c4ccccn4)c3)cc1)N2CCCCS(=O)(=O)[O-].[Zn+2],True
O=C(CCc1cn[nH]c1)N1CCOC(CN2CCCC2)C1c1ccccc1.O=CO,False
CN(C(=O)OC(C)(C)C)C1CCN(c2ccc(NC(=O)c3ccc(Oc4ccccc4)nc3)cc2)C1,False
CC(C)C1c2nc[nH]c2CCN1C(=O)OC1CCOC1.Cl,False
COc1ccc(OC)c(NC(=O)CSc2nnc3[nH]c(=O)c(C)c(C)n23)c1,False
CC=CC(=O)OC(C)(N=C=O)OC(=O)C=CC,False
CCCCCCCCn1scc([P+](S)(SCC)SCC)c1=O,False
C(=Cc1cc2ccccc2[nH]1)c1ccn[nH]1.C(=Cc1cccc2c1OCO2)c1ccn[nH]1.C(=Cc1ccn[nH]1)c1ccc2ccccc2c1.C(=Cc1ccn[nH]1)c1ccccc1.CCOC(OCC)c1ccc(C=Cc2ccn[nH]2)cc1.CN(C)c1ccc(C=Cc2ccn[nH]2)cc1.COc1ccc(C=Cc2ccn[nH]2)cc1.Clc1cccc(Cl)c1C=Cc1ccn[nH]1.FC(F)(F)c1ccc(C=Cc2ccn[nH]2)c(Cl)c1.FC(F)(F)c1ccccc1C=Cc1ccn[nH]1.O=[N+]([O-])c1ccc(C=Cc2ccn[nH]2)o1,False
O=C(O)c1cc(COCc2ccc(Cl)cc2)on1,False
O=C1COC(C(=O)NCC2(c3ccccc3)CCCC2)C(c2ccccc2)N1,False
COc1nc2c(c(N3CCCn4nc(C(=O)N(C)C)c(C)c4C3)n1)COC1(CCCc3ccc(N)c(C#N)c31)C2,False
CCN(CC)CCCN1C(=O)CSC1c1ccc(C)s1,False
Nc1cccc2c(O)c(C=O)ccc12,False
Cc1cc(C)c(-c2nnnn2C(C)CS(C)=O)cc1N,True
CC(=CC(=O)C1CCCN1C)C(=O)O,False
Cc1csc(Cc2ncc(C(=O)O)c(=O)[nH]2)n1,False
CCOP(=O)(OCC)c1ccc(OC(F)(F)F)cc1B1OC(C)(C)C(C)(C)O1,False
Nc1cc(-c2cn[nH]c2N=Nc2ccn[nH]2)[nH]n1,False
CC(C)NC(C)C.O=S(=O)([O-])[O-].[Pt+2],True
CCCC(C)(C=O)CN1CCOC(CO)C1,False
C=CCS(=O)(=O)N(CCC)C1COCC1C(=O)O,False
CCCCOC(=O)c1cccc(NC(=O)c2cccc(Nc3nccs3)c2)c1,False
CNc1nc(C2CC2)nc(-n2cccn2)n1,False
CC[N+](C)(CC)CCNS(=O)(=O)c1ccccc1,True
COc1ccc(-c2cnc(NC(=O)c3ccccc3)c(CC3CCCC3)n2)cc1,False
Nc1ccc2nc(Oc3ccc(F)cc3)sc2c1,False
CCCCC(=O)Nc1ccc(C(=O)NN=Cc2cccc(Cl)c2)cc1,False
CC(CCOC(=O)CCCCCCN1C(=O)C=CC1=O)CCOC(=O)CCCCCN(C)C(=O)C=CC=O,False
CCCCCCOc1ccc(-c2ccc(N(c3ccc(-c4cc5sc(C=O)cc5s4)cc3)c3ccc(-c4cc5sc(C=O)cc5s4)cc3)cc2)c(OCCCCCC)c1,False
CCC(=O)NC(Cc1ccccc1)C(=O)NC(C(=O)NC(CCC(=O)O)C(=O)N(C)CC(=O)NC(Cc1ccc(O)cc1)C(=O)N(C)C(Cc1ccccc1)C(=O)N(C)CC(=O)NC(C(=O)NC(CS)C(=O)NCC(N)=O)C(C)O)C(C)C,False
CC(C=O)NC(=O)C(C)NC(=O)C(C)NC(=O)C(C)NC(=O)C(C)NC(O)C(C)NC(=O)C(C)NC(=O)C(C)NC(=O)C(C)N,False
O=Cc1ccccc1OCC(=O)NC(c1ccccc1)C1CC1,False
Cc1ccc(C(Br)c2ccc3c(c2)oc(=O)n3C)cc1Cl,False
CCOc1ccc(CNC(C)CO)cc1Cl,True
CCN(CCCC(=O)Nc1ccc2c(c1)c1ccccc1n2CC)Cc1ccc(C#N)cc1,False
O=C(NNC1=CCCC1)c1cccc(S(=O)(=O)Nc2ccc(Cl)cc2)c1,False
Cc1nnc(SCC(=O)NC(C)c2cccc(NS(C)(=O)=O)c2)n1Cc1ccccc1,False
O=C(Cc1ccsc1)Nc1ccc(O)c(Cl)c1,False
CC(C)CC(C=O)NC(=O)C(CC(=O)O)NC(=O)C(CO)NC(=O)C(NC(=O)C(Cc1ccccc1)NC(=O)C(NC(=O)CNC(=O)C(CCC(=O)O)NC(=O)CNC(=O)C(N)Cc1cnc[nH]1)C(C)O)C(C)O,False
CCCCC(CC)C(CC)(C(=O)O)C(=O)O,False
Ic1ccc[se]1.O=C1C(=Cc2ccc(N3c4ccccc4[Se]c4ccccc43)[se]2)C(=O)c2cc3ccccc3cc21.O=C1C(=Cc2ccc(N3c4ccccc4[Se]c4ccccc43)[se]2)C(=O)c2cc3ccccc3cc21.O=C1CC(=O)c2cc3ccccc3cc21.O=Cc1ccc(N2c3ccccc3[Se]c3ccccc32)[se]1.c1c[se]c(N2c3ccccc3[Se]c3ccccc32)c1.c1cc[se]c1.c1ccc2c(c1)Nc1ccccc1[Se]2,False
Cc1cccc(C)c1NC(=O)CSCc1ccc(CO)cc1,False
CCOC(=O)C(C)Oc1cc(OC)c(Br)cc1C=O,False
CCCC1=C(C(=O)OCC)C(c2c(OC)ccc3ccccc23)n2c(sc(=Cc3ccc(N4CCOCC4)o3)c2=O)=N1,False
CCNC(CCCCCC1CCOCC1)C(C)C,True
O=Cc1ccc([N+](=O)[O-])cc1Br,False
CCC=CCC=CCC=CCC=CCCCCCCCCC(=O)OC(COC(=O)CCCCCCCCC)COC(=O)CCCCCCCCCCCCCCCCCCCCCC=CCCCCCCCCCC,False
Cc1cc(-n2c3ccc4ccccc4c3c3c4ccccc4ccc32)c(C)cc1-c1c2ccccc2c(-c2ccccc2)c2ccccc12,False
O=C(O)c1oc(=O)ccc1-c1ccc(Br)s1,False
N#CC(=Cc1cccc(N)c1)C(=O)NC(C=O)CO,False
NC=CCC(O)(C(N)=O)C(O)C(O)C(O)CO.O=P(O)(O)O,False
CC(=O)NC1C(O)OC(CO)C(OC2OC(OC=O)=CC(O)C2O)C1O,False
CCCNc1cc(OC2CC(C)CC(C)(C)C2)ncn1,True
COCCOCC(=O)NC(C)CCc1ccccc1,False
CNC(COC)CN(C)C1CC1,True
NC(=O)C1C(=O)CC2CC3Cc4c(Cl)cc(S(=O)(=O)O)c(O)c4C(=O)C3C(=O)C2(O)C1=O,False
CC=C(C=CC1=CCCC=C1)N(CC)CCCCC(=O)c1ccc(C)cc1,False
COc1ccc(F)cc1-c1c(Cl)cnc2c1ccn2S(=O)(=O)c1ccc(C)cc1,False
C=C(NCC(=O)O)OC(C)N.Cl,False
CCCCCNc1nc(C)cc(C(=O)N(C)Cc2ccccc2)n1,False
CC(C)(C)OC(=O)c1cc(C2CCCCN2)ccc1C(=O)O,False
CCCC(=O)Oc1cc(C(=O)OCc2ccc(Br)cc2)cc(OC(=O)CCC)c1OC(=O)CCC,False
Fc1cn2c(nc1Cl)nc1ccc(Br)cc12,False
NC(CCCCNC(=O)CN1CCN(CC(=O)O)CCN(CC(=O)O)CCN(CC(=O)O)CC1)C(=O)NCCCCC(NC(=O)C(N)CCCCNC(=O)CN1CCN(CC(=O)O)CCN(CC(=O)O)CCN(CC(=O)O)CC1)C(=O)NCCCCC(NC(=O)C(CCCCNC(=O)C(N)CCCCNC(=O)CN1CCN(CC(=O)O)CCN(CC(=O)O)CCN(CC(=O)O)CC1)NC(=O)C(N)CCCCNC(=O)CN1CCN(CC(=O)O)CCN(CC(=O)O)CCN(CC(=O)O)CC1)C(=O)NC(CCCCN=S=C=Nc1ccc2c(c1)C(=O)OC21c2ccc(O)cc2Oc2cc(O)ccc21)C(=O)NCCCCCCCCCCC=O.[Gd+3].[Gd+3].[Gd+3].[Gd+3],False
CCC(C)(C(=O)Nc1ccc2[nH]c(C(C)(C)C)cc2c1)c1cccc(N=O)c1,False
CCNc1ncc2c(n1)N(C)CCN(Cc1ccc(OC(CCNC)c3ccccc3)cc1)C2=O,False
CC=CC(=O)OCCNC(=O)OCCC[Si](O[Si](C)(C)C)(O[Si](C)(C)C)O[Si](C)(C)C,False
CCOc1cc(C(=O)OCC(=O)Nc2ccc(C#N)c(Cl)c2)cc(OCC)c1OCC,False
CCCOc1cc2c(cc1CCCc1ccc(OC)c(N)c1)OCS2,True
CCCCCCCC12OC(=O)C(O)C(O)C(=O)OC1N(C)C1N(C)c3ccc(OC(=O)NC)cc3C12C,False
Cc1ccc(NC(=O)NC(C)c2cc(Cl)cc(NC3=CC(=O)N(C4CCC(=O)NC4=O)C3=O)c2)cc1Cl,False
C=C(C=CC(=C)OC=O)CC(NC=O)C(=O)O,False
Oc1ccc(Cl)cc1CNc1c(F)cc(Br)cc1F,False
COc1cc2ncc(C)nc2cc1F,False
c1ccc(-c2nc(-c3ccccc3)nc(-c3cccc(-n4c5ccccc5c5c(-c6ccc7c(c6)c6ccccc6n7-c6ccccc6)cccc54)c3-n3c4ccccc4c4ccccc43)n2)cc1.c1ccc(-c2nc(-c3ccccc3)nc(-c3cccc(-n4c5ccccc5c5c(-c6ccc7c8ccccc8n(-c8ccccc8)c7c6)cccc54)c3-n3c4ccccc4c4ccccc43)n2)cc1.c1ccc(-c2nc(-c3ccccc3)nc(-c3cccc(-n4c5ccccc5c5cc(-n6c7ccccc7c7ccccc76)ccc54)c3-n3c4ccccc4c4ccccc43)n2)cc1.c1ccc(-c2nc(-c3ccccc3)nc(-c3cccc(-n4c5ccccc5c5ccc(-c6cccc7c6c6ccccc6n7-c6ccccc6)cc54)c3-n3c4ccccc4c4ccccc43)n2)cc1.c1ccc(-c2nc(-c3ccccc3)nc(-c3cccc(-n4c5ccccc5c5ccccc54)c3-n3c4ccccc4c4c(-c5ccc6c(c5)c5ccccc5n6-c5ccccc5)cccc43)n2)cc1,False
CCCNCc1ccc(OC)c(Cl)c1OC,True
COc1cccc2c1CC(C)(C)NC2,True
CC(C)(C)OC(=O)n1c2c(c3ccccc31)C=C(C=O)C(c1ccccc1Br)S2,False
NS(=O)(=O)c1ccc(N2CCOCC2)c(C(=O)NC2CCN(Cc3ccccc3)C2)c1,False
CCC1(CC)CN(c2ccccc2)C2CC(SC)=C(OC=CC=O)C=C2S(=O)C1,False
CC(C)(C)OC(=O)N1CCC2=CC(=O)C(C=O)CC2(C)C1,False
CCC=CCC=CCC=CCC=CCC=CCC=CCC=CCC=CCC=CCCCCCCCCCCCCCC(=O)OC(COC(=O)CCCCCCCCCCCCCCC=CCC=CCC=CCC=CCC=CCC=CCC)COP(=O)(O)OCC[N+](C)(C)C,False
CCc1[nH]c2nc(Sc3cccnc3)nc(NCC(C)C)c2c1C=O,False
C=CCN1C(=O)C(=Cc2ccc(O)cc2O)SC1=NS(=O)(=O)c1ccc(C)cc1,False
Cc1nc(C#Cc2cccc(C=O)c2N2CCc3ccccc3C2C)cs1,False
CCCc1ncc(Cc2coc3ccc(C)cc3c2=O)c2ccc(OC)cc12.COC,False
CC=CC(=CC)C1(C(C)=O)CC1,False
Fc1ccc(CC2(CNC3CC3)CC2)c(F)c1,False
CC(C)C(CN=C(N)NCCCN1CCOCC1)N1CCOCC1,True
COc1ccc(N2C(=O)C(CO)NCCC2C)cc1,False
CCc1cnc(C)nc1N1CCCN(C(=O)c2ccc(OC)nc2)CC1.O=CO,False
COc1cc(OC)c(F)c(N(Cc2noc(C)n2)c2ccc3ncc(-c4cnn(C)c4)nc3n2)c1,False
CC(C)(C)OC1C(C(=O)[O-])OC(OC(C=O)C(CC(C=O)OC2C(C(=O)[O-])OC(C(C)(C)C)C(O)C2O)C(=O)[O-])C(O)C1O.CC(C)(C)OC1C(C(=O)[O-])OC(OC2C(C(=O)[O-])OC(OC3C(C(=O)[O-])OC(C(C)(C)C)C(O)C3O)C(O)C2O)C(O)C1O.CC(C)(C)OC1OC(C(=O)[O-])C(OC(C=NNC(=O)CCCCC(=O)NN=CC(OC(C(=O)[O-])C(C=O)OC2OC(C(=O)[O-])C(C(C)(C)C)C(O)C2O)OC2C(C(=O)[O-])OC(OC(C)(C)C)C(O)C2O)OC(C(=O)[O-])C(C=O)OC2OC(C(=O)[O-])C(C(C)(C)C)C(O)C2O)C(O)C1O.[Na+].[Na+].[Na+].[Na+].[Na+].[Na+].[Na+].[Na+].[Na+].[Na+].[Na+].[Na+],False
CCC1(N)CN(C(C)C(=O)NC)C1,False
COc1nc(C)cc(C)c1-c1ccc2c(NC3CCCOC3)c(C=N)c(=O)[nH]c2c1,False
C=C(CNCc1ccc(OCCc2ccccc2C)cc1)NC.CCc1cnccn1,True
CCc1ccc(CNC2CCCCCC2)cc1,False
Cc1ccc(C=c2sc(=C(C#N)C(=O)N3CCOCC3)n(-c3ccc(C(C)C)cc3)c2=O)s1,False
CC(O)C(C)NCCCN(C)Cc1ccccc1,True
CN=C(NCCc1cccc2cccnc12)NCc1ccc(C)c(F)c1.I,False
O=Cc1ccn2c(Cc3ccccc3)nnc2c1,False
CCCc1cc(Cl)ccc1C1COc2ccc(C(O)C(=O)O)nc2N(CC2CCC2C(O)C=CCCN(C)C(C)=O)C1,False
CCOC(=O)C=C(C)c1cc(C)cc(C)c1,False
COC(=O)C=C(C)c1ccc(Cl)c(-c2ccc(O)cc2)c1,False
COc1cc(N)ccc1OCc1ccccc1CC(=O)O,False
COc1cc(OC)c(OC)cc1C=c1sc(=C(C#N)C(=O)Nc2ccc(C)cc2)n(-c2ccc(C)c(C)c2)c1=O,False
CSC1(CNc2cc(C)nc(N)n2)CC1,False
COc1ccc2c(c1)CN(C(=O)C(=O)NCCSSCCNC(=O)c1ccc(N=[N+]=[N-])cc1O)CCS2,False
O=P12c3ccccc3-c3cc(-c4ccc(-c5ccccc5)cc4-c4ccccc4)ccc3N1c1ccc(-c3ccc(-c4ccccc4)cc3-c3ccccc3)cc1-c1ccccc12,True
CC=C(C(=O)OC)c1ccccc1COc1ccc(C(C)=NOCCC)cc1OC,False
Cc1cc(N)c(NCc2cc(Br)ccc2F)cc1C,False
CCOCCCN(CC(=O)N(Cc1ccc2c(c1)OCO2)Cc1sccc1C)C(=O)CCc1ccccc1,False
CCCNC1(CO)CCC(SCc2ccco2)C1,True
N#CC(c1ccc(F)cc1)C(O)C1CC1,False
O=CC(Cc1ccccc1)NN(Cc1ccccc1)Cc1ccccc1,False
CN(C)C(=O)c1[nH]c(C=C2C(=O)Nc3cc(C(=O)O)ccc32)c2c1CCCC2,False
CC(C)(C)[Si](C)(C)N1C(=O)C(CCCCN=C(NC(=O)Oc2ccccc2)NC(=O)Oc2ccccc2)C1C=O,False
CC(=O)OC(C)c1nc2ccccc2n1Cc1cc(-c2ccc(C#Cc3ccc(CN4CCOCC4)cc3)cc2)on1,False
CCCn1cc(C=O)c2cc(C)ccc21,False
CNCCC(c1cccnc1)c1c[nH]c2cccc(Cl)c12,False
CCCNCc1ccc(Cl)c(S(=O)(=O)NCC2(C)CC2)c1,True
CCC(C)N(C)c1ccc(C(=O)O)cc1C#N,False
C#CCN(CC1CC1)S(=O)(=O)c1cc(Br)ccc1OC,True
Cc1nn(C)cc1-c1cc(C(F)(F)F)ccc1F,False
O=C(CCCc1nc2ccccc2s1)NCc1nc2ccccc2s1,False
CC=CCCNC(=NC)NCCc1cccc(C(=O)NC)c1.I,False
CCOC(=O)c1cc(-c2ccccc2)sc1NC(=S)Nc1cc(OC)c(Cl)cc1OC,False
CC(NCC(C)(O)C(=O)O)C(=O)N1CCCC1,False
CCCC(CCC=O)OCC,False
CCOC(=O)C1=C(c2ccccc2)N=c2sc(=Cc3cc(Cl)c(OCc4ccc(C(=O)OCC)cc4)c(OC)c3)c(=O)n2C1c1ccc(Cl)cc1,False
CCC1CCC(N2CC3CCCN3CC2C(C)C)C1C,False
CCS(=O)(=O)CC(=O)Nc1ccc2c(c1)OCCCO2,False
CCC=CCC=CCC=CCC=CCC=CCCOCC(COC(=O)CCCCCCCCCCCCCCCCCCC)OC(=O)CCCCCCCC=CCC=CCCC,False
COC1=CCC=CC(C(=O)N(C)C(CCNC(=O)c2cccn2C)Cc2ccccc2)=N1,False
NCCCNCC(=O)OCc1ccccc1,False
O=CCCCCCN1C(=O)c2ccccc2C1=O,False
CCCNCC(=O)NC1(C(=O)O)CCOC1,False
CCOCCCC(Cc1csc2ccccc12)NN,True
CN(C(=O)C(N)c1cnn(C)c1)c1ccccn1,False
Cc1c(Cl)nc(C(C)(C)C)nc1N(C)CCN(C)C,False
CSc1ncnc2c(N3CCSCC3)nc(Cl)nc12,False
C=CC(=O)O.C=CC(=O)O.[Cd],False
COc1ccc(Cn2cccc2C=CC(=O)CO)cc1,False
Cc1ccc(C=O)cc1Br.Cc1ccc(CO)cc1Br,False
CCOc1ccc(Oc2ccc(NC(N)=O)cc2)cc1,False
CON(C(=O)OCc1ccccc1)C(CC=O)c1ccc([N+](=O)[O-])cc1,False
CCCCCC=CCC=CCCCCCCCC(=O)OC(OC(CCCCCCCC)CCCCCCCC)C(CO)CCCCCCCCC=O,False
O=C(O)CCCCC1CC2CCC(C1)N2,False
O=C(COc1ccc2ccccc2c1)N1CCN(C(=O)c2ccc(O)cc2)CC1,False
Cc1cc(C)c(C(=O)N2CCOC(CN3CCCC3)C2c2ccccc2)cn1,False
c1ccc(-c2ccc(-c3nc(-c4cc(-c5ccccc5)ccc4-c4ccccc4)nc(-c4cccc5c4sc4ccccc45)n3)cc2)cc1,False
CC(C)(C)OC(=O)Oc1ccc(C2(c3ccc(OC(=O)OC(C)(C)C)cc3)OC(=O)c3ccccc32)cc1,False
C.CC(C)N(C=O)C=O.CC(C)n1cccn1.CC(C)n1cncn1.CC(C)n1cnnn1.CC1C2CCC(C2)C1C.CC1CC2(CCCC2)CC1C,False
COc1cc(OC)c(C=O)c(OCC(=O)Nc2cc(C3CC(OC(=O)Oc4ccc([N+](=O)[O-])cc4)C3)[nH]n2)c1,False
C=CCN(C(C)C(=O)c1c(C)[nH]c(C(=O)OC)c1C)S(=O)(=O)c1ccc(C)cc1,False
O=C(Cn1cnc2cccnc21)N1C2CCC1CN(c1scnc1-c1nc3ccccc3[nH]1)C2,False
NNC(CC1CC1)c1ccc(Cl)nc1,False
CCCC(NC(=O)C(C#N)C(NCC(O)CO)c1cccc(C)n1)c1ccccc1,False
COc1ccc(-c2[nH]ncc2CNC(=O)N2CC(n3nc(C)cc3C)C2)cc1,False
Cc1nn(-c2ccccn2)c(C)c1CC1Sc2c(c(=O)n(C)c(=O)n2C(C)C)C1C(=O)N1CC(O)CO1,False
CC(C)(C)OC=O.CC1(Nc2ccc(S(N)(=O)=O)cc2[N+](=O)[O-])CCNCC1,False
CCCCOC(=O)CC1CCc2cc(NC(=O)c3ccc(C=NN4CCOCC4)cc3)ccc2C1,False
CCC1C(=O)C(=O)C=CN1C(C)CO,False
[Mo].[Ni].[O]=[W],True
CC(=O)c1cc2ccc(Br)cc2[nH]1.CC=CC(N)=CN.NC1CCOC1.O=C(O)c1cc2ccc(Br)cc2s1,False
NC(N)=NCCCC(C=O)NC(=O)C(CO)NC(=O)C(Cc1ccccc1)NC(=O)OCc1ccccc1,False
CC1=NN(c2ccc(C(=O)O)cc2)C(=O)C1=Cc1ccc(-c2cc(C)c(C)cc2N)o1,False
C(=NOC1CCCCC1)c1cncc2ccccc12,True
C=CC(=CC(=CC)c1cc2c(-c3cc4c(-c5cccc(F)c5)cncc4[nH]3)n[nH]c2cn1)CNCC1CCCC1,False
CN=C(N)NCC(N)(CCCCI)C(=O)O,False
CC(C)CC(Br)C=O.CC(C)CCC=O,False
CNC(=O)C=C[Si](C)(C)C,False
CCN(O)C(=O)CC(CCC(=O)O)C(=O)O,False
Cc1noc(N(C)C2CN(c3ccc4nnc(C5CCC5)n4n3)C2)n1,True
COCCNCC(=Cc1ccc(C(=O)OC)cc1)C(C)C,False
COc1cccc(C=O)c1C(O)=C1C(=O)C=C(C)C(CC=C(C)C)(CC=C(C)C)C1=O,False
Cn1cc(C=O)c(-n2cc(C(N)=O)cn2)n1,False
C=CC=C(C=O)C(=CC=CC)C(=O)NC,False
Fc1cc(Br)cc(F)c1NCCc1ccncc1,False
CC(Cl)=CCNC(C(=O)OCc1cccc(Oc2ccccc2)n1)C(C)C,False
CC=Cn1nc(-c2ccc(S(C)(=O)=O)cc2)c(-c2ccncc2)c1C(F)(F)F,False
CC1=CN2c3cc(F)cc(F)c3CC2N1C.CC1=CN2c3ccccc3CC2S1.CN1c2ccccc2N2c3ccncc3CC12.[C-]#[N+]c1c(C)cc2c(c1C)CC1N(C)c3ccccc3N21.[C-]#[N+]c1ccc2c(c1)CC1N(C)c3ccccc3N21,False
CCCCCOC(=O)NC(CC(C)C)C(=O)NC(C)(C=O)CC1CCNC1=O,False
CCCCCCCCCCCCCC=CC(O)C(COC1OC(CO)C(OC2OC(COC3OC(CO)C(OC4OC(CO)C(O)C(O)C4O)C(O)C3NC(C)=O)C(O)C(OC3OC(CO)C(OC4OC(C)C(O)C(O)C4O)C(OC4OC(CO)C(O)C(OC5(C(=O)O)CC(O)C(NC(C)=O)C(C(O)C(O)CO)O5)C4O)C3NC(C)=O)C2O)C(O)C1O)NC(=O)CCCCCCCCCCCCCCCCC,False
CC(C)Cc1nc(C2CCCC2)c(Br)c(=O)[nH]1,False
O=Cc1cccc2c1CCC=C2CCON=C(c1ccccc1)c1cccnc1,False
C=C=C1CC(CC)C2(C(=O)N1C(C)C)c1cc(OCC3CC3)ccc1CC21CCC(OC)CC1,False
CCCCCCCCCCCCCCCCCCCCCCCC(=O)OC(COC(=O)CCCCCCCCCCCCCCCCC(C)CC)COP(=O)(O)OCC(O)COP(=O)(O)OCC(COC(=O)CCCCCCCCC(C)C)OC(=O)CCCCCCCCCCCCCCCC(C)C,False
O=C(O)c1ccc(C(=O)Cc2ccccc2)cc1,False
CC(O)(c1ccc(C#N)cc1)c1ccc(C(F)(F)F)cc1,False
Cc1cc(C#CCC=O)c(N)cc1[N+](=O)[O-],False
CCCN(c1nc(C2CC2)n(-c2cc(C)c(OC)cc2Cl)n1)C(CC1CC1)c1ccc(F)cc1,False
O=Cc1cccc2c1CC2,False
CCOc1ccc(NC(=O)NCCCCN2CCC(C(N)=O)CC2)cc1Cl,False
CC1CCc2ccccc2N1C1CCC(NNC(=O)OC(C)(C)C)CC1,False
CCNNOC=O,False
Clc1ccc(I)c(Oc2cccc3ccccc23)c1,True
O=C1CC2CC3(CCCCC3)CC(O2)c2ccccc2OCCCCO1,False
C=CCNS(=O)(=O)c1cccc(C(=O)NC2CCNCC2C)c1.Cl,False
CCOCCN(C)Cc1ccc(C#CCO)cc1F,False
O=CNc1ncnc2c1C=CCC2,False
C=O.CC(=O)O.CCCC(=O)O.NC(N)=O,False
CC(C)Cc1c(C=O)nnn1-c1cccc(Cl)c1,False
CCCn1cccc1CNC(C)Cc1ccsc1,False
C=CCN(CCO)S(=O)(=O)c1c(N)ccc(C)c1C,True
Cc1ccc(CN2CCc3nc(C(=O)Nc4ccc(Cl)cc4)oc3CC2)cc1,False
CC(C)N1CCC(Cc2nc(C=O)co2)C1,False
Cc1ccc(C)c(OCCC(=O)N2C3CCNCC2CC3)c1.Cl,False
C=CCn1c(SC(C)C(=O)Nc2ccc(OC)c(OC)c2)nc2ccccc21,False
CCn1cc(S(=O)(=O)N2CC(CN)C(c3ccccc3)C2)cn1.Cl,True
C=C1C(C)CCCC1(C)CCC=O,False
CC=CC(=O)N1CCN2CCCC2C1,False
CC.CNN=C(CC(=O)OCc1ccccc1)c1c(C=O)n(C)c2cc(Cl)ccc12,False
CCc1cccnc1-c1nn(C(C)C2CC2)cc1C=O,False
CCCNC(CCC)=C(C=O)c1cc(C(C)=O)ccc1N,False
c1cc(C2NCCOC23CCCCC3)cs1,True
CCCNC(=NCC(=O)N(C)C)N1CCC(NC(=O)OC(C)(C)C)C1,False
CCOC(=O)N1CCc2c(sc(NC(=O)c3ccc(S(=O)(=O)N(CC)Cc4ccccc4)cc3)c2C(=O)NC)C1,False
Cc1nn(Cc2ccccc2Cl)c2nc(-c3cccs3)cc(C(F)(F)F)c12,False
CCC(CC)c1ccc(NCc2ccc(-c3cccc(CSC(C)C(=O)O)n3)cc2)c(C(C)C)c1,False
CCCc1nc(Br)cc(-c2ccc(F)c(F)c2F)n1,False
CC=C(C)C(=O)OC1CCC2Cc3occ(C)c3C3OC(=O)C1C23C,False
CCOc1cc(Cl)cc2scc(Cl)c12,True
CNC1CCN(c2nc(-c3ccccc3F)c3ccccc3n2)C1.Cl,False
CCCn1c(=N)c(C(=O)NCc2ccco2)cc2c(=O)n3cccc(C)c3nc21,False
c1ccc(-n2c3ccccc3c3ccc(-c4nc5ccccc5nc4-n4c5cccc6c5c5c(cccc54)-c4cccc5cccc-6c45)cc32)cc1,False
C=Cc1ccccc1N(C(=CC)CC)S(=O)(=O)c1ccc(C)cc1,True
CCCNC(c1ncc(C)cn1)c1cc(F)ccc1Cl,False
COc1ccc(CN(C(=O)NCCC(=O)O)C2CCCCC2C)cc1OC,False
CC(C)(C)OC(=O)NC(=Nc1ccc(C(=O)Oc2ccc(C=O)cc2)cc1)NC(=O)OC(C)(C)C,False
CC=Cc1cccc2c1OC(CC)C(=O)N2C(=O)c1ccc(OC)cc1,False
C1COCCN1.CCCCOCCCN1C(=CC(=O)OC)Nc2ccccc2S1(=O)=O.CCOC(=O)C=C1Nc2ccccc2S(=O)(=O)N1C.CNc1ccc(C(C)C)cc1Cl.COc1ccccc1N.NC1CCCCC1.NCCCN1CCOCC1,False
O=C1CCCc2c1cc1c3c(cccc23)C(=O)N1,False
CCCNCC(=O)N(CCOC)CC(=O)O,False
CCOc1cc(C=O)cc(CSc2ccccc2)c1OC,False
COCCC1(CNC(=NCC(=O)N(C)C)NCCCN(C)c2ccccc2)CCCC1,False
COc1ccccc1C1C2=C(N=c3sc(=Cc4cccc(OCC(=O)O)c4)c(=O)n31)c1ccc(OCc3ccccc3)cc1CC2,False
Nc1ccccc1CS(=O)(=O)Nc1cccnc1Cl,True
CC=CC(C)c1ccccc1NCC(=O)OCC,False
CC(OC(C)(C)C)C(C=O)NC(=O)OCc1ccccc1.CC1CCCCC1.CNCC(=O)NC(C=O)CC1CCNC1=O.COC,False
NCC(=O)OCCC=O,False
CCOC(=O)c1cn(-c2ccccc2C2CCNCC2C#N)cn1,False
O=Cc1ccc(CC(=O)CCl)cc1C(O)C(=O)O,False
N#CCCCc1[nH]nc2ccccc12,False
Cc1cc(S(=O)(=O)Nc2nnns2)ccc1N,True
CCC(=O)Oc1ccc(OC(=O)C2C=CC(C3CCCCC3)=CC2)cc1,False
C=S(C)(=O)Nc1ccc(-c2cnn(-c3ccnc(CCC)c3)c2)cc1.CCCc1cc(-n2cc(-c3ccc(NC(C)C)cc3)cn2)ccn1.CCCc1cc(-n2cc(-c3ccc(NS(=O)(=O)C(C)C)cc3)cn2)ccn1.CCCc1cc(-n2cc(-c3ccc(NS(=O)(=O)C4CC4)cc3)cn2)ccn1.CCCc1cc(-n2cc(-c3ccc(NS(=O)(=O)CC4CC4)cc3)cn2)ccn1,True
COC(=O)C1(C)CCCC2(C)C3CCC4(C)CC(=O)CC3(CCC12)C4,False
Cc1ccc(NC2CCCCC2N)o1,True
Clc1ccc(-c2nc(CSc3nc(CN4CCOCC4)nc4ccccc34)cs2)cc1,True
COc1cc(NC(=O)C(C)C)c(C(=O)N(C)C)cc1OC,False
CN(C)CC1CCN(C(=O)C(C)(C)C(=O)O)CC1,False
CC1(C(F)(F)F)CC(N)c2ccccc2O1,False
CCCCc1ccc(CNCC(=O)N2CCN(c3ncccc3C#N)C(C)C2)cc1,False
C=C(C(CNC)=NC)C(C)C.CC.O=Cc1cccc2oc(N3CCNCC3)nc12,False
O=C(O)N1CCN(Cc2cccnc2Nc2cc(Cl)cc(Cl)c2)CC1,False
C.C#CC.C#Cc1ccc(C(=O)OC)c(CC(=O)c2sc3ccccc3c2Cl)c1.COC(=O)c1ccc(-c2cn(-c3ccc(Cl)cc3)nn2)cc1CC(=O)c1sc2ccccc2c1Cl.COC(=O)c1ccc(Br)cc1CC(=O)c1sc2ccccc2c1Cl.COC(=O)c1ccc(C#C[Si](C)(C)C)cc1CC(=O)c1sc2ccccc2c1Cl.NN=NN=N[N-]O.O=C(O)c1ccc(-c2cn(-c3ccc(Cl)cc3)nn2)cc1CC(=O)c1sc2ccccc2c1Cl.O=CO[O-].[K+].[K+].[N-]=[N+]=Nc1ccc(Cl)cc1.[Na+],False
COC1C(OC(=O)N2CC(O)C2)CCC2(CO2)C1C1(C)OC1C=CC(C)C,False
CCC(=O)N1CCSC1COc1ccccc1OC,False
CNC(C)C(=O)NC(C(=O)N1CCCC1C(=O)NC(CNC(=O)C1CCCC(C(=O)NCC(NC)C2CCCCC2)C1)C1CCCCC1)C(C)(C)C,False
O=Cc1ccccc1-c1ccc(OCCC2CCCC2)cc1,False
CCC(C)O.CCCCCCCC1OC(CC)CC(CC2CC(CC(C)O)OC(CCCCCCCCCCOc3ccc(OC(C)C(=O)OCCCC)cc3N=Nc3ccc(OCC)cc3)O2)O1.CCCCCCCC=O.CCCCOC(=O)C(C)Oc1ccc(OCCCCCCCCCCC(OCC)OCC)c(N=Nc2ccc(OCC)cc2)c1,False
c1ccc(-c2ccc3sc4c(-c5ccc6c(c5)c5cc(-c7cc(-c8ccccc8)cc8c7sc7ccc(-c9ccccc9)cc78)ccc5n6-c5cccc(-c6c7ccccc7c(-c7ccccc7)c7ccccc67)c5)cc(-c5ccccc5)cc4c3c2)cc1,False
CC=CCC(NC(=O)CCc1cc(OC)ccc1OC)C(=O)O,False
O=CCCC(=O)NN1CCCCC1,False
C=CC1CCC2C3CC=C4CCC(O)CC4(C)C3CCC12C,True
NC(C=O)(Cc1cnc[nH]1)CN1CCCC1,False
CC(C)CC=O.Nc1cccnc1,False
O=[N+]([O-])c1ccc(OCC[N+]23CN4CN(CN(C4)C2)C3)cc1.[Br-],True
COc1c(O)cc(C(C)(C)C)cc1C(C)CN,True
Cc1cc(SCc2cccc(NN)n2)n(C)n1,False
Cc1cccc(OC(C)C(=O)NNC(=O)c2ccc(C=O)cc2)c1C,False
Cc1c[n+]([O-])c(C(C)C(C)S(N)(=O)=O)cn1,True
C#CS(=O)(=O)CCOC(=O)ONC(=O)CCC=O,False
ClCCc1nnc(Nc2cc(Cl)cc(Cl)c2)o1,True
COC(OC)C(C)Nc1cc(C)c(O)cc1C,True
CC=C1C(=O)OCC1C=C1CCC1,False
Cc1nc(NCc2ccc3c(c2)N(c2ccccc2)CCC3)ccc1CCC=O,False
CN(C(=O)O)S(=O)(=O)c1ccc(NC=O)cc1,False
Cc1ccc(-c2cc(Nc3ccnc4cc(-c5cnn(CCN(C)C)c5)ccc34)ccn2)cc1,False
CCc1nc(CCNC(=O)NCC(C)(O)c2ccco2)sc1C,False
C=CC(=O)OCCCCCCOC=CC=CC(C)C=CC,False
CC(=O)c1ccc(-c2cccc(-c3cccc(O)c3)c2)s1,False
COC(=O)C1CC(=O)N(C(CCCCN)C(=O)O)C1,False
CN(CCO[Si](c1ccccc1)(c1ccccc1)C(C)(C)C)c1ccc(C=O)cc1,False
CC1CCCCC1NC(=O)CN1CCCC(CC(=O)O)C1,False
Cc1nc2cc(C(N)C3OC3(C)CCCC(C)C(O)C(C)C(=O)C(C)(C)C(O)CC=O)ccc2s1,False
COC(=O)c1coc(COc2ccc(-c3noc(C4CCCCC4)n3)cc2OC)n1,False
COc1cccc(C(C=O)C(C)C)c1O,False
CNCC1CCN(S(=O)(=O)c2ccc(C(=O)N(C)C)cc2)CC1.Cl,False
C#CCNC(=O)c1ccccc1-c1ccc(C=O)o1,False
CC(C)C.CC(C)C(=O)Nc1nnc(C2CC3(CC(c4nnc(NC=O)s4)C3)C2)s1,False
CCCCCCCCCCCCCC(=O)CCCCC[B]C=O,False
CN(CC(=N)N)Cc1ccccc1Cl,False
O=C(NC1CCN(C(=O)C=Cc2ccc(S(=O)(=O)N3CCCCCC3)cc2)CC1)c1ccccc1,False
O=Cc1cccc2ccn(Cc3ccc(Cl)cc3)c12,False
C=C(CCC(N)C(=O)O)NC(CC(=CC)c1ccccc1C)C(O)=CC,False
CCOC(=O)C(C#N)=Cc1[nH]c(C=O)c(C)c1C,False
Cc1ccc(S(=O)(=O)Nc2c(F)ccc(C)c2F)c(N)c1,False
COc1ccc(Nc2cc(N3CC(F)CC3CO)ncn2)c(OC)c1,False
C=CC=C(C=C)C(=O)C(C=CC)=CCC,False
O=Cc1cc2c(CCl)ccc(I)c2s1,False
CCCCCC(=O)NCC(C)OC.CCCCCC(=O)OC(=O)CCCCC.COC(C)CN,False
CCNC(=NCc1ccc(C(=O)N2CC(C)OC(C)C2)cc1)NCc1ncc(CC)s1,False
Nc1ccccc1Oc1nc(N2CCOCC2)nc(N2CCOCC2)n1,True
COc1ccc(C=C2N=C(SCC(=O)NC(C)C)N(c3cccc(OC)c3)C2=O)cc1,False
CCOC.COc1cccc2sc(C=O)c(C=O)c12,False
CCC(=C(C)ON)c1cc2[nH]c(C)c(C(=O)O)c2cc1OC,False
CCC(CC)NC(c1nccs1)C1CC1,False
CC=CCC(C)CC1C(=O)NC(CC)C(=O)N(C)CC(=O)N(C)C(CC(C)C)C(=O)NC(C(C)C)C(=O)N(C)C(CC(C)C)C(=O)NC(C)C(=O)NC(C)C(=O)N(C)C(CC(C)C)C(=O)N(C)C(CC(C)C)C(=O)N(C)C(C)C(=O)N1C,False
CN=C(NC(C)c1cccc(C(F)(F)F)c1)NC1C2CCOC2C1(C)C.I,False
OCC(F)(F)CNC(c1ccccc1)c1ccccn1,False
CCCCNC(=O)C1CCC(C)N(C(=O)C2CCNC(C)C2)C1.Cl,False
CCCn1cc(C(C(=O)O)N(C=O)C2CC2)cn1,False
CCS(=O)(=O)N1CCC2CCNC2C1,True
CC(C)(C)OC(=O)CC1CC=CC(=O)C1,False
Cc1cccc2c1NCC1(CC1)CN2C,False
Cc1cc(C)n2nc(C(=O)N3CCC(C4Nc5ccccc5S(=O)(=O)N4)CC3)cc2n1,False
CCC(C(=O)O)S(=O)(=O)C(C)C(=O)c1ccccc1,False
NC(=NCC(F)(F)F)Nc1ccnc(OCCCc2ccccn2)n1,False
CC(C)(Oc1ccc(Cl)cc1)C(=O)Nc1nnc(C2CC2)s1,False
C=CC(NC)c1ncccc1CC,False
CCCCCCCCCCCSc1ccc(-c2ccc(OCCCCC)cc2)cc1.CCCCCCCCCCSc1ccc(-c2ccc(OCCCCC)cc2)cc1,True
Cc1csc(NC(=O)CCC(C)CCN)n1,False
CCCn1nnnc1COC(=O)c1cccc(S(=O)(=O)N2CCCC2)c1,False
CC=CCOC(=O)C(C)=CC,False
COc1ccc(S(=O)(=O)NCc2cc(C)nc(N3CCOCC3)n2)cc1,True
COc1ccc(-c2noc(C3(OC)CCCCC3)n2)cc1,True
Cc1ccnc(-c2cc(-c3ccc(-c4ccc(-c5ccc6c(c5)C(C)(C)c5ccccc5-6)s4)s3)ccn2)c1.N#C[S-].O=COc1ccnc(-c2cc(C(=O)O)ccn2)c1.[N-]=C=S.[Ru+2],False
CCCCOc1cccc(CNNc2ccccc2)c1,True
COc1ccccc1-n1nnnc1SCC(=O)N(CCC#N)CCC#N,False
CC1(C)OCC(CCC=O)O1,False
CNS(=O)(=O)c1ccc(Nc2nc(N)c(N=O)c(OCC3CCCCC3)n2)cc1,True
CSc1ncc(CN2CCc3c([nH]c4ccccc34)C2c2cccc(O)c2)cn1,True
CCc1nc2c(Br)c3nsnc3c(Br)c2nc1CC,False
C=C1C2CCC3(CCC4C(C)(C(=O)OC)CCCC4(C)C3C2)C1O.C=C1CC23CCC1CC2C1(C)CCCC(C)(C(=O)OC)C1CC3.COC(=O)C1(C)CCCC2(C)C1CCC13CCC(CC21)C(CO)C3O.COC(=O)C1(C)CCCC2(C)C3CC4CCC3(C=C4C=O)CCC12.COC(=O)C1(C)CCCC2(C)C3CC4CCC3(C=C4CO)CCC12,False
O=CCC1CCN(c2ccc3c4c(cccc24)C(=O)N3C2CCC(=O)NC2=O)CC1,False
COc1cc(C=CC(=O)O)ccc1OC(=O)C(C)c1ccc(CC(C)C)cc1,False
CC(=NO)C(C)=NO.CC(=NO)C(C)=NO.CC(C)(C)C1CC[N-]CC1.[Co+2].[S-]c1ccccc1,True
CCCCCCCNCC(C)CCC,False
CS(=O)(=O)c1cc(-c2ccccc2)ccc1C=O,False
O=C(c1ccco1)c1cccc(Br)c1I,False
CCN(CC)CCOc1cccc2c1C(O)(Cc1ccc(OC(F)(F)F)cc1)c1ccccc1O2,False
CCC(CN)S(=O)(=O)NC1CCCC(C)CC1,True
Cc1cccc(C=O)c1OC1CCCCC1O,False
CCC(C)CCC=CC=CC(=O)NC(C(=O)NC1C(=O)NC(C(C)C)C(=O)NC(CCCCN)C(=O)NC(C(O)C(=O)O)C(=O)NC(CC(=O)O)C(=O)NCC(=O)NC(C(C)C(=O)OC(CC(=O)[O-])C[N+](C)(C)C)C(=O)NC(C(C)C)C(=O)N2CC(C)CC2C(=O)NC1C)C(C)C(=O)O,False
CC(C)c1ccc(C=O)cc1.O=Cc1ccc(-c2ccncc2)cc1.O=Cc1ccc(Cl)cc1.O=Cc1ccc2ccccc2c1.O=Cc1cccc(O)c1.O=Cc1cccc(OCc2ccccc2)c1.O=Cc1ccccc1Cl.O=Cc1ccco1,False
COc1cc(C2Oc3c(OC)cc(C=CC(=O)O)cc3C2CO)cc(OC)c1OC1OC(CO)C(O)C(O)C1O,False
Cc1cc(COc2ccc(NC=O)cc2)c2ccccc2n1,False
CN1C(=CC(=O)Nc2ccccc2)OCC1(C)C,False
CC(CC=O)CC=CCC(C)(C)C,False
CC=CCCNC(=O)NC1(C(=O)O)CCCC1,False
Cn1cc(-n2cc(C3=CC(Cl)=C(Cl)CC3)c3c(=O)n(CC=O)ccc32)cn1,False
CNCc1ccc(-c2c(OC)ccc3[nH]c(=O)c4sccc4c23)cc1Cl.Cl,False
Cc1cc(-c2nccn2C2CCCCC2)ccc1-n1c2ccc(C3CCCCC3)cc2c2cc(C3CCCCC3)ccc21,False
CC.CCC(=O)c1cccc(C=O)n1,False
OC1(CCCc2c[nH]c3ccccc23)CCC(c2ccccc2)(N2CCC2)CC1,True
CC(=O)NC(CSSCCC(=O)NCC#Cc1cn(C2CC(O)C(COP(=O)(O)OP(=O)(O)OP(=O)(O)O)O2)c(=O)[nH]c1=O)C(=O)NCCCCCC(=O)NC(CC(=O)O)C(C)=O.NC(CSSCCC(=O)NCC#Cc1cn(C2CC(O)C(COP(=O)(O)OP(=O)(O)OP(=O)(O)O)O2)c(=O)[nH]c1=O)C(=O)NCCCCCC(=O)NC(CC(=O)O)C(=O)O,False
CC(C)c1ccc(NS(=O)(=O)c2cccc(O)c2)cc1,True
CC1CC1c1ccc(C=CC(=O)N2CCCCC2CC(N)=O)o1,False
CC1(O)CC2(CCN(c3ccc(Cl)cn3)CC2)OCC1O,True
CCOC1CC(CCOC2CCCC2)C1,True
[O-][n+]1c(SC2CCCC2)cc(Cl)c2c1CCC2,True
CCOC(=O)c1ccc2c(c1)CC(O)C2NC,False
CCSCCCn1ncc(NC(C)C)cc1=O,False
CC(C)(CNC=O)CC(C)(C)CC(=O)NC(C)(C)C.CCC(C)C,False
CNC(c1ccc(C)c(Cl)c1)c1ccc2c(c1)OCCO2,True
CC(=O)OCc1ccccc1.CCc1cc(Nc2cccnc2OC)nc2c(C(=O)CCCC3(O)CC3)cnn12.CCc1cc(Nc2cccnc2OC)nc2c(C(=O)O)cnn12.CNc1cc(Nc2cccnc2OC)nc2c(C(=O)O)cnn12.COC(=O)CCN.COC(=O)CCNC(=O)OCc1ccccc1.COc1ncccc1Nc1cc(N(C)C(=O)OC(C)(C)C)n2ncc(C(=O)O)c2n1.NCCC1(O)CC1.NCCC1(O)CC1.O=C(CCCC1(O)CC1)OCc1ccccc1.O=C(CCCC1(O)CC1)OCc1ccccc1.O=CO[O-].[K+].[K+],False
Cc1nc2ccccc2n1C1CC2CCC(C1)N2CCC1(c2ccccc2)CCN(C(=O)C(C)(C)C)CC1.O=CO,False
Nc1nc(CO)c(CCl)cc1C(F)F,False
O=C(CSc1ncnc2scc(-c3ccc(Cl)cc3)c12)c1ccc(Cl)c(Cl)c1,False
CNC(=O)NC(=O)Nc1ccccc1CC(=O)NC1C(=O)N2C(C(=O)O)=C(CSc3nnnn3C)CSC12,False
CCCOC(CC(C(C)C)N(CCC)C(=O)C(CC(=O)C1CCCCN1C)C(C)CC)c1nc(C(=O)NC(Cc2ccc(OC(=O)N(C)CCN(C)C(=O)OCc3ccc(NC(=O)C(CCCNC(N)=O)NC(=O)C(N)C(C)C)cc3)cc2)CC(C)C(=O)O)cs1,False
C1CNCCN1.CCC.O=CNC1CCCCC1,False
N#CCCCCOc1ccc(Br)cc1Cl,True
CC=CCOC(=O)C1C(C)=NC(=O)NC1c1ccc(Cl)cc1,False
CC(C)(C)OC(=O)NC(Cc1ccc(O)c(O)c1)C(=O)OCCCCCCCCCCCBr,False
CCC(C)OCC(=O)N1CCC(C(=O)O)CC1,False
CCCCn1nc(C(=O)NN=Cc2c(O)ccc3ccccc23)c2ccccc2c1=O,False
CCCNCc1oc(COCC2CCOCC2)cc1C,True
CCC(Oc1ccc(C)c(C)c1)C(=O)N(C)C1CCCC1,False
CC(C)(C)OC(=O)N1CCOC(C(=O)c2ccccn2)C1,False
Cc1sc(Br)cc1-c1nn(CCS(C)(=O)=O)cc1C=O,False
COc1cccc(C2C3=C(N=c4sc(=Cc5cccc(OC)c5OC)c(=O)n42)c2ccccc2CC3)c1,False
COc1ccc(C(=O)C2CCN(C(C)c3nnc(-c4ccccc4)o3)CC2)cc1,False
COc1cccc(NC(=O)CC(C)NC2CCSc3ccccc32)c1,False
CC(C)c1nc(CN2CCCCC2C=O)cs1,False
CCCCC(NC(C)Cn1cccn1)C(=O)O,False
C=C1C(OC(C)=O)CC2C(C)(COC=O)C(OC(C)=O)CCC2(C)C1CC(Nc1ccc(C(=O)O)cc1)C1=CCOC1=O,False
COC(=O)CN1C(=O)SC(=Cc2c(C)n(C)c3ccccc23)C1=O,False
CCNCCC=C(C)Cc1cc(Cl)ccc1OC,True
CC#CCNS(=O)(=O)CC#N,True
CC(=O)OCC(C)CC(C(C)=O)=C1OC2CC3C4CCC5CC(OC(C)=O)CCC5(C)C4CC(=O)C3(C)C2C1(C)C(C)=O,False
CC(C)CO[Si](C)(C)Oc1cc(F)cc(F)c1,False
Cc1ccc(C)c(C(O)=C2C(=O)C(=O)N(c3cccc(Cl)c3C)C2c2ccco2)c1,False
CCc1cccc(C=Nc2ccccc2)c1O.[Cl][Ti][Cl],True
COCCOc1cccc(Cc2c(C)[nH][nH]c2=O)c1,False
CCCN1C(=O)NC(CC(=O)NCc2csc(N3CCCC3)n2)C1=O,False
Cc1nnc(NC(C)c2cccc(C(F)(F)C(C)(C)O)c2F)c2cc(N3CC(O)C3)c(C(F)(F)F)nc12,False
CCc1ccc(CC(C=O)c2cccc(Cl)c2)cc1,False
Cc1cc(C)n(Cc2cccc(NC(=O)NCCCO)c2)n1,False
CC(C)CC(C)N(Oc1cc2c(cc1C=O)c1ccncc1c(=O)n2C)C(=O)O,False
N#Cc1ccccc1C(=O)N1CCN(Cc2ccc(-c3noc(-c4ccccc4)n3)cc2)CC1,False
COc1cc(C)c(C(=O)CCS)cc1C(C)C,False
CCS(=O)(=O)N1CCC(C(=O)N2CCC(c3cc4ncccc4cn3)CC2)CC1,False
Cc1ccc(C(NN)c2ccccc2N)cc1,False
CC=C(C)C(=O)O[SiH3],False
CC.CC.CC=O.CCC.COC.Oc1ccccc1.Oc1ccccc1,False
CC(C)(C)OC(=O)NCC(=Cc1cc(C=O)cc(C=O)c1)B1OC(C)(C)C(C)(C)O1,False
CC(C)C(S)C(S)(S)C=O,False
COc1n[nH]c(NC(=O)c2ccc3c(c2)OCO3)n1,False
CC(F)(C(F)(F)F)C(F)(F)N(N)S(=O)(=O)c1ccc(OC(F)F)cc1,False
CCn1c(=O)sc2cc(S(=O)(=O)Nc3ccc(Cl)cc3C)ccc21,False
CCCCn1nc(C(=O)NNC(=O)Cc2nc3ccccc3n2C)ccc1=O,False
CCNc1cc(NC(C)CCN(C)C)ncn1,False
Nc1cccc(COc2cccnc2C=O)c1,False
CCN(C(=O)c1ccc(C)nc1C)C1CNC1,False
C=C(C)CC(O)C(C)(CO[Si](C)(C)C(C)(C)C)c1cnc(S(C)(=O)=O)nc1Cl,True
CC(C)[PH+](c1ccccc1B(c1ccccc1[PH+](C(C)C)C(C)C)c1ccccc1[PH+](C(C)C)C(C)C)C(C)C.[Co],False
CC(C)c1cccc(N2CC(O)C2)n1,True
Cc1cc(Cl)cc(C(=O)Nc2ccc(C=O)cc2)c1,False
CC(C)C(=O)N1CCC(Cc2cnc(-c3nccn3C)cn2)C1,False
CCC(C)N1C(N)=NCC1(C)CCc1ccccc1,False
C=C(CC)C(C=CC)=NC(=C)c1ccccc1C(=O)c1ccccc1.CC.CN1CCNC(=O)C1,False
C=C.C=C1C(=O)CCCC1C.CC=C(C)S(=O)C1=CC=CCC=CC1,False
CN(C)C(=O)N1CC(=O)NC(=O)C1(C)C,False
CCCc1ccc(C(=O)Oc2ccc(CCC(=O)Oc3ccc(OC(=O)CCc4ccc(OC(=O)c5ccc(CCC)cc5)cc4)c(C=O)c3)cc2)cc1,False
Cc1ccc(C=CC(=O)Oc2ccc(C=C3CCCC(=Cc4ccc(OC(=O)C=Cc5ccc(C)cc5)cc4)C3=O)cc2)cc1,False
CCc1cnc(N)c2ncncc12,False
CNCC1CCN(S(=O)(=O)NC2(C)CCCOC2)CC1,True
COC1CC(=O)C2(C)CCC3c4ccc(O)cc4CCC3C12,False
CNC(c1ccccc1C1CCC1)c1cccc(Br)c1F,False
NCc1cccc(Nc2nccc3ccc(O)cc23)c1,True
Cc1ccc(S(=O)(=O)N2CCN(c3ccc(Nc4cccc(C)n4)nn3)CC2)c(C)c1,True
CCC1(C(=O)O)CCCN(C(=O)CC2(N)CCCC2)C1,False
O=CCc1c(-c2ccccc2)c2cc(CN3CCN(c4ccccc4)CC3)c(Cl)cc2oc1=O,False
CCC=CCC=CCC=CCC=CCCCCC(=O)OC(COC(=O)CCCCCCCCCC=CCC=CCC=CCC)COP(=O)(O)OCC(O)COP(=O)(O)OCC(COC(=O)CCCCCCCC=CCCCCCCCC)OC(=O)CCCCCCCCCCCCC,False
Cc1cc(Oc2cc(Br)cnc2C#N)ccc1Br,True
CCC1=CC(Cl)(NC2CCC(C(C(=O)OC)C(=O)OC)CC2)N=CN1,False
Cc1ccc(C)c(-n2c(C)c(Br)c(C=NNC(=O)CSCc3ccccc3Cl)c2C)c1,False
CC(C)(C)c1cc(C=Nc2ccccc2C=O)c(O)c(C(C)(C)C)c1,False
Cc1ccc(C(C(=O)OC2CN3CCC2CC3)N2CCCCC2)cc1,False
CC(C)C1CCC(=CC=O)CC1,False
CC(=O)OCC1C(OC(C)=O)C(OC(C)=O)C2(O)C=CC1N2C(=O)OC(C)(C)C,False
CC(O)C(NC(=O)C(N)Cc1c[nH]c2ccccc12)C(=O)NC(CCCCN)C(=O)NC(CCCCN)C(=O)O,False
CCCC1OC1C(=O)NC(CO)C(=O)NC1C(=O)NC(Cc2c[nH]c3ccccc23)C(=O)NC(CC(=O)O)C(=O)NC(CC(=O)O)C(=O)NC(c2ccc(O)cc2)C(=O)NC(CC(=O)O)C(=O)NCC(=O)NC(C(O)CON)C(=O)NC(CCC(=O)O)C(=O)NC(=Cc2c[nH]c3ccccc23)C(=O)OC1C,False
CNCc1cn(CCc2cccs2)c2cc(Cl)ccc12,False
CCCCCCCCC1CCCC1CCCCCC=CO.[Na],True
O=CN1CCc2c([nH]c3ccc(Br)cc23)C1c1ccc(C(=O)N2CCN(CCO)CC2)cc1,False
COc1ccc(NC(=O)C(C#N)=c2sc(=Cc3ccc(OC)c(OC)c3)c(=O)n2-c2ccccc2)cc1,False
COc1c(C)c(C)c(C#N)c2c1C(=O)OCC2,False
COCCOC(=O)C1=C(C)N=c2sc(=Cc3cn(CC(=O)OC)c4ccccc34)c(=O)n2C1c1ccccc1OC,False
Cc1ccc(O)c2c1C13CCN(CC4CC4)C(C)C1(O)CCC(O)C3O2,True
C=C1NC(c2cc(S(=O)(=O)N3CCC(C(O)CONC)CC3)ccc2OCC)=Nc2c(CCC)cn(C)c21,True
CNc1nc(Nc2ccc(C#N)cc2F)nc(Oc2ccc3ccccc3c2Br)n1,False
C=CC(=CC=CN)c1cc(-n2cc(C(=O)N(C)C)cn2)c2nc(NC(=O)NCC)[nH]c2c1,False
Cc1ccc([NH+]=C(O)c2cc3ccccc3cc2O)c(C)c1,True
CCOC(=O)c1c(C)[nH]c(C=C2C(=O)Nc3ccc(CN)cc32)c1C,False
O=C(O)c1ccc2ncncc2c1C(=O)O,False
CSc1cc(N(C)CC2CCCNC2)ncn1,False
COC(=O)C(CCCCNC(=O)OCc1ccccc1)(c1ccccc1)N(C(=O)C(C)N)C(=O)C(N)(C=O)CCCCNS(=O)(=O)c1ccc(C)cc1,False
Cc1cc(Cl)ccc1C(NC(=O)Cc1ccc(O)c(NC(=O)c2cccnc2C)c1)c1ccccc1,False
CC(CCCC=O)Cc1ccccc1,False
CC(C)(C)C(c1ccc(C(F)(F)F)cc1F)N1CCNCC1.Cl,False
O=C(Nc1nc(CC(=O)N2CCN(C3CCCC3)CC2)cs1)c1ccccc1,False
COCCN(CCOC)C(C)(CN)CCOC,True
CCO[SiH](CCCCN)OCC,True
CCc1ccc(S(=O)(=O)C2(C(=O)NO)CCN(C(C)C)CC2)cc1,False
COC=O.COCC1CCCC2(C=C(c3c(C)cc(Cl)cc3Cl)C(=O)N2)C1,False
C=C(NC=CC)C(=O)CC1CCC(C)CC1,False
Cn1c(CC=O)c(N)c2c(S(=O)(=O)O)cc(C=O)cc21,False
CNCC(=O)N1CCC(N2CCC3(CCNC3=O)CC2)C1.O=Cc1ccc(Cl)c(Cl)c1,False
Cc1cccc(C=Nc2ccc(NC(=O)c3ccccc3)cc2)c1O,False
CNC(=O)C1(C)CCN(c2ncccc2C=O)C1,False
CC.CC=NN(C(C)=COCc1ccc(C(=O)OC)cc1C)C1=CC=C(C#N)CC(Cl)=C1,False
CCNC(C(=O)N1CCCC1C=O)C(C)C,False
CC(=O)C(CC1CCNC1=O)NC(=O)C(CC(C)C)NC(=O)C(NC(=O)OCc1ccccc1)C(C)OC(C)(C)C.CC(=O)C=CC(CC1CCNC1=O)NC(=O)C(CC(C)C)NC(=O)C(NC(=O)OCc1ccccc1)C(C)OC(C)(C)C.CC(=O)N1CCC(=CC(CC2CCNC2=O)NC(=O)C(CC(C)C)NC(=O)C(NC(=O)OCc2ccccc2)C(C)OC(C)(C)C)C1=O.CC(C)CC(NC(=O)C(CNC(=O)C(C)(C)C)NC(=O)OCc1ccccc1)C(=O)NC(C=C1CCOC1=O)CC1CCNC1=O.CC(C)CC(NC(=O)C(NC(=O)OCc1ccccc1)C(C)OC(=O)C(C)(C)C)C(=O)NC(C=C1CCOC1=O)CC1CCNC1=O.CC(C)CC(NC(=O)C(NC(=O)OCc1ccccc1)C(C)OC(C)(C)C)C(=O)NC(C=C1CCCC1=O)CC1CCNC1=O.CC(C)CC(NC(=O)C(NC(=O)OCc1ccccc1)C(C)OC(C)(C)C)C(=O)NC(C=O)CC1CCNC1=O.COC(=O)C(CC1CCNC1=O)NC(=O)C(CC(C)C)NC(=O)C(NC(=O)OCc1ccccc1)C(C)OC(C)(C)C,False
Cc1c(F)cc(Br)c(NCC(O)CO)c1Br,False
C=CC[N+](C)(C)C(OC(C)C)C(=O)O,False
CCc1nn(C)c(Cl)c1C(=O)Nc1nc(-c2ccc(OC)cc2)ns1,False
CC=C(C)Nc1ccc(-c2nnc(SCC(=O)Nc3ccccc3)n2CC)nc1,False
CC12C=CC=CC1N(c1c3oc4cc(Nc5ccccc5C5=CCCC=C5)ccc4c3cc3oc4ccccc4c13)c1ccccc12,True
CCCN1CCOc2cc(CN3CCCC(OC)C3)cc(NC)c2N=C(C=O)c2cccc(c2)C(=O)N(S)CC1,False
C=CCCC(C)CC=C(C)C(=C)C(F)=CC(=C)C(=C)C=CC(=C)C(=C)C(F)=C(F)C(=C)C,False
CCCCN(Cc1ccccc1Br)C1CCS(=O)(=O)C1,True
N#CC(=CNCc1ccc(S(N)(=O)=O)cc1)C(=O)Nc1ccc(S(=O)(=O)O)cc1,True
CNCC(=O)N(C)Cc1csc2ccccc12.Cl,False
Cn1ccnc1CCC(O)c1cnn(-c2ccccc2)n1,True
CC(=O)NCCN(CC(=O)O)CC1CC1,False
COc1ccc(Br)cc1C(=O)NC(=Cc1cccc([N+](=O)[O-])c1)C(=O)Nc1ccc(Cl)c([N+](=O)[O-])c1,False
COCCNC(=O)c1csc(COc2ccccc2OC)n1,False
[C-]#[N+]C(=C1C(=C(C#N)c2nc(C)nc(C#N)n2)C1=C(C#N)c1nc(C#N)nc([N+]#[C-])n1)c1nc(C#N)nc([N+]#[C-])n1,False
O=Cc1cc(COc2ccccc2)ccc1O,False
CC(=O)CCc1ccc(OCC(=O)Nc2ccc3c(c2)OCO3)cc1,False
Cc1c(Cl)ncnc1-c1c(F)cccc1F,False
C1COCCSC2=C(SCCO1)SC(=C1SC3=C(SCCS3)S1)S2,True
NS(=O)(=O)c1ccc(CCNC(=O)c2ccc3c(c2)C(=O)N(Cc2ccco2)C3=O)cc1,False
Cl.Cl.Nc1ccccc1C(=O)N1CCN(C(=O)CN2CCOCC2)CC1,False
C1=CC2C=CC1c1ccccc12.Nc1ccc2ccc3ccccc3c2c1.O=Cc1ccc(-c2ccccc2)cc1,False
CCN(Cc1ccc(N(C)C)cc1)S(=O)(=O)c1ccccc1C#N,True
CC(=O)N(Cl)c1cc(C=O)ccc1O,False
CCC(=O)Nc1ccc(S(=O)(=O)Nc2ccc(C)c3c2CC=C3C#N)cc1,False
CCc1c(C=O)cc(-c2cc3ccccc3o2)c(O)c1Cl,False
CC=C1Sc2ccc(C(=O)NCCCN3CCCCC3CC)cc2N(Cc2ccccc2)C1=O,False
OC1(C2CCCCCC2)CCCC1,True
N#Cc1ccc(NC(=O)c2cccc(OCCc3ccc(C4COC4)cc3)c2)cc1,False
CCOC(=O)C1=C(C)N=c2sc(=Cc3c(C)[nH]c4ccccc34)c(=O)n2C1c1c(OC)ccc2ccc(OC)cc12,False
C=C(CNc1cc(C(=O)O)ccc1C)N(C)N1Cc2ccccc2C1.CCCNC(C)C.NC=O,False
CC.CC.CC.CC(=N)N.CNCC(C)(C(=O)O)N(C)c1c(C)c(Cc2ccccc2)nc(Oc2ccccc2)c1C,False
O=C1CCCOc2cc(Cl)ncc21,False
CCC(C)C1NC(=O)C(CSSCC2NC(=O)C(Cc3ccccc3)NC(=O)C3CCCN3C(=O)C3CCCN3C(=O)C(C(C)C)NC(=O)C(C(C)CC)NC2=O)NC(=O)C(Cc2ccccc2)NC(=O)C2CCCN2C(=O)C2CCCN2C(=O)C(C(C)C)NC1=O,False
C=CCOC(=O)C(C#N)=c1sc(=C=Cc2cnc3ccccc3c2)c(=O)n1CC,False
Cc1ccc(-c2nc(SCC(=O)c3ccc(Cl)cc3Cl)n[nH]2)cc1,False
CCC(CC(=O)O)NC(=O)CCC(=O)NC(CC(C)C)C(=O)NC(C=O)CCC[NH+]=C(N)N.CCC(CC(=O)O)OC(=O)CCC(=O)NC(CC(C)C)C(=O)NC(C=O)CCC[NH+]=C(N)N.[Cl-].[Cl-],False
COc1ccc(C)cc1NC(=O)C(C)OC(=O)C=Cc1ccc2c(c1)OCO2,False
C=CC(C)CC(C=C)C=O,False
C=CC=CC#CC#CC#CC=CC,False
OCC1CCCC(F)O1,False
CC(C)=CCNC(=O)c1csc(-c2cn(C3OC(CO)C(O)C3(C)O)c3ncnc(N)c23)c1,False
CCCCc1c(C)c(OC)nc2nc(C(=O)c3ccccc3)cn12,False
c1ccc2nc3scnc3cc2c1,False
CC=CCCNS(=O)(=O)c1ccc(C(=O)O)cn1,False
COC(=O)COc1c2c(cc3c1c1c(C(N)=O)cccc1n3Cc1ccccc1)CCCC2.COC(=O)COc1c2ccccc2cc2c1c1c(C(N)=O)cccc1n2Cc1ccccc1.NC(=O)c1cccc2c1c1c(O)c3ccccc3cc1n2Cc1ccccc1.NC(=O)c1cccc2c1c1c(OCC(=O)[O-])c3c(cc1n2Cc1ccccc1)CCCC3.NC(=O)c1cccc2c1c1c(OCC(=O)[O-])c3ccccc3cc1n2Cc1ccccc1.[Na+].[Na+],False
Cc1ccc(N(c2cccc3ccccc23)c2c3ccccc3c(-c3c4ccccc4c(N(c4ccc(C)cc4)c4cccc5ccccc45)c4ccccc34)c3ccccc23)cc1,False
Cc1ccnc2c(OC(=O)c3ccccc3)c(C=O)c(CN(C)CC3CC=CC3)cc12,False
CCOC(=O)c1sc(CC(=O)C(C#N)=Cc2cc(-c3ccccc3)n(-c3ccccc3)c2-c2ccccc2)c(C(=O)OCC)c1C,False
O=CC1=NNSC=C1,False
CCN1C(=N)C(=Cc2ccc(Oc3ccc(N)c4ccccc34)c(OC)c2)N(C)C1=O,False
Cc1cc(C)c(C)c(OCCCCCCN2CCNCC2)c1,True
CCOCC(=O)CC(O)CO,False
CC1CCCC(S(=O)(=O)CC(N)c2ccccc2)C1,True
Cn1ccc(-n2nc(C(F)(F)F)c(-c3ccc(F)s3)c2N)n1,False
CC=C(C)CCCC(C)(C)OCC.O=[N+]([O-])c1ccc(Oc2ccc([N+](=O)[O-])cc2)cc1,True
CCCCCCC(C)CCCCCN,False
CCOC(=O)N1CCC(c2cc(Cl)ccc2NC)=CC1c1cccc(C=O)c1,False
CC(=O)c1ncc(S(N)(=O)=O)s1.CC(C)(O)c1ncc(S(N)(=O)=O)s1,False
CC1(C)C(=O)C2C(C1O[Si](C)(C)C)C2(C)C,False
Cc1ccccc1NC(=O)COC(=O)CCC(=O)Nc1ccc(Oc2ccccc2C)cc1,False
CC=CCC(NC(=O)c1c[nH]c(=O)n(C)c1=O)C(=O)O,False
O=CCOCc1nc2ccccc2s1,False
C#CCOc1ccc2ccccc2c1C=C1SC(=Nc2ccccc2)NC1=O,False
COc1ccc(C2CC(c3ccccc3)C(N)C(=O)N2c2ccccc2)cc1,False
C=C(NC(C(=O)NO)C(C)O)c1ccc(-c2ccc(NC(=O)CNCc3cccc(OC)c3)cc2)cc1,False
C#CCOc1ccc(C=c2sc3n(c2=O)C(c2ccc(SC)cc2)C2=C(N=3)c3ccccc3CC2)cc1,False
Cc1ccc(C(=O)COC(=O)C2CC(=O)N(NC(=O)c3ccc(C)cc3)C2)cc1,False
COC1CC(=O)OC(C(C=C(C)I)O[Si](C(C)C)(C(C)C)C(C)C)C1,False
Fc1cncc(F)c1-c1ccc2nc(-c3ccc(Cl)cc3)c(CN3CCOCC3)n2c1,False
CCC(N)c1cc2cc(F)ccc2s1,False
COCCNc1nc(N)nc2ccccc12,True
COC(=O)C(CCCN1C(=O)c2ccccc2C1=O)NC(=O)c1cc(Cl)c(N(C=O)Cc2cnc3nc(N)nc(N)c3n2)c(Cl)c1,False
[C-]#[N+]c1c(-n2c3ccc(N4c5ccccc5Oc5ccccc54)cc3c3cc(N4c5ccccc5Oc5ccccc54)ccc32)c(C#N)c2c3c1-n1c4ccccc4c4cccc(c41)B3c1ccccc1N2c1ccccc1,True
CSS(C)(C)OB(OS(C)(C)SC)OS(C)(C)SC,True
C=C([O-])C(C)CC(C)C=O,False
COc1cc(C)ccc1S(=O)(=O)NC(=O)C1=C2Cn3c(cc4c(OC)ccc(C5CCCCC5)c43)C3C(=C21)C=CCC3C(=O)N1C2CCC1CN(C)C2,False
C=CC(=O)N1CCN(C)CC1CO,False
CC(Cn1cnc2c(N)ncnc21)OC(F)(F)C(F)(F)P(=O)(O)O.CC(Cn1cnc2c(N)ncnc21)OCP(=O)(O)O,False
O=CN(CC(CC1CCCC1)C(=O)N1CCCN1C(=O)c1ccco1)OCc1ccccc1,False
CC(C)(C)NC(=O)OCCCCc1nc2cnc3cc(OCc4ccccc4)ccc3c2n1CCOc1ccccc1,False
CCN(CC(=O)NCc1cccs1)C(=O)COc1ccc([N+](=O)[O-])c(C)c1,False
CNc1ccc(NSc2ccc(C(C)(C)C)cc2)cc1NC=O,False
CC(C)OCC(O)c1cc(Br)c2c(c1)OCCCO2,True
O=C1OC(C(O)CO)C([O-])=C1OP(=O)([O-])OP(=O)([O-])[O-].[Na+].[Na+].[Na+].[Na+],False
CC(=O)Oc1ccc(P(C)(OS(=O)(=O)c2ccc(C)cc2)(c2ccccc2)c2ccc(OC(C)=O)cc2)cc1,False
CC(C)(C)c1cccc(N2CN(c3cc(Oc4ccc5c6sc7ccc8ccccc8c7c6n(-c6cc(C(C)(C)C)ccn6)c5c4)cc(C(C)(C)C)c3)c3ccccc32)c1,True
Cc1cc(C)n(CC(=O)Nc2ccc(Br)cc2)c(=O)c1C#N,False
Cc1cc(-c2[nH]c3ccc(C4CCC(OC5CCNCC5)CC4)cc3c2C(C)C)ccn1,True
N#Cc1c(-c2coc3ccccc23)coc1N,True
CCOc1ccc2c(=O)c(C(=O)O)cn(CCOC=O)c2n1,False
CNCCc1c[nH]c2cccc(OC(=O)N3CCC(N4CCCCC4)CC3)c12,False
CCOC(=O)C1=C(COCCN)N(C)C(C)=C(C(=O)OC)C1C=Cc1ccccc1Cl,False
O=C(O)CCS(=O)(=O)NCCc1ccc2c(c1)OCCO2,False
CC(O)c1ccc(N(C)c2cccc(C#N)c2)cc1O,True
CC=O.[Cl-],True
CC=C(C)C(=O)OC1C=C2C3C(C)C(C)C(OC(=O)C(C)C(C)O)CC3(C)CCC2(C)C2(C)CC(OC(C)=O)C3C(C)(C)C(O)C(=O)CC3(C)C12,False
O=C(CCN1CCSC1=O)Nc1ccnn1Cc1ccc(Cl)cc1,False
CCc1cnc(CNC(=O)NC(C)(C)C)o1,False
Cc1ccc(C(C)Nc2nc(OC3CCN(C)CC3)nc3c(C(C)C)cnn23)cc1,True
CNC1CCCN(S(=O)(=O)c2c(Cl)cnn2C)C1,True
CC(=O)O.CC1CCOC1C(C)CC1CC(c2ccc3c(c2)OCO3)CN1CC=O.CCCON(C)CCC,False
C=[S-](=O)CCCNC,True
Cc1cc2nc(CCCN)n(CCC(C)C)c2cc1C,False
CC(O)CCN(C)C(=O)C1(N)CCCCC1,False
O=Cc1ccc(C(=O)OCCC=S(=O)=O)cc1,False
N#Cc1cc2ccsc2c(C=O)c1Cl,False
O=Cc1ccc(OCCc2ccc(Cl)cc2)c(OCc2ccccc2)c1,False
CCc1nn(C)c(COc2cc(C=O)ccc2OC)c1Cl,False
CCn1nc(CO)c2c1CCN(c1nccc(N3CCCC(O)C3)n1)C2,True
CC.CNC(=O)c1nc2cc(C)c(OCCOC)cc2n(CCCc2ccccc2)c1=NC=O,False
CCCCC(OP)Oc1cccc(C)c1,True
CNC(c1cncs1)c1nc(C(C)(C)C)cs1,False
Cc1cc2c(cc1C(C)C=O)OCO2,False
CNC(=O)c1c(-c2ccc(C)cc2)oc2cc3c(cc12)C(C)OC(CO)CN3S(C)(=O)=O.CNC(=O)c1c(-c2ccc(C)cc2)oc2cc3c(cc12)C(C)OC(COC(=O)C(C)N)CN3S(C)(=O)=O.CNC(=O)c1c(-c2ccc(C)cc2)oc2cc3c(cc12)C(C)OC(COC(=O)C(N)C(C)OC)CN3S(C)(=O)=O.CNC(=O)c1c(-c2ccc(C)cc2)oc2cc3c(cc12)C(C)OC(COC(=O)C(N)CC(C)C)CN3S(C)(=O)=O.CNC(=O)c1c(-c2ccc(C)cc2)oc2cc3c(cc12)C(C)OC(COC(=O)C(N)c1ccccc1)CN3S(C)(=O)=O.CNC(=O)c1c(-c2ccc(C)cc2)oc2cc3c(cc12)C(C)OC(COCC1COC(C)(C)O1)CN3S(C)(=O)=O,False
CC(C)(C)OC=O.CN(N)C1CC1,False
CC(C)(C)c1nc2sc3c(n2c1C=O)CCC(C(C)(C)C)C3,False
CCNCCc1ncc(-c2ccc([N+](=O)[O-])cc2)o1,True
O=[N+]([O-])c1cc(F)ccc1NC1CC2CCC(C1)N2,False
CCc1ccc(-c2[nH]c3ccccc3c2C=O)cc1,False
C=Cc1c2c(n(CCC(=O)N3CCC(NCCOCCOCCC(N)=O)CC3)c1C=CC)CN(C)N(C)C2,False
COC(=O)C(CC=O)C(OC(C)=O)C(=O)OC,False
C=CC(=O)N(C)c1cncc(-c2cnc3c(c2)c(-c2cccc(C#N)c2)cn3C(C)OC(C)=O)c1,False
Cc1cc(=O)oc2cc(OCC(=O)c3ccc4ccccc4c3)ccc12,False
CCCCCCCCCCOc1ccc(C(=O)Oc2ccc(-c3cc(-c4ccc(C#N)cc4)on3)cc2)cc1OCCCCCCCCCC,False
CCOCCCNC(=O)c1cc(C=O)c[nH]1,False
COc1c(I)cc(CC2NCCc3cc(O)c(N)cc32)cc1I.O=C(O)C(=O)O,False
CCC=CC=CC=CC=CC=CCCC(O)C(=O)NC(COC1OC(CO)C(O)C(O)C1OC(=O)CCCCCCCCCCCCCCCC=CCC=CCCCCC)C(O)C=CCCCCCCCCCCC,False
CCn1cnnc1CNC(=NC)NC1CCN(C(C)C)CC1.I,False
CCN(C(=O)C1Cc2ccccc2C(=O)O1)c1ccccc1,False
O=C(O)CC(CNC(=O)OCC1c2ccccc2-c2ccccc21)c1ccccc1,False
C=NN=C.CCSCN(C)CBr.COC(=O)C(Cc1ccccc1)NC=O.c1ccc2c(C3CC3)cccc2c1,False
Cc1ccc(N=NC(C#N)=NNc2ccccc2)c(NS(C)(=O)=O)c1,True
C#CCNCCN(Cc1ccccc1)C(C)C,False
COc1ccc(S(=O)(=O)c2c[nH]c(=S)[nH]c2=O)cc1Cl,True
N#Cc1ccc(CNc2c(Cl)cccc2Cl)c(F)c1,False
CCn1cc2ccc(C=C3C=Cc4c(C(=O)OC)c[n+](CC(=O)[O-])cc43)c-2c(C(=O)OC)c1.COC(=O)C1=C[NH+](CC(=O)[O-])C=C2C(C=C3C=C(C)c4c[n+](CC(=O)[O-])cc(C(=O)OC)c43)=CC(C=C3C=Cc4c(C=O)c[n+](CC(=O)[O-])cc43)=C12,False
COC(=C1C2CC3CC(C2)CC1C3)c1ccc(C=Cc2ccncc2)c(O)c1Cl.COC(=C1C2CC3CC(C2)CC1C3)c1ccc(C=O)c(O)c1Cl.COC1(C2=C(Cl)C(=O)C(=CC=C3C=CN(O)C=C3)C=C2)OOC12C1CC3CC(C1)CC2C3.COC1(c2ccc(C=Cc3ccncc3)c(O)c2Cl)OOC12C1CC3CC(C1)CC2C3.Cc1ccncc1,False
CC(C)COc1cccc(NS(=O)(=O)CCC(=O)O)c1,False
COC(=O)c1ccc(CSc2nc3c(cnn3-c3ccc(OC)cc3)c(=O)[nH]2)o1,False
CC(OC(=O)c1ccc([N+](=O)[O-])cc1Cl)C(=O)NC1CCCCC1C,False
C=C1C(=O)OC2CC3(C)C(O)CCC(C=O)C3C(O)C12,False
CC.COc1c(C=O)ccc(Cl)c1C,False
CC(C)CC(c1ccc2ccccc2n1)N1CCNCC1,False
Cc1cc(OC2CC2)cc(C=O)n1,False
CC=C(CCCn1ccc(-c2ccccc2N)c1I)CCC(=O)O,False
CN1Cc2c(c3ccccc3n2Cc2cccc(C=CC(=O)NO)c2)C(C(=O)N(C)C=O)C1,False
Cc1ccc(NC(F)(F)CF)c(C)c1O,False
CC(=O)Nc1ccccc1C(=O)O.CC(=O)OC(C)=O.Cc1nc2ccccc2c(=O)n1-c1cccc([N+](=O)[O-])c1.ClP(Cl)Cl.Nc1cccc([N+](=O)[O-])c1.Nc1ccccc1C(=O)O.O=Cc1ccc(O)cc1.O=c1c2ccccc2nc(C=Cc2ccc(O)cc2)n1-c1cccc([N+](=O)[O-])c1,False
CCCC(C)C(O)CNc1ccccc1C(=O)c1ccc(C(=O)O)cc1,False
Cc1cc(=O)n(C(=O)CSCC(NC=O)C(=O)O)o1,False
CCCCCCCCCCCCCCCCCCCCCCCCCCCCCCCC(O)C(COC1OC(CO)C(O)C(O)C1O)NC(=O)CCC,False
COc1ccc(CC(=O)O)cc1-c1ccc(C)cc1CN1C(=O)OC2Cc3ccccc3C21,False
Cc1cccc([N+](=O)[O-])c1Oc1cccc(Cl)c1C=O,False
Cc1ccc(CNS(=O)(=O)Cc2ccc(CO)cc2)s1,True
Cc1ccc(Cn2cc(C=O)c(-c3sccc3Br)n2)cc1,False
C=NC=CC(=CC)c1nc(Cc2ccccc2)c2c(n1)C1(C)C=C(C#N)C(=O)C(C)C1CC2,False
c1ccc(-c2ccc(-c3ccccc3-c3ccccc3)c(-c3nc(-c4ccccc4)nc(-c4cc(-c5ccccc5)ccc4-c4ccccc4-c4ccccc4)n3)c2)cc1,False
CNC(C)=CC(=O)Cc1ccc(CNC(=O)COCCCOC(=O)NCCCCCC=O)cc1,False
CC1(NS(N)(=O)=O)CCCCCC1,True
CC(=O)c1sc(N2C(=O)C(O)=C(C(=O)c3ccco3)C2c2cccc(OCCC(C)C)c2)nc1C,False
COc1nc2ccc(Br)cc2cc1C(c1ccc(N(C)C)nc1)C(O)(CCN(C)C)c1cccc(F)c1,False
CC=C(C)C=CC=C(C)C=CC1=C(C)CCCC1(C)C(=O)O,False
CC(C)(C)OC(=O)N1CCN(c2ccc3c(c2)N(C(=O)O)c2ccc(C(C)(C)C)c(C(C)(C)C)c2C3(C)C)CC1.CC(C)(C)OC(=O)N1CCN(c2ccc3c(c2)N(C(=O)OC(C)(C)C)c2ccc(C(C)(C)C)cc2C3(C)C)CC1,False
[CH-]=C(C)C(C)=[C-]C=O.[Y],False
COc1ccc2ccccc2c1Cn1cnc2sc3c(c2c1=O)CCC(NCCOC(C)C)C3,False
CCCCCCCC(=CC#N)C(=O)OC,False
CC(C)(C)OC=O.CCCCn1cccn1,False
CCCNCc1ccc(OC(C)C(=O)OCC)c(Br)c1,False
C=C(C)C(C=CC=CC(C)COCCCCNC)NC(=S)CC1=NC(C=O)CS1,False
COC(=O)c1ccc(C2(C3CCN(C(=O)N(C)c4ccc(OC)cc4)CC3)OCCO2)cc1,False
CC(O)(CO)CNC(=O)c1cn2ccccc2n1,False
CN(CCN1C(=O)c2ccccc2C1=O)Cc1ccc2ccccc2c1,False
CCOc1cc(C2C(C(=O)OCC(C)C)=C(C)N=c3sc(=Cc4ccc(OC)cc4)c(=O)n32)ccc1OC(C)=O,False
C=CCO.C=CCOC(CCC)OCC=C.CCCC=O,False
CC1(C)COC(=O)N1C1CCN(C(=O)CNC(=O)Cc2ccc3ccccc3c2)CC1,False
CSCc1ccc(C(=O)Nc2ccccc2OC(C)C)cc1,False
N=C(N)Cc1ccc(CCC(=O)N2CCC(Cc3ccccc3)CC2)cc1,False
CCOCCn1c(=NC(=O)c2cc3ccccc3o2)sc2cc(Br)ccc21,False
COc1cc(C=C2OC(=O)N(C)c3ccccc32)cc(OC)c1,False
Cc1cccc(CCC(C)NCC(C)(C)C#N)c1,False
CCC(C=O)C(=O)c1ccc(OC)cc1,False
NCc1ccc(C(=O)N2CCN3C(=O)CCC3C2)o1,False
C=C1CC(CCCCCCC)OC1=O,False
Cc1ccc(OCC2C[N+]3=C(N=C4C3C(=O)N(C)C(=O)N4C)O2)cc1C,False
O=S(=O)([O-])c1nccnc1Cl.[Na+],True
O=CNc1cc(Cl)ccc1CCc1ccc(Cl)cc1Br,False
CCCCCCc1ccc(C#CC#Cc2ccc(OCCCCCC(=O)O)cc2)cc1,False
COc1cccc(C2OC(c3ccc(OCCCO)cc3)=NC2(CC=Cc2ccccc2)C(=O)NCCc2ccc(Cl)cc2Cl)c1,False
COCCn1cnc2ccc(Sc3ncc(N4CCC5(CC4)Cc4scnc4C5N)nc3N)c(Cl)c2c1=O,False
CC=CC(=O)N1C(C)(C)CC(c2ccc(C(=O)[O-])c(C(=O)[O-])c2C2CC(C)(C)N(C(=O)C=CC)C(C)(C)C2)CC1(C)C,False
C=CCOC(=O)c1cc(COC(=O)N(C)CCCCCCOc2ccc3c4c([nH]c3c2)S(=O)CC2NC(=O)CNC(=O)C(C(C)CC)NC(=O)CNC(=O)C(C4)NC(=O)C(C(C)C(O)CO)NC(=O)C3CC(O)CN3C(=O)C(CC(N)=O)NC2=O)ccc1OC1OC(C(=O)OC)C(OC(C)=O)C(OC(C)=O)C1OC(C)=O,False
CC(C)(CCC(=O)O)NC(=O)c1cccc(OC2CCCC2)c1,False
C=C(C)N1CCC1CC,False
C#CCNCC(=O)NCCSCC=C,False
CS(=O)(=O)N1CCCC(CNC(CCCO)c2ccccc2)C1,True
CC(O)CN1CCN(C=O)CCN(CC(C)O)CC1,False
COCC(=O)Oc1ccc([N+](=O)[O-])c(Cl)c1,False
O=C1C=NC(C(=O)O)=CC1,False
CCOc1c(OC)cc(NS(=O)(=O)C(F)(F)F)c2c3ccccc3n(Cc3ccccc3)c12,False
C1=CC2=C(C=C(c3cc4ccccc4o3)C2)C(c2ccccc2)C=C1,True
Cc1cc2ccccc2n1C1CC(=O)CCN1c1noc2ccccc12,False
C=C(C(=O)NCCC)C(NC=O)NC=O,False
NNc1snnc1CN1CC(=O)N2CCCC2C1=O,False
CCC(C)c1ccc(C(C)c2ccc(OC(=O)c3ccc(Oc4ccc(C(=O)OC(C)(C)CC)cc4)cc3)c(C)c2)cc1C,False
CCCNC(=O)C1c2ccccc2C(=O)N(CC(C)C)C12CCCCC2,False
CCc1ccc(OCCNC(=O)N2CCN(C(C)=O)CC2)cc1,False
